Using pre-set license
Built from '6000.0/release' branch; Version is '6000.0.29f1 (9fafe5c9db65) revision 10465253'; Using compiler version '193933523'; Build Type 'Release'
OS: 'Windows 11  (10.0.26100) 64bit CoreSingleLanguage' Language: 'pt' Physical Memory: 7916 MB
BatchMode: 1, IsHumanControllingUs: 0, StartBugReporterOnCrash: 0, Is64bit: 1, IsPro: 1

COMMAND LINE ARGUMENTS:
C:\Program Files\Unity 6000.0.29f1\Editor\Unity.exe
-adb2
-batchMode
-noUpm
-name
AssetImportWorker4
-projectPath
C:/Users/joser/OneDrive/Área de Trabalho/PROJETO/mermas-digitais-o-jogo-dev  -[2025_08_28]/mermas-digitais-o-jogo-dev/Mermãs Digitais O Jogo
-logFile
Logs/AssetImportWorker4.log
-srvPort
51128
-job-worker-count
5
-background-job-worker-count
8
-asset-garbage-collectors
1
Successfully changed project path to: C:/Users/joser/OneDrive/Área de Trabalho/PROJETO/mermas-digitais-o-jogo-dev  -[2025_08_28]/mermas-digitais-o-jogo-dev/Mermãs Digitais O Jogo
C:/Users/joser/OneDrive/Área de Trabalho/PROJETO/mermas-digitais-o-jogo-dev  -[2025_08_28]/mermas-digitais-o-jogo-dev/Mermãs Digitais O Jogo
[UnityMemory] Configuration Parameters - Can be set up in boot.config
    "memorysetup-bucket-allocator-granularity=16"
    "memorysetup-bucket-allocator-bucket-count=8"
    "memorysetup-bucket-allocator-block-size=33554432"
    "memorysetup-bucket-allocator-block-count=8"
    "memorysetup-main-allocator-block-size=16777216"
    "memorysetup-thread-allocator-block-size=16777216"
    "memorysetup-gfx-main-allocator-block-size=16777216"
    "memorysetup-gfx-thread-allocator-block-size=16777216"
    "memorysetup-cache-allocator-block-size=4194304"
    "memorysetup-typetree-allocator-block-size=2097152"
    "memorysetup-profiler-bucket-allocator-granularity=16"
    "memorysetup-profiler-bucket-allocator-bucket-count=8"
    "memorysetup-profiler-bucket-allocator-block-size=33554432"
    "memorysetup-profiler-bucket-allocator-block-count=8"
    "memorysetup-profiler-allocator-block-size=16777216"
    "memorysetup-profiler-editor-allocator-block-size=1048576"
    "memorysetup-temp-allocator-size-main=16777216"
    "memorysetup-job-temp-allocator-block-size=2097152"
    "memorysetup-job-temp-allocator-block-size-background=1048576"
    "memorysetup-job-temp-allocator-reduction-small-platforms=262144"
    "memorysetup-allocator-temp-initial-block-size-main=262144"
    "memorysetup-allocator-temp-initial-block-size-worker=262144"
    "memorysetup-temp-allocator-size-background-worker=32768"
    "memorysetup-temp-allocator-size-job-worker=262144"
    "memorysetup-temp-allocator-size-preload-manager=33554432"
    "memorysetup-temp-allocator-size-nav-mesh-worker=65536"
    "memorysetup-temp-allocator-size-audio-worker=65536"
    "memorysetup-temp-allocator-size-cloud-worker=32768"
    "memorysetup-temp-allocator-size-gi-baking-worker=262144"
    "memorysetup-temp-allocator-size-gi-baking-worker=262144"
    "memorysetup-temp-allocator-size-gi-baking-worker=262144"
    "memorysetup-temp-allocator-size-gi-baking-worker=262144"
    "memorysetup-temp-allocator-size-gi-baking-worker=262144"
    "memorysetup-temp-allocator-size-gfx=262144"
Player connection [2460]  Target information:

Player connection [2460]  * "[IP] 172.29.160.1 [Port] 0 [Flags] 2 [Guid] 3693224270 [EditorId] 3693224270 [Version] 1048832 [Id] WindowsEditor(7,Junior) [Debug] 1 [PackageName] WindowsEditor [ProjectName] Editor" 

Player connection [2460]  * "[IP] 10.0.0.196 [Port] 0 [Flags] 2 [Guid] 3693224270 [EditorId] 3693224270 [Version] 1048832 [Id] WindowsEditor(7,Junior) [Debug] 1 [PackageName] WindowsEditor [ProjectName] Editor" 

Player connection [2460] Host joined multi-casting on [225.0.0.222:54997]...
Player connection [2460] Host joined alternative multi-casting on [225.0.0.222:34997]...
JobSystem: Creating JobQueue using job-worker-count value 5
[Physics::Module] Initialized fallback backend.
[Physics::Module] Id: 0xdecafbad
Library Redirect Path: Library/
[Physics::Module] Selected backend.
[Physics::Module] Name: PhysX
[Physics::Module] Id: 0xf2b8ea05
[Physics::Module] SDK Version: 4.1.2
[Physics::Module] Integration Version: 1.0.0
[Physics::Module] Threading Mode: Multi-Threaded
Refreshing native plugins compatible for Editor in 10.70 ms, found 4 plugins.
Preloading 0 native plugins for Editor in 0.00 ms.
Initialize engine version: 6000.0.29f1 (9fafe5c9db65)
[Subsystems] Discovering subsystems at path C:/Program Files/Unity 6000.0.29f1/Editor/Data/Resources/UnitySubsystems
[Subsystems] Discovering subsystems at path C:/Users/joser/OneDrive/Área de Trabalho/PROJETO/mermas-digitais-o-jogo-dev  -[2025_08_28]/mermas-digitais-o-jogo-dev/Mermãs Digitais O Jogo/Assets
GfxDevice: creating device client; kGfxThreadingModeNonThreaded
Direct3D:
    Version:  Direct3D 11.0 [level 11.1]
    Renderer: Intel(R) UHD Graphics (ID=0x4628)
    Vendor:   Intel
    VRAM:     3958 MB
    Driver:   32.0.101.6314
Initialize mono
Mono path[0] = 'C:/Program Files/Unity 6000.0.29f1/Editor/Data/Managed'
Mono path[1] = 'C:/Program Files/Unity 6000.0.29f1/Editor/Data/MonoBleedingEdge/lib/mono/unityjit-win32'
Mono config path = 'C:/Program Files/Unity 6000.0.29f1/Editor/Data/MonoBleedingEdge/etc'
Using monoOptions --debugger-agent=transport=dt_socket,embedding=1,server=y,suspend=n,address=127.0.0.1:56836
Begin MonoManager ReloadAssembly
Registering precompiled unity dll's ...
Register platform support module: C:/Program Files/Unity 6000.0.29f1/Editor/Data/PlaybackEngines/WindowsStandaloneSupport/UnityEditor.WindowsStandalone.Extensions.dll
Registered in 0.004888 seconds.
- Loaded All Assemblies, in  1.010 seconds
Native extension for WindowsStandalone target not found
Mono: successfully reloaded assembly
- Finished resetting the current domain, in  0.801 seconds
Domain Reload Profiling: 1806ms
	BeginReloadAssembly (472ms)
		ExecutionOrderSort (0ms)
		DisableScriptedObjects (0ms)
		BackupInstance (0ms)
		ReleaseScriptingObjects (0ms)
		CreateAndSetChildDomain (2ms)
	RebuildCommonClasses (79ms)
	RebuildNativeTypeToScriptingClass (22ms)
	initialDomainReloadingComplete (110ms)
	LoadAllAssembliesAndSetupDomain (322ms)
		LoadAssemblies (455ms)
		RebuildTransferFunctionScriptingTraits (0ms)
		AnalyzeDomain (316ms)
			TypeCache.Refresh (313ms)
				TypeCache.ScanAssembly (282ms)
			BuildScriptInfoCaches (0ms)
			ResolveRequiredComponents (1ms)
	FinalizeReload (802ms)
		ReleaseScriptCaches (0ms)
		RebuildScriptCaches (0ms)
		SetupLoadedEditorAssemblies (704ms)
			LogAssemblyErrors (0ms)
			InitializePlatformSupportModulesInManaged (60ms)
			SetLoadedEditorAssemblies (8ms)
			BeforeProcessingInitializeOnLoad (15ms)
			ProcessInitializeOnLoadAttributes (473ms)
			ProcessInitializeOnLoadMethodAttributes (142ms)
			AfterProcessingInitializeOnLoad (5ms)
			EditorAssembliesLoaded (0ms)
		ExecutionOrderSort2 (0ms)
		AwakeInstancesAfterBackupRestoration (0ms)
Assembly reference Packages/com.unity.cinemachine/Editor/Samples/ExposeHDRPInternals/HDRP-Editor-ref.asmref has no target assembly definition
========================================================================
Worker process is ready to serve import requests
Import Worker Mode flag is 0x00
Assembly reference Packages/com.unity.cinemachine/Editor/Samples/ExposeHDRPInternals/HDRP-Editor-ref.asmref has no target assembly definition
Assembly reference Packages/com.unity.cinemachine/Editor/Samples/ExposeHDRPInternals/HDRP-Editor-ref.asmref has no target assembly definition
Begin MonoManager ReloadAssembly
DirectoryNotFoundException: Could not find a part of the path "C:\Users\joser\OneDrive\Área de Trabalho\PROJETO\mermas-digitais-o-jogo-dev  -[2025_08_28]\mermas-digitais-o-jogo-dev\Mermãs Digitais O Jogo\Library\PackageCache\com.unity.visualscripting\Editor\VisualScripting.Core\Dependencies\YamlDotNet\Unity.VisualScripting.YamlDotNet.dll"
  at System.IO.FileStream..ctor (System.String path, System.IO.FileMode mode, System.IO.FileAccess access, System.IO.FileShare share, System.Int32 bufferSize, System.Boolean anonymous, System.IO.FileOptions options) [0x0019e] in <ed969b0e627d471da4848289f9c322df>:0 
  at System.IO.FileStream..ctor (System.String path, System.IO.FileMode mode, System.IO.FileAccess access, System.IO.FileShare share) [0x00000] in <ed969b0e627d471da4848289f9c322df>:0 
  at (wrapper remoting-invoke-with-check) System.IO.FileStream..ctor(string,System.IO.FileMode,System.IO.FileAccess,System.IO.FileShare)
  at Mono.Cecil.ModuleDefinition.GetFileStream (System.String fileName, System.IO.FileMode mode, System.IO.FileAccess access, System.IO.FileShare share) [0x00006] in <a6860a9f6366437387ebdc1f225b7fd4>:0 
  at Mono.Cecil.ModuleDefinition.ReadModule (System.String fileName, Mono.Cecil.ReaderParameters parameters) [0x00008] in <a6860a9f6366437387ebdc1f225b7fd4>:0 
  at Mono.Cecil.AssemblyDefinition.ReadAssembly (System.String fileName, Mono.Cecil.ReaderParameters parameters) [0x00000] in <a6860a9f6366437387ebdc1f225b7fd4>:0 
  at UnityEditor.AssemblyValidation.LoadAssemblyDefinitions (System.String[] assemblyPaths, System.String[] searchPaths) [0x00048] in <20f98a04ac634cc8bf5f95425bb19bb9>:0 
  at UnityEditor.AssemblyValidation.ValidateAssemblies (System.String[] assemblyPaths, System.Boolean enableLogging) [0x00007] in <20f98a04ac634cc8bf5f95425bb19bb9>:0 

- Loaded All Assemblies, in  1.790 seconds
Assembly reference Packages/com.unity.cinemachine/Editor/Samples/ExposeHDRPInternals/HDRP-Editor-ref.asmref has no target assembly definition
'Packages/com.unity.cinemachine/Editor/Obsolete/CinemachineVirtualCameraBaseEditor.cs' contains partial class of Unity.Object, exactly 1 of the partial classes needs to be in a file with the same filename. This is to know the one that can be referenced from ie. GameObjects
'Packages/com.unity.cinemachine/Editor/Editors/CinemachineVirtualCameraBaseEditor.cs' contains partial class of Unity.Object, exactly 1 of the partial classes needs to be in a file with the same filename. This is to know the one that can be referenced from ie. GameObjects
Refreshing native plugins compatible for Editor in 6.79 ms, found 4 plugins.
Native extension for WindowsStandalone target not found
Assembly reference Packages/com.unity.cinemachine/Editor/Samples/ExposeHDRPInternals/HDRP-Editor-ref.asmref has no target assembly definition
Package Manager log level set to [2]
[Package Manager] Failed to launch server process. Reason: Unity was launched with the -noUpm command-line argument
[Package Manager] Unable to send message (not connected to server process).
[Package Manager] Cannot connect to Unity Package Manager local server
Mono: successfully reloaded assembly
- Finished resetting the current domain, in  2.245 seconds
Domain Reload Profiling: 4022ms
	BeginReloadAssembly (394ms)
		ExecutionOrderSort (0ms)
		DisableScriptedObjects (14ms)
		BackupInstance (0ms)
		ReleaseScriptingObjects (0ms)
		CreateAndSetChildDomain (63ms)
	RebuildCommonClasses (75ms)
	RebuildNativeTypeToScriptingClass (22ms)
	initialDomainReloadingComplete (91ms)
	LoadAllAssembliesAndSetupDomain (1193ms)
		LoadAssemblies (668ms)
		RebuildTransferFunctionScriptingTraits (0ms)
		AnalyzeDomain (769ms)
			TypeCache.Refresh (495ms)
				TypeCache.ScanAssembly (458ms)
			BuildScriptInfoCaches (241ms)
			ResolveRequiredComponents (26ms)
	FinalizeReload (2246ms)
		ReleaseScriptCaches (0ms)
		RebuildScriptCaches (0ms)
		SetupLoadedEditorAssemblies (1944ms)
			LogAssemblyErrors (0ms)
			InitializePlatformSupportModulesInManaged (4ms)
			SetLoadedEditorAssemblies (10ms)
			BeforeProcessingInitializeOnLoad (179ms)
			ProcessInitializeOnLoadAttributes (1436ms)
			ProcessInitializeOnLoadMethodAttributes (286ms)
			AfterProcessingInitializeOnLoad (28ms)
			EditorAssembliesLoaded (1ms)
		ExecutionOrderSort2 (0ms)
		AwakeInstancesAfterBackupRestoration (14ms)
Launched and connected shader compiler UnityShaderCompiler.exe after 0.08 seconds
Refreshing native plugins compatible for Editor in 6.41 ms, found 4 plugins.
Preloading 0 native plugins for Editor in 0.00 ms.
Unloading 221 Unused Serialized files (Serialized files now loaded: 0)
Unloading 7034 unused Assets / (4.9 MB). Loaded Objects now: 7720.
Memory consumption went from 178.8 MB to 173.8 MB.
Total: 24.683000 ms (FindLiveObjects: 3.827900 ms CreateObjectMapping: 1.525200 ms MarkObjects: 12.120000 ms  DeleteObjects: 7.205900 ms)

========================================================================
Received Import Request.
  Time since last request: 839538.297330 seconds.
  path: Assets/Tilemap/Backgrounds/Sky 1.PNG
  artifactKey: Guid(6755f3fe06c7ac845869f0a4f45ac143) Importer(815301076,1909f56bfc062723c751e8b465ee728b)
Start importing Assets/Tilemap/Backgrounds/Sky 1.PNG using Guid(6755f3fe06c7ac845869f0a4f45ac143) Importer(815301076,1909f56bfc062723c751e8b465ee728b) (PreviewImporter) -> (artifact id: 'a64837a480c0adc3faa897f1a803ce12') in 0.5018666 seconds
Number of updated asset objects reloaded before import = 0Number of asset objects unloaded after import = 3

========================================================================
Received Import Request.
  Time since last request: 32.646450 seconds.
  path: Assets/Tilemap/Backgrounds/Sky Altered.PNG
  artifactKey: Guid(6755f3fe06c7ac845869f0a4f45ac143) Importer(815301076,1909f56bfc062723c751e8b465ee728b)
Start importing Assets/Tilemap/Backgrounds/Sky Altered.PNG using Guid(6755f3fe06c7ac845869f0a4f45ac143) Importer(815301076,1909f56bfc062723c751e8b465ee728b) (PreviewImporter) -> (artifact id: 'f561387e355a6a6e00b191a9ed5d44ea') in 0.0308108 seconds
Number of updated asset objects reloaded before import = 0Number of asset objects unloaded after import = 3

========================================================================
Received Import Request.
  Time since last request: 379.436861 seconds.
  path: Assets/Tilemap/Backgrounds/Sky Altered 2.PNG
  artifactKey: Guid(d53183e0217e2cf43a7aa3ba15a037c4) Importer(815301076,1909f56bfc062723c751e8b465ee728b)
Start importing Assets/Tilemap/Backgrounds/Sky Altered 2.PNG using Guid(d53183e0217e2cf43a7aa3ba15a037c4) Importer(815301076,1909f56bfc062723c751e8b465ee728b) (PreviewImporter) -> (artifact id: '8ad058448878e6243f951848d8cb1d02') in 0.155479 seconds
Number of updated asset objects reloaded before import = 0Number of asset objects unloaded after import = 3

========================================================================
Received Prepare
'Packages/com.unity.cinemachine/Editor/Obsolete/CinemachineVirtualCameraBaseEditor.cs' contains partial class of Unity.Object, exactly 1 of the partial classes needs to be in a file with the same filename. This is to know the one that can be referenced from ie. GameObjects
'Packages/com.unity.cinemachine/Editor/Editors/CinemachineVirtualCameraBaseEditor.cs' contains partial class of Unity.Object, exactly 1 of the partial classes needs to be in a file with the same filename. This is to know the one that can be referenced from ie. GameObjects
Refreshing native plugins compatible for Editor in 7.64 ms, found 4 plugins.
Preloading 0 native plugins for Editor in 0.00 ms.
Unloading 14 Unused Serialized files (Serialized files now loaded: 0)
Unloading 7021 unused Assets / (4.8 MB). Loaded Objects now: 7729.
Memory consumption went from 148.3 MB to 143.5 MB.
Total: 199.233300 ms (FindLiveObjects: 4.295500 ms CreateObjectMapping: 1.842700 ms MarkObjects: 184.628400 ms  DeleteObjects: 8.460100 ms)

Prepare: number of updated asset objects reloaded= 0
========================================================================
Received Prepare
Assembly reference Packages/com.unity.cinemachine/Editor/Samples/ExposeHDRPInternals/HDRP-Editor-ref.asmref has no target assembly definition
Assembly reference Packages/com.unity.cinemachine/Editor/Samples/ExposeHDRPInternals/HDRP-Editor-ref.asmref has no target assembly definition
Begin MonoManager ReloadAssembly
DirectoryNotFoundException: Could not find a part of the path "C:\Users\joser\OneDrive\Área de Trabalho\PROJETO\mermas-digitais-o-jogo-dev  -[2025_08_28]\mermas-digitais-o-jogo-dev\Mermãs Digitais O Jogo\Library\PackageCache\com.unity.visualscripting\Editor\VisualScripting.Core\Dependencies\YamlDotNet\Unity.VisualScripting.YamlDotNet.dll"
  at System.IO.FileStream..ctor (System.String path, System.IO.FileMode mode, System.IO.FileAccess access, System.IO.FileShare share, System.Int32 bufferSize, System.Boolean anonymous, System.IO.FileOptions options) [0x0019e] in <ed969b0e627d471da4848289f9c322df>:0 
  at System.IO.FileStream..ctor (System.String path, System.IO.FileMode mode, System.IO.FileAccess access, System.IO.FileShare share) [0x00000] in <ed969b0e627d471da4848289f9c322df>:0 
  at (wrapper remoting-invoke-with-check) System.IO.FileStream..ctor(string,System.IO.FileMode,System.IO.FileAccess,System.IO.FileShare)
  at Mono.Cecil.ModuleDefinition.GetFileStream (System.String fileName, System.IO.FileMode mode, System.IO.FileAccess access, System.IO.FileShare share) [0x00006] in <a6860a9f6366437387ebdc1f225b7fd4>:0 
  at Mono.Cecil.ModuleDefinition.ReadModule (System.String fileName, Mono.Cecil.ReaderParameters parameters) [0x00008] in <a6860a9f6366437387ebdc1f225b7fd4>:0 
  at Mono.Cecil.AssemblyDefinition.ReadAssembly (System.String fileName, Mono.Cecil.ReaderParameters parameters) [0x00000] in <a6860a9f6366437387ebdc1f225b7fd4>:0 
  at UnityEditor.AssemblyValidation.LoadAssemblyDefinitions (System.String[] assemblyPaths, System.String[] searchPaths) [0x00048] in <20f98a04ac634cc8bf5f95425bb19bb9>:0 
  at UnityEditor.AssemblyValidation.ValidateAssemblies (System.String[] assemblyPaths, System.Boolean enableLogging) [0x00007] in <20f98a04ac634cc8bf5f95425bb19bb9>:0 

- Loaded All Assemblies, in  2.110 seconds
Assembly reference Packages/com.unity.cinemachine/Editor/Samples/ExposeHDRPInternals/HDRP-Editor-ref.asmref has no target assembly definition
'Packages/com.unity.cinemachine/Editor/Obsolete/CinemachineVirtualCameraBaseEditor.cs' contains partial class of Unity.Object, exactly 1 of the partial classes needs to be in a file with the same filename. This is to know the one that can be referenced from ie. GameObjects
'Packages/com.unity.cinemachine/Editor/Editors/CinemachineVirtualCameraBaseEditor.cs' contains partial class of Unity.Object, exactly 1 of the partial classes needs to be in a file with the same filename. This is to know the one that can be referenced from ie. GameObjects
Refreshing native plugins compatible for Editor in 9.64 ms, found 4 plugins.
Native extension for WindowsStandalone target not found
Assembly reference Packages/com.unity.cinemachine/Editor/Samples/ExposeHDRPInternals/HDRP-Editor-ref.asmref has no target assembly definition
[Package Manager] Failed to launch server process. Reason: Unity was launched with the -noUpm command-line argument
[Package Manager] Unable to send message (not connected to server process).
[Package Manager] Cannot connect to Unity Package Manager local server
Mono: successfully reloaded assembly
- Finished resetting the current domain, in  1.882 seconds
Domain Reload Profiling: 3996ms
	BeginReloadAssembly (751ms)
		ExecutionOrderSort (0ms)
		DisableScriptedObjects (92ms)
		BackupInstance (0ms)
		ReleaseScriptingObjects (1ms)
		CreateAndSetChildDomain (300ms)
	RebuildCommonClasses (50ms)
	RebuildNativeTypeToScriptingClass (15ms)
	initialDomainReloadingComplete (47ms)
	LoadAllAssembliesAndSetupDomain (1249ms)
		LoadAssemblies (669ms)
		RebuildTransferFunctionScriptingTraits (0ms)
		AnalyzeDomain (790ms)
			TypeCache.Refresh (53ms)
				TypeCache.ScanAssembly (2ms)
			BuildScriptInfoCaches (661ms)
			ResolveRequiredComponents (34ms)
	FinalizeReload (1883ms)
		ReleaseScriptCaches (0ms)
		RebuildScriptCaches (0ms)
		SetupLoadedEditorAssemblies (1442ms)
			LogAssemblyErrors (0ms)
			InitializePlatformSupportModulesInManaged (5ms)
			SetLoadedEditorAssemblies (9ms)
			BeforeProcessingInitializeOnLoad (161ms)
			ProcessInitializeOnLoadAttributes (1132ms)
			ProcessInitializeOnLoadMethodAttributes (117ms)
			AfterProcessingInitializeOnLoad (17ms)
			EditorAssembliesLoaded (1ms)
		ExecutionOrderSort2 (0ms)
		AwakeInstancesAfterBackupRestoration (24ms)
Refreshing native plugins compatible for Editor in 5.78 ms, found 4 plugins.
Preloading 0 native plugins for Editor in 0.00 ms.
Unloading 19 Unused Serialized files (Serialized files now loaded: 0)
Unloading 7032 unused Assets / (4.9 MB). Loaded Objects now: 7731.
Memory consumption went from 151.4 MB to 146.5 MB.
Total: 19.475400 ms (FindLiveObjects: 1.291100 ms CreateObjectMapping: 1.458600 ms MarkObjects: 9.400300 ms  DeleteObjects: 7.320900 ms)

Prepare: number of updated asset objects reloaded= 0
========================================================================
Received Prepare
Assembly reference Packages/com.unity.cinemachine/Editor/Samples/ExposeHDRPInternals/HDRP-Editor-ref.asmref has no target assembly definition
Assembly reference Packages/com.unity.cinemachine/Editor/Samples/ExposeHDRPInternals/HDRP-Editor-ref.asmref has no target assembly definition
Begin MonoManager ReloadAssembly
DirectoryNotFoundException: Could not find a part of the path "C:\Users\joser\OneDrive\Área de Trabalho\PROJETO\mermas-digitais-o-jogo-dev  -[2025_08_28]\mermas-digitais-o-jogo-dev\Mermãs Digitais O Jogo\Library\PackageCache\com.unity.visualscripting\Editor\VisualScripting.Core\Dependencies\YamlDotNet\Unity.VisualScripting.YamlDotNet.dll"
  at System.IO.FileStream..ctor (System.String path, System.IO.FileMode mode, System.IO.FileAccess access, System.IO.FileShare share, System.Int32 bufferSize, System.Boolean anonymous, System.IO.FileOptions options) [0x0019e] in <ed969b0e627d471da4848289f9c322df>:0 
  at System.IO.FileStream..ctor (System.String path, System.IO.FileMode mode, System.IO.FileAccess access, System.IO.FileShare share) [0x00000] in <ed969b0e627d471da4848289f9c322df>:0 
  at (wrapper remoting-invoke-with-check) System.IO.FileStream..ctor(string,System.IO.FileMode,System.IO.FileAccess,System.IO.FileShare)
  at Mono.Cecil.ModuleDefinition.GetFileStream (System.String fileName, System.IO.FileMode mode, System.IO.FileAccess access, System.IO.FileShare share) [0x00006] in <a6860a9f6366437387ebdc1f225b7fd4>:0 
  at Mono.Cecil.ModuleDefinition.ReadModule (System.String fileName, Mono.Cecil.ReaderParameters parameters) [0x00008] in <a6860a9f6366437387ebdc1f225b7fd4>:0 
  at Mono.Cecil.AssemblyDefinition.ReadAssembly (System.String fileName, Mono.Cecil.ReaderParameters parameters) [0x00000] in <a6860a9f6366437387ebdc1f225b7fd4>:0 
  at UnityEditor.AssemblyValidation.LoadAssemblyDefinitions (System.String[] assemblyPaths, System.String[] searchPaths) [0x00048] in <20f98a04ac634cc8bf5f95425bb19bb9>:0 
  at UnityEditor.AssemblyValidation.ValidateAssemblies (System.String[] assemblyPaths, System.Boolean enableLogging) [0x00007] in <20f98a04ac634cc8bf5f95425bb19bb9>:0 

- Loaded All Assemblies, in  3.637 seconds
Assembly reference Packages/com.unity.cinemachine/Editor/Samples/ExposeHDRPInternals/HDRP-Editor-ref.asmref has no target assembly definition
'Packages/com.unity.cinemachine/Editor/Obsolete/CinemachineVirtualCameraBaseEditor.cs' contains partial class of Unity.Object, exactly 1 of the partial classes needs to be in a file with the same filename. This is to know the one that can be referenced from ie. GameObjects
'Packages/com.unity.cinemachine/Editor/Editors/CinemachineVirtualCameraBaseEditor.cs' contains partial class of Unity.Object, exactly 1 of the partial classes needs to be in a file with the same filename. This is to know the one that can be referenced from ie. GameObjects
Refreshing native plugins compatible for Editor in 9.69 ms, found 4 plugins.
Native extension for WindowsStandalone target not found
Assembly reference Packages/com.unity.cinemachine/Editor/Samples/ExposeHDRPInternals/HDRP-Editor-ref.asmref has no target assembly definition
[Package Manager] Failed to launch server process. Reason: Unity was launched with the -noUpm command-line argument
[Package Manager] Unable to send message (not connected to server process).
[Package Manager] Cannot connect to Unity Package Manager local server
Mono: successfully reloaded assembly
- Finished resetting the current domain, in  1.867 seconds
Domain Reload Profiling: 5682ms
	BeginReloadAssembly (1406ms)
		ExecutionOrderSort (1ms)
		DisableScriptedObjects (273ms)
		BackupInstance (0ms)
		ReleaseScriptingObjects (4ms)
		CreateAndSetChildDomain (467ms)
	RebuildCommonClasses (83ms)
	RebuildNativeTypeToScriptingClass (21ms)
	initialDomainReloadingComplete (82ms)
	LoadAllAssembliesAndSetupDomain (2221ms)
		LoadAssemblies (1073ms)
		RebuildTransferFunctionScriptingTraits (0ms)
		AnalyzeDomain (1318ms)
			TypeCache.Refresh (40ms)
				TypeCache.ScanAssembly (0ms)
			BuildScriptInfoCaches (1087ms)
			ResolveRequiredComponents (72ms)
	FinalizeReload (1868ms)
		ReleaseScriptCaches (0ms)
		RebuildScriptCaches (0ms)
		SetupLoadedEditorAssemblies (1452ms)
			LogAssemblyErrors (0ms)
			InitializePlatformSupportModulesInManaged (4ms)
			SetLoadedEditorAssemblies (11ms)
			BeforeProcessingInitializeOnLoad (180ms)
			ProcessInitializeOnLoadAttributes (1114ms)
			ProcessInitializeOnLoadMethodAttributes (122ms)
			AfterProcessingInitializeOnLoad (20ms)
			EditorAssembliesLoaded (1ms)
		ExecutionOrderSort2 (0ms)
		AwakeInstancesAfterBackupRestoration (22ms)
Refreshing native plugins compatible for Editor in 5.29 ms, found 4 plugins.
Preloading 0 native plugins for Editor in 0.00 ms.
Unloading 19 Unused Serialized files (Serialized files now loaded: 0)
Unloading 7032 unused Assets / (4.7 MB). Loaded Objects now: 7733.
Memory consumption went from 151.4 MB to 146.7 MB.
Total: 21.768000 ms (FindLiveObjects: 1.940500 ms CreateObjectMapping: 2.917300 ms MarkObjects: 10.637800 ms  DeleteObjects: 6.268000 ms)

Prepare: number of updated asset objects reloaded= 0
========================================================================
Received Prepare
'Packages/com.unity.cinemachine/Editor/Obsolete/CinemachineVirtualCameraBaseEditor.cs' contains partial class of Unity.Object, exactly 1 of the partial classes needs to be in a file with the same filename. This is to know the one that can be referenced from ie. GameObjects
'Packages/com.unity.cinemachine/Editor/Editors/CinemachineVirtualCameraBaseEditor.cs' contains partial class of Unity.Object, exactly 1 of the partial classes needs to be in a file with the same filename. This is to know the one that can be referenced from ie. GameObjects
Refreshing native plugins compatible for Editor in 17.51 ms, found 4 plugins.
Preloading 0 native plugins for Editor in 0.00 ms.
Unloading 14 Unused Serialized files (Serialized files now loaded: 0)
Unloading 7021 unused Assets / (4.6 MB). Loaded Objects now: 7733.
Memory consumption went from 151.4 MB to 146.8 MB.
Total: 18.106800 ms (FindLiveObjects: 1.839900 ms CreateObjectMapping: 1.231400 ms MarkObjects: 10.295200 ms  DeleteObjects: 4.738100 ms)

Prepare: number of updated asset objects reloaded= 0
========================================================================
Received Prepare
Assembly reference Packages/com.unity.cinemachine/Editor/Samples/ExposeHDRPInternals/HDRP-Editor-ref.asmref has no target assembly definition
Assembly reference Packages/com.unity.cinemachine/Editor/Samples/ExposeHDRPInternals/HDRP-Editor-ref.asmref has no target assembly definition
Begin MonoManager ReloadAssembly
DirectoryNotFoundException: Could not find a part of the path "C:\Users\joser\OneDrive\Área de Trabalho\PROJETO\mermas-digitais-o-jogo-dev  -[2025_08_28]\mermas-digitais-o-jogo-dev\Mermãs Digitais O Jogo\Library\PackageCache\com.unity.visualscripting\Editor\VisualScripting.Core\Dependencies\YamlDotNet\Unity.VisualScripting.YamlDotNet.dll"
  at System.IO.FileStream..ctor (System.String path, System.IO.FileMode mode, System.IO.FileAccess access, System.IO.FileShare share, System.Int32 bufferSize, System.Boolean anonymous, System.IO.FileOptions options) [0x0019e] in <ed969b0e627d471da4848289f9c322df>:0 
  at System.IO.FileStream..ctor (System.String path, System.IO.FileMode mode, System.IO.FileAccess access, System.IO.FileShare share) [0x00000] in <ed969b0e627d471da4848289f9c322df>:0 
  at (wrapper remoting-invoke-with-check) System.IO.FileStream..ctor(string,System.IO.FileMode,System.IO.FileAccess,System.IO.FileShare)
  at Mono.Cecil.ModuleDefinition.GetFileStream (System.String fileName, System.IO.FileMode mode, System.IO.FileAccess access, System.IO.FileShare share) [0x00006] in <a6860a9f6366437387ebdc1f225b7fd4>:0 
  at Mono.Cecil.ModuleDefinition.ReadModule (System.String fileName, Mono.Cecil.ReaderParameters parameters) [0x00008] in <a6860a9f6366437387ebdc1f225b7fd4>:0 
  at Mono.Cecil.AssemblyDefinition.ReadAssembly (System.String fileName, Mono.Cecil.ReaderParameters parameters) [0x00000] in <a6860a9f6366437387ebdc1f225b7fd4>:0 
  at UnityEditor.AssemblyValidation.LoadAssemblyDefinitions (System.String[] assemblyPaths, System.String[] searchPaths) [0x00048] in <20f98a04ac634cc8bf5f95425bb19bb9>:0 
  at UnityEditor.AssemblyValidation.ValidateAssemblies (System.String[] assemblyPaths, System.Boolean enableLogging) [0x00007] in <20f98a04ac634cc8bf5f95425bb19bb9>:0 

- Loaded All Assemblies, in  1.220 seconds
Assembly reference Packages/com.unity.cinemachine/Editor/Samples/ExposeHDRPInternals/HDRP-Editor-ref.asmref has no target assembly definition
'Packages/com.unity.cinemachine/Editor/Obsolete/CinemachineVirtualCameraBaseEditor.cs' contains partial class of Unity.Object, exactly 1 of the partial classes needs to be in a file with the same filename. This is to know the one that can be referenced from ie. GameObjects
'Packages/com.unity.cinemachine/Editor/Editors/CinemachineVirtualCameraBaseEditor.cs' contains partial class of Unity.Object, exactly 1 of the partial classes needs to be in a file with the same filename. This is to know the one that can be referenced from ie. GameObjects
Refreshing native plugins compatible for Editor in 2.07 ms, found 4 plugins.
Native extension for WindowsStandalone target not found
Assembly reference Packages/com.unity.cinemachine/Editor/Samples/ExposeHDRPInternals/HDRP-Editor-ref.asmref has no target assembly definition
[Package Manager] Failed to launch server process. Reason: Unity was launched with the -noUpm command-line argument
[Package Manager] Unable to send message (not connected to server process).
[Package Manager] Cannot connect to Unity Package Manager local server
Mono: successfully reloaded assembly
- Finished resetting the current domain, in  1.401 seconds
Domain Reload Profiling: 2620ms
	BeginReloadAssembly (314ms)
		ExecutionOrderSort (0ms)
		DisableScriptedObjects (17ms)
		BackupInstance (0ms)
		ReleaseScriptingObjects (0ms)
		CreateAndSetChildDomain (69ms)
	RebuildCommonClasses (59ms)
	RebuildNativeTypeToScriptingClass (16ms)
	initialDomainReloadingComplete (56ms)
	LoadAllAssembliesAndSetupDomain (773ms)
		LoadAssemblies (476ms)
		RebuildTransferFunctionScriptingTraits (0ms)
		AnalyzeDomain (471ms)
			TypeCache.Refresh (37ms)
				TypeCache.ScanAssembly (3ms)
			BuildScriptInfoCaches (414ms)
			ResolveRequiredComponents (15ms)
	FinalizeReload (1402ms)
		ReleaseScriptCaches (0ms)
		RebuildScriptCaches (0ms)
		SetupLoadedEditorAssemblies (1064ms)
			LogAssemblyErrors (0ms)
			InitializePlatformSupportModulesInManaged (4ms)
			SetLoadedEditorAssemblies (12ms)
			BeforeProcessingInitializeOnLoad (165ms)
			ProcessInitializeOnLoadAttributes (788ms)
			ProcessInitializeOnLoadMethodAttributes (80ms)
			AfterProcessingInitializeOnLoad (15ms)
			EditorAssembliesLoaded (0ms)
		ExecutionOrderSort2 (0ms)
		AwakeInstancesAfterBackupRestoration (14ms)
Refreshing native plugins compatible for Editor in 2.87 ms, found 4 plugins.
Preloading 0 native plugins for Editor in 0.00 ms.
Unloading 19 Unused Serialized files (Serialized files now loaded: 0)
Unloading 7032 unused Assets / (3.5 MB). Loaded Objects now: 7735.
Memory consumption went from 151.4 MB to 147.8 MB.
Total: 12.258600 ms (FindLiveObjects: 1.355200 ms CreateObjectMapping: 0.709600 ms MarkObjects: 6.407800 ms  DeleteObjects: 3.650400 ms)

Prepare: number of updated asset objects reloaded= 0
========================================================================
Received Prepare
'Packages/com.unity.cinemachine/Editor/Obsolete/CinemachineVirtualCameraBaseEditor.cs' contains partial class of Unity.Object, exactly 1 of the partial classes needs to be in a file with the same filename. This is to know the one that can be referenced from ie. GameObjects
'Packages/com.unity.cinemachine/Editor/Editors/CinemachineVirtualCameraBaseEditor.cs' contains partial class of Unity.Object, exactly 1 of the partial classes needs to be in a file with the same filename. This is to know the one that can be referenced from ie. GameObjects
Refreshing native plugins compatible for Editor in 6.24 ms, found 4 plugins.
Preloading 0 native plugins for Editor in 0.00 ms.
Unloading 14 Unused Serialized files (Serialized files now loaded: 0)
Unloading 7021 unused Assets / (4.9 MB). Loaded Objects now: 7735.
Memory consumption went from 151.4 MB to 146.5 MB.
Total: 27.177400 ms (FindLiveObjects: 1.967200 ms CreateObjectMapping: 1.665500 ms MarkObjects: 14.920200 ms  DeleteObjects: 8.621700 ms)

Prepare: number of updated asset objects reloaded= 0
========================================================================
Received Prepare
Assembly reference Packages/com.unity.cinemachine/Editor/Samples/ExposeHDRPInternals/HDRP-Editor-ref.asmref has no target assembly definition
Assembly reference Packages/com.unity.cinemachine/Editor/Samples/ExposeHDRPInternals/HDRP-Editor-ref.asmref has no target assembly definition
Begin MonoManager ReloadAssembly
DirectoryNotFoundException: Could not find a part of the path "C:\Users\joser\OneDrive\Área de Trabalho\PROJETO\mermas-digitais-o-jogo-dev  -[2025_08_28]\mermas-digitais-o-jogo-dev\Mermãs Digitais O Jogo\Library\PackageCache\com.unity.visualscripting\Editor\VisualScripting.Core\Dependencies\YamlDotNet\Unity.VisualScripting.YamlDotNet.dll"
  at System.IO.FileStream..ctor (System.String path, System.IO.FileMode mode, System.IO.FileAccess access, System.IO.FileShare share, System.Int32 bufferSize, System.Boolean anonymous, System.IO.FileOptions options) [0x0019e] in <ed969b0e627d471da4848289f9c322df>:0 
  at System.IO.FileStream..ctor (System.String path, System.IO.FileMode mode, System.IO.FileAccess access, System.IO.FileShare share) [0x00000] in <ed969b0e627d471da4848289f9c322df>:0 
  at (wrapper remoting-invoke-with-check) System.IO.FileStream..ctor(string,System.IO.FileMode,System.IO.FileAccess,System.IO.FileShare)
  at Mono.Cecil.ModuleDefinition.GetFileStream (System.String fileName, System.IO.FileMode mode, System.IO.FileAccess access, System.IO.FileShare share) [0x00006] in <a6860a9f6366437387ebdc1f225b7fd4>:0 
  at Mono.Cecil.ModuleDefinition.ReadModule (System.String fileName, Mono.Cecil.ReaderParameters parameters) [0x00008] in <a6860a9f6366437387ebdc1f225b7fd4>:0 
  at Mono.Cecil.AssemblyDefinition.ReadAssembly (System.String fileName, Mono.Cecil.ReaderParameters parameters) [0x00000] in <a6860a9f6366437387ebdc1f225b7fd4>:0 
  at UnityEditor.AssemblyValidation.LoadAssemblyDefinitions (System.String[] assemblyPaths, System.String[] searchPaths) [0x00048] in <20f98a04ac634cc8bf5f95425bb19bb9>:0 
  at UnityEditor.AssemblyValidation.ValidateAssemblies (System.String[] assemblyPaths, System.Boolean enableLogging) [0x00007] in <20f98a04ac634cc8bf5f95425bb19bb9>:0 

- Loaded All Assemblies, in  1.040 seconds
Assembly reference Packages/com.unity.cinemachine/Editor/Samples/ExposeHDRPInternals/HDRP-Editor-ref.asmref has no target assembly definition
'Packages/com.unity.cinemachine/Editor/Obsolete/CinemachineVirtualCameraBaseEditor.cs' contains partial class of Unity.Object, exactly 1 of the partial classes needs to be in a file with the same filename. This is to know the one that can be referenced from ie. GameObjects
'Packages/com.unity.cinemachine/Editor/Editors/CinemachineVirtualCameraBaseEditor.cs' contains partial class of Unity.Object, exactly 1 of the partial classes needs to be in a file with the same filename. This is to know the one that can be referenced from ie. GameObjects
Refreshing native plugins compatible for Editor in 2.61 ms, found 4 plugins.
Native extension for WindowsStandalone target not found
Assembly reference Packages/com.unity.cinemachine/Editor/Samples/ExposeHDRPInternals/HDRP-Editor-ref.asmref has no target assembly definition
[Package Manager] Failed to launch server process. Reason: Unity was launched with the -noUpm command-line argument
[Package Manager] Unable to send message (not connected to server process).
[Package Manager] Cannot connect to Unity Package Manager local server
Mono: successfully reloaded assembly
- Finished resetting the current domain, in  1.785 seconds
Domain Reload Profiling: 2823ms
	BeginReloadAssembly (289ms)
		ExecutionOrderSort (0ms)
		DisableScriptedObjects (21ms)
		BackupInstance (0ms)
		ReleaseScriptingObjects (0ms)
		CreateAndSetChildDomain (75ms)
	RebuildCommonClasses (49ms)
	RebuildNativeTypeToScriptingClass (19ms)
	initialDomainReloadingComplete (49ms)
	LoadAllAssembliesAndSetupDomain (631ms)
		LoadAssemblies (397ms)
		RebuildTransferFunctionScriptingTraits (0ms)
		AnalyzeDomain (370ms)
			TypeCache.Refresh (18ms)
				TypeCache.ScanAssembly (2ms)
			BuildScriptInfoCaches (330ms)
			ResolveRequiredComponents (17ms)
	FinalizeReload (1786ms)
		ReleaseScriptCaches (0ms)
		RebuildScriptCaches (0ms)
		SetupLoadedEditorAssemblies (1490ms)
			LogAssemblyErrors (0ms)
			InitializePlatformSupportModulesInManaged (3ms)
			SetLoadedEditorAssemblies (10ms)
			BeforeProcessingInitializeOnLoad (161ms)
			ProcessInitializeOnLoadAttributes (1176ms)
			ProcessInitializeOnLoadMethodAttributes (121ms)
			AfterProcessingInitializeOnLoad (18ms)
			EditorAssembliesLoaded (1ms)
		ExecutionOrderSort2 (0ms)
		AwakeInstancesAfterBackupRestoration (22ms)
Refreshing native plugins compatible for Editor in 3.03 ms, found 4 plugins.
Preloading 0 native plugins for Editor in 0.00 ms.
Unloading 19 Unused Serialized files (Serialized files now loaded: 0)
Unloading 7032 unused Assets / (4.8 MB). Loaded Objects now: 7737.
Memory consumption went from 151.4 MB to 146.6 MB.
Total: 17.725900 ms (FindLiveObjects: 1.926700 ms CreateObjectMapping: 1.386600 ms MarkObjects: 9.161600 ms  DeleteObjects: 5.248200 ms)

Prepare: number of updated asset objects reloaded= 0
========================================================================
Received Prepare
Assembly reference Packages/com.unity.cinemachine/Editor/Samples/ExposeHDRPInternals/HDRP-Editor-ref.asmref has no target assembly definition
Assembly reference Packages/com.unity.cinemachine/Editor/Samples/ExposeHDRPInternals/HDRP-Editor-ref.asmref has no target assembly definition
Begin MonoManager ReloadAssembly
DirectoryNotFoundException: Could not find a part of the path "C:\Users\joser\OneDrive\Área de Trabalho\PROJETO\mermas-digitais-o-jogo-dev  -[2025_08_28]\mermas-digitais-o-jogo-dev\Mermãs Digitais O Jogo\Library\PackageCache\com.unity.visualscripting\Editor\VisualScripting.Core\Dependencies\YamlDotNet\Unity.VisualScripting.YamlDotNet.dll"
  at System.IO.FileStream..ctor (System.String path, System.IO.FileMode mode, System.IO.FileAccess access, System.IO.FileShare share, System.Int32 bufferSize, System.Boolean anonymous, System.IO.FileOptions options) [0x0019e] in <ed969b0e627d471da4848289f9c322df>:0 
  at System.IO.FileStream..ctor (System.String path, System.IO.FileMode mode, System.IO.FileAccess access, System.IO.FileShare share) [0x00000] in <ed969b0e627d471da4848289f9c322df>:0 
  at (wrapper remoting-invoke-with-check) System.IO.FileStream..ctor(string,System.IO.FileMode,System.IO.FileAccess,System.IO.FileShare)
  at Mono.Cecil.ModuleDefinition.GetFileStream (System.String fileName, System.IO.FileMode mode, System.IO.FileAccess access, System.IO.FileShare share) [0x00006] in <a6860a9f6366437387ebdc1f225b7fd4>:0 
  at Mono.Cecil.ModuleDefinition.ReadModule (System.String fileName, Mono.Cecil.ReaderParameters parameters) [0x00008] in <a6860a9f6366437387ebdc1f225b7fd4>:0 
  at Mono.Cecil.AssemblyDefinition.ReadAssembly (System.String fileName, Mono.Cecil.ReaderParameters parameters) [0x00000] in <a6860a9f6366437387ebdc1f225b7fd4>:0 
  at UnityEditor.AssemblyValidation.LoadAssemblyDefinitions (System.String[] assemblyPaths, System.String[] searchPaths) [0x00048] in <20f98a04ac634cc8bf5f95425bb19bb9>:0 
  at UnityEditor.AssemblyValidation.ValidateAssemblies (System.String[] assemblyPaths, System.Boolean enableLogging) [0x00007] in <20f98a04ac634cc8bf5f95425bb19bb9>:0 

- Loaded All Assemblies, in  0.989 seconds
Assembly reference Packages/com.unity.cinemachine/Editor/Samples/ExposeHDRPInternals/HDRP-Editor-ref.asmref has no target assembly definition
'Packages/com.unity.cinemachine/Editor/Obsolete/CinemachineVirtualCameraBaseEditor.cs' contains partial class of Unity.Object, exactly 1 of the partial classes needs to be in a file with the same filename. This is to know the one that can be referenced from ie. GameObjects
'Packages/com.unity.cinemachine/Editor/Editors/CinemachineVirtualCameraBaseEditor.cs' contains partial class of Unity.Object, exactly 1 of the partial classes needs to be in a file with the same filename. This is to know the one that can be referenced from ie. GameObjects
Refreshing native plugins compatible for Editor in 3.21 ms, found 4 plugins.
Native extension for WindowsStandalone target not found
Assembly reference Packages/com.unity.cinemachine/Editor/Samples/ExposeHDRPInternals/HDRP-Editor-ref.asmref has no target assembly definition
[Package Manager] Failed to launch server process. Reason: Unity was launched with the -noUpm command-line argument
[Package Manager] Unable to send message (not connected to server process).
[Package Manager] Cannot connect to Unity Package Manager local server
Mono: successfully reloaded assembly
- Finished resetting the current domain, in  1.591 seconds
Domain Reload Profiling: 2579ms
	BeginReloadAssembly (288ms)
		ExecutionOrderSort (0ms)
		DisableScriptedObjects (16ms)
		BackupInstance (0ms)
		ReleaseScriptingObjects (0ms)
		CreateAndSetChildDomain (70ms)
	RebuildCommonClasses (51ms)
	RebuildNativeTypeToScriptingClass (19ms)
	initialDomainReloadingComplete (51ms)
	LoadAllAssembliesAndSetupDomain (578ms)
		LoadAssemblies (368ms)
		RebuildTransferFunctionScriptingTraits (0ms)
		AnalyzeDomain (346ms)
			TypeCache.Refresh (10ms)
				TypeCache.ScanAssembly (0ms)
			BuildScriptInfoCaches (309ms)
			ResolveRequiredComponents (22ms)
	FinalizeReload (1592ms)
		ReleaseScriptCaches (0ms)
		RebuildScriptCaches (0ms)
		SetupLoadedEditorAssemblies (1306ms)
			LogAssemblyErrors (0ms)
			InitializePlatformSupportModulesInManaged (3ms)
			SetLoadedEditorAssemblies (11ms)
			BeforeProcessingInitializeOnLoad (133ms)
			ProcessInitializeOnLoadAttributes (1024ms)
			ProcessInitializeOnLoadMethodAttributes (117ms)
			AfterProcessingInitializeOnLoad (17ms)
			EditorAssembliesLoaded (1ms)
		ExecutionOrderSort2 (0ms)
		AwakeInstancesAfterBackupRestoration (20ms)
Refreshing native plugins compatible for Editor in 2.52 ms, found 4 plugins.
Preloading 0 native plugins for Editor in 0.00 ms.
Unloading 19 Unused Serialized files (Serialized files now loaded: 0)
Unloading 7032 unused Assets / (4.7 MB). Loaded Objects now: 7739.
Memory consumption went from 151.4 MB to 146.7 MB.
Total: 14.389900 ms (FindLiveObjects: 1.652600 ms CreateObjectMapping: 0.758900 ms MarkObjects: 8.242000 ms  DeleteObjects: 3.732800 ms)

Prepare: number of updated asset objects reloaded= 0
========================================================================
Received Prepare
'Packages/com.unity.cinemachine/Editor/Obsolete/CinemachineVirtualCameraBaseEditor.cs' contains partial class of Unity.Object, exactly 1 of the partial classes needs to be in a file with the same filename. This is to know the one that can be referenced from ie. GameObjects
'Packages/com.unity.cinemachine/Editor/Editors/CinemachineVirtualCameraBaseEditor.cs' contains partial class of Unity.Object, exactly 1 of the partial classes needs to be in a file with the same filename. This is to know the one that can be referenced from ie. GameObjects
Refreshing native plugins compatible for Editor in 6.41 ms, found 4 plugins.
Preloading 0 native plugins for Editor in 0.00 ms.
Unloading 14 Unused Serialized files (Serialized files now loaded: 0)
Unloading 7021 unused Assets / (4.9 MB). Loaded Objects now: 7739.
Memory consumption went from 151.4 MB to 146.5 MB.
Total: 23.282100 ms (FindLiveObjects: 1.798000 ms CreateObjectMapping: 1.966100 ms MarkObjects: 12.492800 ms  DeleteObjects: 7.019600 ms)

Prepare: number of updated asset objects reloaded= 0
========================================================================
Received Prepare
Assembly reference Packages/com.unity.cinemachine/Editor/Samples/ExposeHDRPInternals/HDRP-Editor-ref.asmref has no target assembly definition
Assembly reference Packages/com.unity.cinemachine/Editor/Samples/ExposeHDRPInternals/HDRP-Editor-ref.asmref has no target assembly definition
Begin MonoManager ReloadAssembly
DirectoryNotFoundException: Could not find a part of the path "C:\Users\joser\OneDrive\Área de Trabalho\PROJETO\mermas-digitais-o-jogo-dev  -[2025_08_28]\mermas-digitais-o-jogo-dev\Mermãs Digitais O Jogo\Library\PackageCache\com.unity.visualscripting\Editor\VisualScripting.Core\Dependencies\YamlDotNet\Unity.VisualScripting.YamlDotNet.dll"
  at System.IO.FileStream..ctor (System.String path, System.IO.FileMode mode, System.IO.FileAccess access, System.IO.FileShare share, System.Int32 bufferSize, System.Boolean anonymous, System.IO.FileOptions options) [0x0019e] in <ed969b0e627d471da4848289f9c322df>:0 
  at System.IO.FileStream..ctor (System.String path, System.IO.FileMode mode, System.IO.FileAccess access, System.IO.FileShare share) [0x00000] in <ed969b0e627d471da4848289f9c322df>:0 
  at (wrapper remoting-invoke-with-check) System.IO.FileStream..ctor(string,System.IO.FileMode,System.IO.FileAccess,System.IO.FileShare)
  at Mono.Cecil.ModuleDefinition.GetFileStream (System.String fileName, System.IO.FileMode mode, System.IO.FileAccess access, System.IO.FileShare share) [0x00006] in <a6860a9f6366437387ebdc1f225b7fd4>:0 
  at Mono.Cecil.ModuleDefinition.ReadModule (System.String fileName, Mono.Cecil.ReaderParameters parameters) [0x00008] in <a6860a9f6366437387ebdc1f225b7fd4>:0 
  at Mono.Cecil.AssemblyDefinition.ReadAssembly (System.String fileName, Mono.Cecil.ReaderParameters parameters) [0x00000] in <a6860a9f6366437387ebdc1f225b7fd4>:0 
  at UnityEditor.AssemblyValidation.LoadAssemblyDefinitions (System.String[] assemblyPaths, System.String[] searchPaths) [0x00048] in <20f98a04ac634cc8bf5f95425bb19bb9>:0 
  at UnityEditor.AssemblyValidation.ValidateAssemblies (System.String[] assemblyPaths, System.Boolean enableLogging) [0x00007] in <20f98a04ac634cc8bf5f95425bb19bb9>:0 

- Loaded All Assemblies, in  1.055 seconds
Assembly reference Packages/com.unity.cinemachine/Editor/Samples/ExposeHDRPInternals/HDRP-Editor-ref.asmref has no target assembly definition
'Packages/com.unity.cinemachine/Editor/Obsolete/CinemachineVirtualCameraBaseEditor.cs' contains partial class of Unity.Object, exactly 1 of the partial classes needs to be in a file with the same filename. This is to know the one that can be referenced from ie. GameObjects
'Packages/com.unity.cinemachine/Editor/Editors/CinemachineVirtualCameraBaseEditor.cs' contains partial class of Unity.Object, exactly 1 of the partial classes needs to be in a file with the same filename. This is to know the one that can be referenced from ie. GameObjects
Refreshing native plugins compatible for Editor in 1.97 ms, found 4 plugins.
Native extension for WindowsStandalone target not found
Assembly reference Packages/com.unity.cinemachine/Editor/Samples/ExposeHDRPInternals/HDRP-Editor-ref.asmref has no target assembly definition
[Package Manager] Failed to launch server process. Reason: Unity was launched with the -noUpm command-line argument
[Package Manager] Unable to send message (not connected to server process).
[Package Manager] Cannot connect to Unity Package Manager local server
Mono: successfully reloaded assembly
- Finished resetting the current domain, in  1.753 seconds
Domain Reload Profiling: 2805ms
	BeginReloadAssembly (287ms)
		ExecutionOrderSort (0ms)
		DisableScriptedObjects (20ms)
		BackupInstance (0ms)
		ReleaseScriptingObjects (0ms)
		CreateAndSetChildDomain (66ms)
	RebuildCommonClasses (49ms)
	RebuildNativeTypeToScriptingClass (17ms)
	initialDomainReloadingComplete (49ms)
	LoadAllAssembliesAndSetupDomain (650ms)
		LoadAssemblies (351ms)
		RebuildTransferFunctionScriptingTraits (0ms)
		AnalyzeDomain (441ms)
			TypeCache.Refresh (16ms)
				TypeCache.ScanAssembly (2ms)
			BuildScriptInfoCaches (399ms)
			ResolveRequiredComponents (19ms)
	FinalizeReload (1754ms)
		ReleaseScriptCaches (0ms)
		RebuildScriptCaches (0ms)
		SetupLoadedEditorAssemblies (1447ms)
			LogAssemblyErrors (0ms)
			InitializePlatformSupportModulesInManaged (3ms)
			SetLoadedEditorAssemblies (13ms)
			BeforeProcessingInitializeOnLoad (178ms)
			ProcessInitializeOnLoadAttributes (1121ms)
			ProcessInitializeOnLoadMethodAttributes (114ms)
			AfterProcessingInitializeOnLoad (17ms)
			EditorAssembliesLoaded (1ms)
		ExecutionOrderSort2 (0ms)
		AwakeInstancesAfterBackupRestoration (22ms)
Refreshing native plugins compatible for Editor in 3.20 ms, found 4 plugins.
Preloading 0 native plugins for Editor in 0.00 ms.
Unloading 19 Unused Serialized files (Serialized files now loaded: 0)
Unloading 7032 unused Assets / (4.6 MB). Loaded Objects now: 7741.
Memory consumption went from 151.4 MB to 146.8 MB.
Total: 15.107400 ms (FindLiveObjects: 0.997100 ms CreateObjectMapping: 0.878900 ms MarkObjects: 8.783100 ms  DeleteObjects: 4.446300 ms)

Prepare: number of updated asset objects reloaded= 0
========================================================================
Received Prepare
'Packages/com.unity.cinemachine/Editor/Obsolete/CinemachineVirtualCameraBaseEditor.cs' contains partial class of Unity.Object, exactly 1 of the partial classes needs to be in a file with the same filename. This is to know the one that can be referenced from ie. GameObjects
'Packages/com.unity.cinemachine/Editor/Editors/CinemachineVirtualCameraBaseEditor.cs' contains partial class of Unity.Object, exactly 1 of the partial classes needs to be in a file with the same filename. This is to know the one that can be referenced from ie. GameObjects
Refreshing native plugins compatible for Editor in 6.65 ms, found 4 plugins.
Preloading 0 native plugins for Editor in 0.00 ms.
Unloading 14 Unused Serialized files (Serialized files now loaded: 0)
Unloading 7021 unused Assets / (4.9 MB). Loaded Objects now: 7741.
Memory consumption went from 151.4 MB to 146.5 MB.
Total: 24.852500 ms (FindLiveObjects: 2.341200 ms CreateObjectMapping: 2.021800 ms MarkObjects: 12.834000 ms  DeleteObjects: 7.653300 ms)

Prepare: number of updated asset objects reloaded= 0
========================================================================
Received Prepare
Assembly reference Packages/com.unity.cinemachine/Editor/Samples/ExposeHDRPInternals/HDRP-Editor-ref.asmref has no target assembly definition
Assembly reference Packages/com.unity.cinemachine/Editor/Samples/ExposeHDRPInternals/HDRP-Editor-ref.asmref has no target assembly definition
Begin MonoManager ReloadAssembly
DirectoryNotFoundException: Could not find a part of the path "C:\Users\joser\OneDrive\Área de Trabalho\PROJETO\mermas-digitais-o-jogo-dev  -[2025_08_28]\mermas-digitais-o-jogo-dev\Mermãs Digitais O Jogo\Library\PackageCache\com.unity.visualscripting\Editor\VisualScripting.Core\Dependencies\YamlDotNet\Unity.VisualScripting.YamlDotNet.dll"
  at System.IO.FileStream..ctor (System.String path, System.IO.FileMode mode, System.IO.FileAccess access, System.IO.FileShare share, System.Int32 bufferSize, System.Boolean anonymous, System.IO.FileOptions options) [0x0019e] in <ed969b0e627d471da4848289f9c322df>:0 
  at System.IO.FileStream..ctor (System.String path, System.IO.FileMode mode, System.IO.FileAccess access, System.IO.FileShare share) [0x00000] in <ed969b0e627d471da4848289f9c322df>:0 
  at (wrapper remoting-invoke-with-check) System.IO.FileStream..ctor(string,System.IO.FileMode,System.IO.FileAccess,System.IO.FileShare)
  at Mono.Cecil.ModuleDefinition.GetFileStream (System.String fileName, System.IO.FileMode mode, System.IO.FileAccess access, System.IO.FileShare share) [0x00006] in <a6860a9f6366437387ebdc1f225b7fd4>:0 
  at Mono.Cecil.ModuleDefinition.ReadModule (System.String fileName, Mono.Cecil.ReaderParameters parameters) [0x00008] in <a6860a9f6366437387ebdc1f225b7fd4>:0 
  at Mono.Cecil.AssemblyDefinition.ReadAssembly (System.String fileName, Mono.Cecil.ReaderParameters parameters) [0x00000] in <a6860a9f6366437387ebdc1f225b7fd4>:0 
  at UnityEditor.AssemblyValidation.LoadAssemblyDefinitions (System.String[] assemblyPaths, System.String[] searchPaths) [0x00048] in <20f98a04ac634cc8bf5f95425bb19bb9>:0 
  at UnityEditor.AssemblyValidation.ValidateAssemblies (System.String[] assemblyPaths, System.Boolean enableLogging) [0x00007] in <20f98a04ac634cc8bf5f95425bb19bb9>:0 

- Loaded All Assemblies, in  0.955 seconds
Assembly reference Packages/com.unity.cinemachine/Editor/Samples/ExposeHDRPInternals/HDRP-Editor-ref.asmref has no target assembly definition
'Packages/com.unity.cinemachine/Editor/Obsolete/CinemachineVirtualCameraBaseEditor.cs' contains partial class of Unity.Object, exactly 1 of the partial classes needs to be in a file with the same filename. This is to know the one that can be referenced from ie. GameObjects
'Packages/com.unity.cinemachine/Editor/Editors/CinemachineVirtualCameraBaseEditor.cs' contains partial class of Unity.Object, exactly 1 of the partial classes needs to be in a file with the same filename. This is to know the one that can be referenced from ie. GameObjects
Refreshing native plugins compatible for Editor in 2.29 ms, found 4 plugins.
Native extension for WindowsStandalone target not found
Assembly reference Packages/com.unity.cinemachine/Editor/Samples/ExposeHDRPInternals/HDRP-Editor-ref.asmref has no target assembly definition
[Package Manager] Failed to launch server process. Reason: Unity was launched with the -noUpm command-line argument
[Package Manager] Unable to send message (not connected to server process).
[Package Manager] Cannot connect to Unity Package Manager local server
Mono: successfully reloaded assembly
- Finished resetting the current domain, in  1.788 seconds
Domain Reload Profiling: 2740ms
	BeginReloadAssembly (273ms)
		ExecutionOrderSort (0ms)
		DisableScriptedObjects (24ms)
		BackupInstance (0ms)
		ReleaseScriptingObjects (0ms)
		CreateAndSetChildDomain (69ms)
	RebuildCommonClasses (45ms)
	RebuildNativeTypeToScriptingClass (13ms)
	initialDomainReloadingComplete (41ms)
	LoadAllAssembliesAndSetupDomain (578ms)
		LoadAssemblies (340ms)
		RebuildTransferFunctionScriptingTraits (0ms)
		AnalyzeDomain (365ms)
			TypeCache.Refresh (19ms)
				TypeCache.ScanAssembly (1ms)
			BuildScriptInfoCaches (330ms)
			ResolveRequiredComponents (12ms)
	FinalizeReload (1789ms)
		ReleaseScriptCaches (0ms)
		RebuildScriptCaches (0ms)
		SetupLoadedEditorAssemblies (1418ms)
			LogAssemblyErrors (0ms)
			InitializePlatformSupportModulesInManaged (5ms)
			SetLoadedEditorAssemblies (13ms)
			BeforeProcessingInitializeOnLoad (180ms)
			ProcessInitializeOnLoadAttributes (1082ms)
			ProcessInitializeOnLoadMethodAttributes (121ms)
			AfterProcessingInitializeOnLoad (17ms)
			EditorAssembliesLoaded (1ms)
		ExecutionOrderSort2 (0ms)
		AwakeInstancesAfterBackupRestoration (22ms)
Refreshing native plugins compatible for Editor in 2.57 ms, found 4 plugins.
Preloading 0 native plugins for Editor in 0.00 ms.
Unloading 19 Unused Serialized files (Serialized files now loaded: 0)
Unloading 7032 unused Assets / (4.7 MB). Loaded Objects now: 7743.
Memory consumption went from 151.4 MB to 146.7 MB.
Total: 13.765200 ms (FindLiveObjects: 1.445100 ms CreateObjectMapping: 1.183300 ms MarkObjects: 7.311300 ms  DeleteObjects: 3.823400 ms)

Prepare: number of updated asset objects reloaded= 0
========================================================================
Received Prepare
'Packages/com.unity.cinemachine/Editor/Obsolete/CinemachineVirtualCameraBaseEditor.cs' contains partial class of Unity.Object, exactly 1 of the partial classes needs to be in a file with the same filename. This is to know the one that can be referenced from ie. GameObjects
'Packages/com.unity.cinemachine/Editor/Editors/CinemachineVirtualCameraBaseEditor.cs' contains partial class of Unity.Object, exactly 1 of the partial classes needs to be in a file with the same filename. This is to know the one that can be referenced from ie. GameObjects
Refreshing native plugins compatible for Editor in 6.90 ms, found 4 plugins.
Preloading 0 native plugins for Editor in 0.00 ms.
Unloading 14 Unused Serialized files (Serialized files now loaded: 0)
Unloading 7021 unused Assets / (5.0 MB). Loaded Objects now: 7743.
Memory consumption went from 151.4 MB to 146.5 MB.
Total: 25.999600 ms (FindLiveObjects: 3.076700 ms CreateObjectMapping: 3.513700 ms MarkObjects: 14.189800 ms  DeleteObjects: 5.216800 ms)

Prepare: number of updated asset objects reloaded= 0
========================================================================
Received Prepare
Assembly reference Packages/com.unity.cinemachine/Editor/Samples/ExposeHDRPInternals/HDRP-Editor-ref.asmref has no target assembly definition
Assembly reference Packages/com.unity.cinemachine/Editor/Samples/ExposeHDRPInternals/HDRP-Editor-ref.asmref has no target assembly definition
Begin MonoManager ReloadAssembly
DirectoryNotFoundException: Could not find a part of the path "C:\Users\joser\OneDrive\Área de Trabalho\PROJETO\mermas-digitais-o-jogo-dev  -[2025_08_28]\mermas-digitais-o-jogo-dev\Mermãs Digitais O Jogo\Library\PackageCache\com.unity.visualscripting\Editor\VisualScripting.Core\Dependencies\YamlDotNet\Unity.VisualScripting.YamlDotNet.dll"
  at System.IO.FileStream..ctor (System.String path, System.IO.FileMode mode, System.IO.FileAccess access, System.IO.FileShare share, System.Int32 bufferSize, System.Boolean anonymous, System.IO.FileOptions options) [0x0019e] in <ed969b0e627d471da4848289f9c322df>:0 
  at System.IO.FileStream..ctor (System.String path, System.IO.FileMode mode, System.IO.FileAccess access, System.IO.FileShare share) [0x00000] in <ed969b0e627d471da4848289f9c322df>:0 
  at (wrapper remoting-invoke-with-check) System.IO.FileStream..ctor(string,System.IO.FileMode,System.IO.FileAccess,System.IO.FileShare)
  at Mono.Cecil.ModuleDefinition.GetFileStream (System.String fileName, System.IO.FileMode mode, System.IO.FileAccess access, System.IO.FileShare share) [0x00006] in <a6860a9f6366437387ebdc1f225b7fd4>:0 
  at Mono.Cecil.ModuleDefinition.ReadModule (System.String fileName, Mono.Cecil.ReaderParameters parameters) [0x00008] in <a6860a9f6366437387ebdc1f225b7fd4>:0 
  at Mono.Cecil.AssemblyDefinition.ReadAssembly (System.String fileName, Mono.Cecil.ReaderParameters parameters) [0x00000] in <a6860a9f6366437387ebdc1f225b7fd4>:0 
  at UnityEditor.AssemblyValidation.LoadAssemblyDefinitions (System.String[] assemblyPaths, System.String[] searchPaths) [0x00048] in <20f98a04ac634cc8bf5f95425bb19bb9>:0 
  at UnityEditor.AssemblyValidation.ValidateAssemblies (System.String[] assemblyPaths, System.Boolean enableLogging) [0x00007] in <20f98a04ac634cc8bf5f95425bb19bb9>:0 

- Loaded All Assemblies, in  0.965 seconds
Assembly reference Packages/com.unity.cinemachine/Editor/Samples/ExposeHDRPInternals/HDRP-Editor-ref.asmref has no target assembly definition
'Packages/com.unity.cinemachine/Editor/Obsolete/CinemachineVirtualCameraBaseEditor.cs' contains partial class of Unity.Object, exactly 1 of the partial classes needs to be in a file with the same filename. This is to know the one that can be referenced from ie. GameObjects
'Packages/com.unity.cinemachine/Editor/Editors/CinemachineVirtualCameraBaseEditor.cs' contains partial class of Unity.Object, exactly 1 of the partial classes needs to be in a file with the same filename. This is to know the one that can be referenced from ie. GameObjects
Refreshing native plugins compatible for Editor in 2.83 ms, found 4 plugins.
Native extension for WindowsStandalone target not found
Assembly reference Packages/com.unity.cinemachine/Editor/Samples/ExposeHDRPInternals/HDRP-Editor-ref.asmref has no target assembly definition
[Package Manager] Failed to launch server process. Reason: Unity was launched with the -noUpm command-line argument
[Package Manager] Unable to send message (not connected to server process).
[Package Manager] Cannot connect to Unity Package Manager local server
Mono: successfully reloaded assembly
- Finished resetting the current domain, in  1.730 seconds
Domain Reload Profiling: 2694ms
	BeginReloadAssembly (292ms)
		ExecutionOrderSort (0ms)
		DisableScriptedObjects (20ms)
		BackupInstance (0ms)
		ReleaseScriptingObjects (1ms)
		CreateAndSetChildDomain (72ms)
	RebuildCommonClasses (43ms)
	RebuildNativeTypeToScriptingClass (15ms)
	initialDomainReloadingComplete (44ms)
	LoadAllAssembliesAndSetupDomain (569ms)
		LoadAssemblies (357ms)
		RebuildTransferFunctionScriptingTraits (0ms)
		AnalyzeDomain (353ms)
			TypeCache.Refresh (12ms)
				TypeCache.ScanAssembly (1ms)
			BuildScriptInfoCaches (315ms)
			ResolveRequiredComponents (20ms)
	FinalizeReload (1731ms)
		ReleaseScriptCaches (0ms)
		RebuildScriptCaches (0ms)
		SetupLoadedEditorAssemblies (1407ms)
			LogAssemblyErrors (0ms)
			InitializePlatformSupportModulesInManaged (4ms)
			SetLoadedEditorAssemblies (13ms)
			BeforeProcessingInitializeOnLoad (172ms)
			ProcessInitializeOnLoadAttributes (1087ms)
			ProcessInitializeOnLoadMethodAttributes (109ms)
			AfterProcessingInitializeOnLoad (21ms)
			EditorAssembliesLoaded (1ms)
		ExecutionOrderSort2 (0ms)
		AwakeInstancesAfterBackupRestoration (27ms)
Refreshing native plugins compatible for Editor in 2.06 ms, found 4 plugins.
Preloading 0 native plugins for Editor in 0.00 ms.
Unloading 19 Unused Serialized files (Serialized files now loaded: 0)
Unloading 7032 unused Assets / (4.7 MB). Loaded Objects now: 7745.
Memory consumption went from 151.4 MB to 146.7 MB.
Total: 11.262700 ms (FindLiveObjects: 1.280100 ms CreateObjectMapping: 0.747800 ms MarkObjects: 6.528300 ms  DeleteObjects: 2.704400 ms)

Prepare: number of updated asset objects reloaded= 0
========================================================================
Received Prepare
'Packages/com.unity.cinemachine/Editor/Obsolete/CinemachineVirtualCameraBaseEditor.cs' contains partial class of Unity.Object, exactly 1 of the partial classes needs to be in a file with the same filename. This is to know the one that can be referenced from ie. GameObjects
'Packages/com.unity.cinemachine/Editor/Editors/CinemachineVirtualCameraBaseEditor.cs' contains partial class of Unity.Object, exactly 1 of the partial classes needs to be in a file with the same filename. This is to know the one that can be referenced from ie. GameObjects
Refreshing native plugins compatible for Editor in 7.16 ms, found 4 plugins.
Preloading 0 native plugins for Editor in 0.00 ms.
Unloading 14 Unused Serialized files (Serialized files now loaded: 0)
Unloading 7021 unused Assets / (4.9 MB). Loaded Objects now: 7745.
Memory consumption went from 151.4 MB to 146.6 MB.
Total: 22.871700 ms (FindLiveObjects: 2.438500 ms CreateObjectMapping: 2.234400 ms MarkObjects: 11.518800 ms  DeleteObjects: 6.674900 ms)

Prepare: number of updated asset objects reloaded= 0
========================================================================
Received Prepare
Assembly reference Packages/com.unity.cinemachine/Editor/Samples/ExposeHDRPInternals/HDRP-Editor-ref.asmref has no target assembly definition
Assembly reference Packages/com.unity.cinemachine/Editor/Samples/ExposeHDRPInternals/HDRP-Editor-ref.asmref has no target assembly definition
Begin MonoManager ReloadAssembly
DirectoryNotFoundException: Could not find a part of the path "C:\Users\joser\OneDrive\Área de Trabalho\PROJETO\mermas-digitais-o-jogo-dev  -[2025_08_28]\mermas-digitais-o-jogo-dev\Mermãs Digitais O Jogo\Library\PackageCache\com.unity.visualscripting\Editor\VisualScripting.Core\Dependencies\YamlDotNet\Unity.VisualScripting.YamlDotNet.dll"
  at System.IO.FileStream..ctor (System.String path, System.IO.FileMode mode, System.IO.FileAccess access, System.IO.FileShare share, System.Int32 bufferSize, System.Boolean anonymous, System.IO.FileOptions options) [0x0019e] in <ed969b0e627d471da4848289f9c322df>:0 
  at System.IO.FileStream..ctor (System.String path, System.IO.FileMode mode, System.IO.FileAccess access, System.IO.FileShare share) [0x00000] in <ed969b0e627d471da4848289f9c322df>:0 
  at (wrapper remoting-invoke-with-check) System.IO.FileStream..ctor(string,System.IO.FileMode,System.IO.FileAccess,System.IO.FileShare)
  at Mono.Cecil.ModuleDefinition.GetFileStream (System.String fileName, System.IO.FileMode mode, System.IO.FileAccess access, System.IO.FileShare share) [0x00006] in <a6860a9f6366437387ebdc1f225b7fd4>:0 
  at Mono.Cecil.ModuleDefinition.ReadModule (System.String fileName, Mono.Cecil.ReaderParameters parameters) [0x00008] in <a6860a9f6366437387ebdc1f225b7fd4>:0 
  at Mono.Cecil.AssemblyDefinition.ReadAssembly (System.String fileName, Mono.Cecil.ReaderParameters parameters) [0x00000] in <a6860a9f6366437387ebdc1f225b7fd4>:0 
  at UnityEditor.AssemblyValidation.LoadAssemblyDefinitions (System.String[] assemblyPaths, System.String[] searchPaths) [0x00048] in <20f98a04ac634cc8bf5f95425bb19bb9>:0 
  at UnityEditor.AssemblyValidation.ValidateAssemblies (System.String[] assemblyPaths, System.Boolean enableLogging) [0x00007] in <20f98a04ac634cc8bf5f95425bb19bb9>:0 

- Loaded All Assemblies, in  0.994 seconds
Assembly reference Packages/com.unity.cinemachine/Editor/Samples/ExposeHDRPInternals/HDRP-Editor-ref.asmref has no target assembly definition
'Packages/com.unity.cinemachine/Editor/Obsolete/CinemachineVirtualCameraBaseEditor.cs' contains partial class of Unity.Object, exactly 1 of the partial classes needs to be in a file with the same filename. This is to know the one that can be referenced from ie. GameObjects
'Packages/com.unity.cinemachine/Editor/Editors/CinemachineVirtualCameraBaseEditor.cs' contains partial class of Unity.Object, exactly 1 of the partial classes needs to be in a file with the same filename. This is to know the one that can be referenced from ie. GameObjects
Refreshing native plugins compatible for Editor in 3.34 ms, found 4 plugins.
Native extension for WindowsStandalone target not found
Assembly reference Packages/com.unity.cinemachine/Editor/Samples/ExposeHDRPInternals/HDRP-Editor-ref.asmref has no target assembly definition
[Package Manager] Failed to launch server process. Reason: Unity was launched with the -noUpm command-line argument
[Package Manager] Unable to send message (not connected to server process).
[Package Manager] Cannot connect to Unity Package Manager local server
Mono: successfully reloaded assembly
- Finished resetting the current domain, in  1.484 seconds
Domain Reload Profiling: 2470ms
	BeginReloadAssembly (290ms)
		ExecutionOrderSort (0ms)
		DisableScriptedObjects (17ms)
		BackupInstance (0ms)
		ReleaseScriptingObjects (0ms)
		CreateAndSetChildDomain (77ms)
	RebuildCommonClasses (47ms)
	RebuildNativeTypeToScriptingClass (15ms)
	initialDomainReloadingComplete (41ms)
	LoadAllAssembliesAndSetupDomain (594ms)
		LoadAssemblies (374ms)
		RebuildTransferFunctionScriptingTraits (0ms)
		AnalyzeDomain (356ms)
			TypeCache.Refresh (13ms)
				TypeCache.ScanAssembly (1ms)
			BuildScriptInfoCaches (319ms)
			ResolveRequiredComponents (18ms)
	FinalizeReload (1484ms)
		ReleaseScriptCaches (0ms)
		RebuildScriptCaches (0ms)
		SetupLoadedEditorAssemblies (1188ms)
			LogAssemblyErrors (0ms)
			InitializePlatformSupportModulesInManaged (6ms)
			SetLoadedEditorAssemblies (11ms)
			BeforeProcessingInitializeOnLoad (167ms)
			ProcessInitializeOnLoadAttributes (925ms)
			ProcessInitializeOnLoadMethodAttributes (69ms)
			AfterProcessingInitializeOnLoad (11ms)
			EditorAssembliesLoaded (0ms)
		ExecutionOrderSort2 (0ms)
		AwakeInstancesAfterBackupRestoration (12ms)
Refreshing native plugins compatible for Editor in 2.56 ms, found 4 plugins.
Preloading 0 native plugins for Editor in 0.00 ms.
Unloading 19 Unused Serialized files (Serialized files now loaded: 0)
Unloading 7032 unused Assets / (4.1 MB). Loaded Objects now: 7747.
Memory consumption went from 151.4 MB to 147.3 MB.
Total: 11.377300 ms (FindLiveObjects: 1.112300 ms CreateObjectMapping: 0.644100 ms MarkObjects: 6.127900 ms  DeleteObjects: 3.491300 ms)

Prepare: number of updated asset objects reloaded= 0
========================================================================
Received Prepare
'Packages/com.unity.cinemachine/Editor/Obsolete/CinemachineVirtualCameraBaseEditor.cs' contains partial class of Unity.Object, exactly 1 of the partial classes needs to be in a file with the same filename. This is to know the one that can be referenced from ie. GameObjects
'Packages/com.unity.cinemachine/Editor/Editors/CinemachineVirtualCameraBaseEditor.cs' contains partial class of Unity.Object, exactly 1 of the partial classes needs to be in a file with the same filename. This is to know the one that can be referenced from ie. GameObjects
Refreshing native plugins compatible for Editor in 6.52 ms, found 4 plugins.
Preloading 0 native plugins for Editor in 0.00 ms.
Unloading 14 Unused Serialized files (Serialized files now loaded: 0)
Unloading 7021 unused Assets / (5.0 MB). Loaded Objects now: 7747.
Memory consumption went from 151.5 MB to 146.5 MB.
Total: 26.295000 ms (FindLiveObjects: 2.369100 ms CreateObjectMapping: 3.309900 ms MarkObjects: 12.602500 ms  DeleteObjects: 8.011300 ms)

Prepare: number of updated asset objects reloaded= 0
========================================================================
Received Prepare
Assembly reference Packages/com.unity.cinemachine/Editor/Samples/ExposeHDRPInternals/HDRP-Editor-ref.asmref has no target assembly definition
Assembly reference Packages/com.unity.cinemachine/Editor/Samples/ExposeHDRPInternals/HDRP-Editor-ref.asmref has no target assembly definition
Begin MonoManager ReloadAssembly
DirectoryNotFoundException: Could not find a part of the path "C:\Users\joser\OneDrive\Área de Trabalho\PROJETO\mermas-digitais-o-jogo-dev  -[2025_08_28]\mermas-digitais-o-jogo-dev\Mermãs Digitais O Jogo\Library\PackageCache\com.unity.visualscripting\Editor\VisualScripting.Core\Dependencies\YamlDotNet\Unity.VisualScripting.YamlDotNet.dll"
  at System.IO.FileStream..ctor (System.String path, System.IO.FileMode mode, System.IO.FileAccess access, System.IO.FileShare share, System.Int32 bufferSize, System.Boolean anonymous, System.IO.FileOptions options) [0x0019e] in <ed969b0e627d471da4848289f9c322df>:0 
  at System.IO.FileStream..ctor (System.String path, System.IO.FileMode mode, System.IO.FileAccess access, System.IO.FileShare share) [0x00000] in <ed969b0e627d471da4848289f9c322df>:0 
  at (wrapper remoting-invoke-with-check) System.IO.FileStream..ctor(string,System.IO.FileMode,System.IO.FileAccess,System.IO.FileShare)
  at Mono.Cecil.ModuleDefinition.GetFileStream (System.String fileName, System.IO.FileMode mode, System.IO.FileAccess access, System.IO.FileShare share) [0x00006] in <a6860a9f6366437387ebdc1f225b7fd4>:0 
  at Mono.Cecil.ModuleDefinition.ReadModule (System.String fileName, Mono.Cecil.ReaderParameters parameters) [0x00008] in <a6860a9f6366437387ebdc1f225b7fd4>:0 
  at Mono.Cecil.AssemblyDefinition.ReadAssembly (System.String fileName, Mono.Cecil.ReaderParameters parameters) [0x00000] in <a6860a9f6366437387ebdc1f225b7fd4>:0 
  at UnityEditor.AssemblyValidation.LoadAssemblyDefinitions (System.String[] assemblyPaths, System.String[] searchPaths) [0x00048] in <20f98a04ac634cc8bf5f95425bb19bb9>:0 
  at UnityEditor.AssemblyValidation.ValidateAssemblies (System.String[] assemblyPaths, System.Boolean enableLogging) [0x00007] in <20f98a04ac634cc8bf5f95425bb19bb9>:0 

- Loaded All Assemblies, in  0.992 seconds
Assembly reference Packages/com.unity.cinemachine/Editor/Samples/ExposeHDRPInternals/HDRP-Editor-ref.asmref has no target assembly definition
'Packages/com.unity.cinemachine/Editor/Obsolete/CinemachineVirtualCameraBaseEditor.cs' contains partial class of Unity.Object, exactly 1 of the partial classes needs to be in a file with the same filename. This is to know the one that can be referenced from ie. GameObjects
'Packages/com.unity.cinemachine/Editor/Editors/CinemachineVirtualCameraBaseEditor.cs' contains partial class of Unity.Object, exactly 1 of the partial classes needs to be in a file with the same filename. This is to know the one that can be referenced from ie. GameObjects
Refreshing native plugins compatible for Editor in 2.15 ms, found 4 plugins.
Native extension for WindowsStandalone target not found
Assembly reference Packages/com.unity.cinemachine/Editor/Samples/ExposeHDRPInternals/HDRP-Editor-ref.asmref has no target assembly definition
[Package Manager] Failed to launch server process. Reason: Unity was launched with the -noUpm command-line argument
[Package Manager] Unable to send message (not connected to server process).
[Package Manager] Cannot connect to Unity Package Manager local server
Mono: successfully reloaded assembly
- Finished resetting the current domain, in  1.508 seconds
Domain Reload Profiling: 2500ms
	BeginReloadAssembly (303ms)
		ExecutionOrderSort (0ms)
		DisableScriptedObjects (16ms)
		BackupInstance (0ms)
		ReleaseScriptingObjects (0ms)
		CreateAndSetChildDomain (70ms)
	RebuildCommonClasses (47ms)
	RebuildNativeTypeToScriptingClass (14ms)
	initialDomainReloadingComplete (42ms)
	LoadAllAssembliesAndSetupDomain (586ms)
		LoadAssemblies (359ms)
		RebuildTransferFunctionScriptingTraits (0ms)
		AnalyzeDomain (377ms)
			TypeCache.Refresh (15ms)
				TypeCache.ScanAssembly (1ms)
			BuildScriptInfoCaches (340ms)
			ResolveRequiredComponents (16ms)
	FinalizeReload (1509ms)
		ReleaseScriptCaches (0ms)
		RebuildScriptCaches (0ms)
		SetupLoadedEditorAssemblies (1175ms)
			LogAssemblyErrors (0ms)
			InitializePlatformSupportModulesInManaged (6ms)
			SetLoadedEditorAssemblies (11ms)
			BeforeProcessingInitializeOnLoad (177ms)
			ProcessInitializeOnLoadAttributes (899ms)
			ProcessInitializeOnLoadMethodAttributes (68ms)
			AfterProcessingInitializeOnLoad (12ms)
			EditorAssembliesLoaded (0ms)
		ExecutionOrderSort2 (0ms)
		AwakeInstancesAfterBackupRestoration (15ms)
Refreshing native plugins compatible for Editor in 1.95 ms, found 4 plugins.
Preloading 0 native plugins for Editor in 0.00 ms.
Unloading 19 Unused Serialized files (Serialized files now loaded: 0)
Unloading 7032 unused Assets / (5.2 MB). Loaded Objects now: 7749.
Memory consumption went from 151.4 MB to 146.2 MB.
Total: 9.704400 ms (FindLiveObjects: 0.991700 ms CreateObjectMapping: 0.613800 ms MarkObjects: 4.876500 ms  DeleteObjects: 3.220800 ms)

Prepare: number of updated asset objects reloaded= 0
========================================================================
Received Prepare
'Packages/com.unity.cinemachine/Editor/Obsolete/CinemachineVirtualCameraBaseEditor.cs' contains partial class of Unity.Object, exactly 1 of the partial classes needs to be in a file with the same filename. This is to know the one that can be referenced from ie. GameObjects
'Packages/com.unity.cinemachine/Editor/Editors/CinemachineVirtualCameraBaseEditor.cs' contains partial class of Unity.Object, exactly 1 of the partial classes needs to be in a file with the same filename. This is to know the one that can be referenced from ie. GameObjects
Refreshing native plugins compatible for Editor in 5.98 ms, found 4 plugins.
Preloading 0 native plugins for Editor in 0.00 ms.
Unloading 14 Unused Serialized files (Serialized files now loaded: 0)
Unloading 7021 unused Assets / (5.6 MB). Loaded Objects now: 7749.
Memory consumption went from 151.5 MB to 145.8 MB.
Total: 26.930700 ms (FindLiveObjects: 3.288100 ms CreateObjectMapping: 2.543600 ms MarkObjects: 12.739100 ms  DeleteObjects: 8.357700 ms)

Prepare: number of updated asset objects reloaded= 0
========================================================================
Received Prepare
Assembly reference Packages/com.unity.cinemachine/Editor/Samples/ExposeHDRPInternals/HDRP-Editor-ref.asmref has no target assembly definition
Assembly reference Packages/com.unity.cinemachine/Editor/Samples/ExposeHDRPInternals/HDRP-Editor-ref.asmref has no target assembly definition
Begin MonoManager ReloadAssembly
DirectoryNotFoundException: Could not find a part of the path "C:\Users\joser\OneDrive\Área de Trabalho\PROJETO\mermas-digitais-o-jogo-dev  -[2025_08_28]\mermas-digitais-o-jogo-dev\Mermãs Digitais O Jogo\Library\PackageCache\com.unity.visualscripting\Editor\VisualScripting.Core\Dependencies\YamlDotNet\Unity.VisualScripting.YamlDotNet.dll"
  at System.IO.FileStream..ctor (System.String path, System.IO.FileMode mode, System.IO.FileAccess access, System.IO.FileShare share, System.Int32 bufferSize, System.Boolean anonymous, System.IO.FileOptions options) [0x0019e] in <ed969b0e627d471da4848289f9c322df>:0 
  at System.IO.FileStream..ctor (System.String path, System.IO.FileMode mode, System.IO.FileAccess access, System.IO.FileShare share) [0x00000] in <ed969b0e627d471da4848289f9c322df>:0 
  at (wrapper remoting-invoke-with-check) System.IO.FileStream..ctor(string,System.IO.FileMode,System.IO.FileAccess,System.IO.FileShare)
  at Mono.Cecil.ModuleDefinition.GetFileStream (System.String fileName, System.IO.FileMode mode, System.IO.FileAccess access, System.IO.FileShare share) [0x00006] in <a6860a9f6366437387ebdc1f225b7fd4>:0 
  at Mono.Cecil.ModuleDefinition.ReadModule (System.String fileName, Mono.Cecil.ReaderParameters parameters) [0x00008] in <a6860a9f6366437387ebdc1f225b7fd4>:0 
  at Mono.Cecil.AssemblyDefinition.ReadAssembly (System.String fileName, Mono.Cecil.ReaderParameters parameters) [0x00000] in <a6860a9f6366437387ebdc1f225b7fd4>:0 
  at UnityEditor.AssemblyValidation.LoadAssemblyDefinitions (System.String[] assemblyPaths, System.String[] searchPaths) [0x00048] in <20f98a04ac634cc8bf5f95425bb19bb9>:0 
  at UnityEditor.AssemblyValidation.ValidateAssemblies (System.String[] assemblyPaths, System.Boolean enableLogging) [0x00007] in <20f98a04ac634cc8bf5f95425bb19bb9>:0 

- Loaded All Assemblies, in  1.009 seconds
Assembly reference Packages/com.unity.cinemachine/Editor/Samples/ExposeHDRPInternals/HDRP-Editor-ref.asmref has no target assembly definition
'Packages/com.unity.cinemachine/Editor/Obsolete/CinemachineVirtualCameraBaseEditor.cs' contains partial class of Unity.Object, exactly 1 of the partial classes needs to be in a file with the same filename. This is to know the one that can be referenced from ie. GameObjects
'Packages/com.unity.cinemachine/Editor/Editors/CinemachineVirtualCameraBaseEditor.cs' contains partial class of Unity.Object, exactly 1 of the partial classes needs to be in a file with the same filename. This is to know the one that can be referenced from ie. GameObjects
Refreshing native plugins compatible for Editor in 3.80 ms, found 4 plugins.
Native extension for WindowsStandalone target not found
Assembly reference Packages/com.unity.cinemachine/Editor/Samples/ExposeHDRPInternals/HDRP-Editor-ref.asmref has no target assembly definition
[Package Manager] Failed to launch server process. Reason: Unity was launched with the -noUpm command-line argument
[Package Manager] Unable to send message (not connected to server process).
[Package Manager] Cannot connect to Unity Package Manager local server
Mono: successfully reloaded assembly
- Finished resetting the current domain, in  1.747 seconds
Domain Reload Profiling: 2755ms
	BeginReloadAssembly (306ms)
		ExecutionOrderSort (0ms)
		DisableScriptedObjects (20ms)
		BackupInstance (0ms)
		ReleaseScriptingObjects (0ms)
		CreateAndSetChildDomain (63ms)
	RebuildCommonClasses (44ms)
	RebuildNativeTypeToScriptingClass (17ms)
	initialDomainReloadingComplete (39ms)
	LoadAllAssembliesAndSetupDomain (602ms)
		LoadAssemblies (368ms)
		RebuildTransferFunctionScriptingTraits (0ms)
		AnalyzeDomain (387ms)
			TypeCache.Refresh (18ms)
				TypeCache.ScanAssembly (2ms)
			BuildScriptInfoCaches (347ms)
			ResolveRequiredComponents (15ms)
	FinalizeReload (1748ms)
		ReleaseScriptCaches (0ms)
		RebuildScriptCaches (0ms)
		SetupLoadedEditorAssemblies (1398ms)
			LogAssemblyErrors (0ms)
			InitializePlatformSupportModulesInManaged (5ms)
			SetLoadedEditorAssemblies (11ms)
			BeforeProcessingInitializeOnLoad (174ms)
			ProcessInitializeOnLoadAttributes (1076ms)
			ProcessInitializeOnLoadMethodAttributes (112ms)
			AfterProcessingInitializeOnLoad (19ms)
			EditorAssembliesLoaded (0ms)
		ExecutionOrderSort2 (0ms)
		AwakeInstancesAfterBackupRestoration (25ms)
Refreshing native plugins compatible for Editor in 2.76 ms, found 4 plugins.
Preloading 0 native plugins for Editor in 0.00 ms.
Unloading 19 Unused Serialized files (Serialized files now loaded: 0)
Unloading 7032 unused Assets / (5.3 MB). Loaded Objects now: 7751.
Memory consumption went from 151.4 MB to 146.2 MB.
Total: 13.964600 ms (FindLiveObjects: 0.853900 ms CreateObjectMapping: 0.827400 ms MarkObjects: 7.112800 ms  DeleteObjects: 5.166900 ms)

Prepare: number of updated asset objects reloaded= 0
========================================================================
Received Prepare
Assembly reference Packages/com.unity.cinemachine/Editor/Samples/ExposeHDRPInternals/HDRP-Editor-ref.asmref has no target assembly definition
Assembly reference Packages/com.unity.cinemachine/Editor/Samples/ExposeHDRPInternals/HDRP-Editor-ref.asmref has no target assembly definition
Begin MonoManager ReloadAssembly
DirectoryNotFoundException: Could not find a part of the path "C:\Users\joser\OneDrive\Área de Trabalho\PROJETO\mermas-digitais-o-jogo-dev  -[2025_08_28]\mermas-digitais-o-jogo-dev\Mermãs Digitais O Jogo\Library\PackageCache\com.unity.visualscripting\Editor\VisualScripting.Core\Dependencies\YamlDotNet\Unity.VisualScripting.YamlDotNet.dll"
  at System.IO.FileStream..ctor (System.String path, System.IO.FileMode mode, System.IO.FileAccess access, System.IO.FileShare share, System.Int32 bufferSize, System.Boolean anonymous, System.IO.FileOptions options) [0x0019e] in <ed969b0e627d471da4848289f9c322df>:0 
  at System.IO.FileStream..ctor (System.String path, System.IO.FileMode mode, System.IO.FileAccess access, System.IO.FileShare share) [0x00000] in <ed969b0e627d471da4848289f9c322df>:0 
  at (wrapper remoting-invoke-with-check) System.IO.FileStream..ctor(string,System.IO.FileMode,System.IO.FileAccess,System.IO.FileShare)
  at Mono.Cecil.ModuleDefinition.GetFileStream (System.String fileName, System.IO.FileMode mode, System.IO.FileAccess access, System.IO.FileShare share) [0x00006] in <a6860a9f6366437387ebdc1f225b7fd4>:0 
  at Mono.Cecil.ModuleDefinition.ReadModule (System.String fileName, Mono.Cecil.ReaderParameters parameters) [0x00008] in <a6860a9f6366437387ebdc1f225b7fd4>:0 
  at Mono.Cecil.AssemblyDefinition.ReadAssembly (System.String fileName, Mono.Cecil.ReaderParameters parameters) [0x00000] in <a6860a9f6366437387ebdc1f225b7fd4>:0 
  at UnityEditor.AssemblyValidation.LoadAssemblyDefinitions (System.String[] assemblyPaths, System.String[] searchPaths) [0x00048] in <20f98a04ac634cc8bf5f95425bb19bb9>:0 
  at UnityEditor.AssemblyValidation.ValidateAssemblies (System.String[] assemblyPaths, System.Boolean enableLogging) [0x00007] in <20f98a04ac634cc8bf5f95425bb19bb9>:0 

- Loaded All Assemblies, in  1.477 seconds
Assembly reference Packages/com.unity.cinemachine/Editor/Samples/ExposeHDRPInternals/HDRP-Editor-ref.asmref has no target assembly definition
'Packages/com.unity.cinemachine/Editor/Obsolete/CinemachineVirtualCameraBaseEditor.cs' contains partial class of Unity.Object, exactly 1 of the partial classes needs to be in a file with the same filename. This is to know the one that can be referenced from ie. GameObjects
'Packages/com.unity.cinemachine/Editor/Editors/CinemachineVirtualCameraBaseEditor.cs' contains partial class of Unity.Object, exactly 1 of the partial classes needs to be in a file with the same filename. This is to know the one that can be referenced from ie. GameObjects
Refreshing native plugins compatible for Editor in 3.86 ms, found 4 plugins.
Native extension for WindowsStandalone target not found
Assembly reference Packages/com.unity.cinemachine/Editor/Samples/ExposeHDRPInternals/HDRP-Editor-ref.asmref has no target assembly definition
[Package Manager] Failed to launch server process. Reason: Unity was launched with the -noUpm command-line argument
[Package Manager] Unable to send message (not connected to server process).
[Package Manager] Cannot connect to Unity Package Manager local server
Mono: successfully reloaded assembly
- Finished resetting the current domain, in  1.914 seconds
Domain Reload Profiling: 3385ms
	BeginReloadAssembly (591ms)
		ExecutionOrderSort (0ms)
		DisableScriptedObjects (71ms)
		BackupInstance (0ms)
		ReleaseScriptingObjects (1ms)
		CreateAndSetChildDomain (182ms)
	RebuildCommonClasses (61ms)
	RebuildNativeTypeToScriptingClass (22ms)
	initialDomainReloadingComplete (59ms)
	LoadAllAssembliesAndSetupDomain (736ms)
		LoadAssemblies (539ms)
		RebuildTransferFunctionScriptingTraits (0ms)
		AnalyzeDomain (432ms)
			TypeCache.Refresh (16ms)
				TypeCache.ScanAssembly (0ms)
			BuildScriptInfoCaches (382ms)
			ResolveRequiredComponents (24ms)
	FinalizeReload (1915ms)
		ReleaseScriptCaches (0ms)
		RebuildScriptCaches (0ms)
		SetupLoadedEditorAssemblies (1529ms)
			LogAssemblyErrors (0ms)
			InitializePlatformSupportModulesInManaged (6ms)
			SetLoadedEditorAssemblies (11ms)
			BeforeProcessingInitializeOnLoad (179ms)
			ProcessInitializeOnLoadAttributes (1202ms)
			ProcessInitializeOnLoadMethodAttributes (111ms)
			AfterProcessingInitializeOnLoad (20ms)
			EditorAssembliesLoaded (1ms)
		ExecutionOrderSort2 (0ms)
		AwakeInstancesAfterBackupRestoration (20ms)
Refreshing native plugins compatible for Editor in 3.83 ms, found 4 plugins.
Preloading 0 native plugins for Editor in 0.00 ms.
Unloading 19 Unused Serialized files (Serialized files now loaded: 0)
Unloading 7032 unused Assets / (5.1 MB). Loaded Objects now: 7753.
Memory consumption went from 151.5 MB to 146.4 MB.
Total: 26.091800 ms (FindLiveObjects: 2.130100 ms CreateObjectMapping: 0.955300 ms MarkObjects: 14.039100 ms  DeleteObjects: 8.961900 ms)

Prepare: number of updated asset objects reloaded= 0
========================================================================
Received Prepare
'Packages/com.unity.cinemachine/Editor/Obsolete/CinemachineVirtualCameraBaseEditor.cs' contains partial class of Unity.Object, exactly 1 of the partial classes needs to be in a file with the same filename. This is to know the one that can be referenced from ie. GameObjects
'Packages/com.unity.cinemachine/Editor/Editors/CinemachineVirtualCameraBaseEditor.cs' contains partial class of Unity.Object, exactly 1 of the partial classes needs to be in a file with the same filename. This is to know the one that can be referenced from ie. GameObjects
Refreshing native plugins compatible for Editor in 6.10 ms, found 4 plugins.
Preloading 0 native plugins for Editor in 0.00 ms.
Unloading 14 Unused Serialized files (Serialized files now loaded: 0)
Unloading 7021 unused Assets / (5.6 MB). Loaded Objects now: 7753.
Memory consumption went from 151.5 MB to 145.9 MB.
Total: 24.060100 ms (FindLiveObjects: 1.941100 ms CreateObjectMapping: 2.356900 ms MarkObjects: 10.788900 ms  DeleteObjects: 8.969900 ms)

Prepare: number of updated asset objects reloaded= 0
========================================================================
Received Prepare
Assembly reference Packages/com.unity.cinemachine/Editor/Samples/ExposeHDRPInternals/HDRP-Editor-ref.asmref has no target assembly definition
Assembly reference Packages/com.unity.cinemachine/Editor/Samples/ExposeHDRPInternals/HDRP-Editor-ref.asmref has no target assembly definition
Begin MonoManager ReloadAssembly
DirectoryNotFoundException: Could not find a part of the path "C:\Users\joser\OneDrive\Área de Trabalho\PROJETO\mermas-digitais-o-jogo-dev  -[2025_08_28]\mermas-digitais-o-jogo-dev\Mermãs Digitais O Jogo\Library\PackageCache\com.unity.visualscripting\Editor\VisualScripting.Core\Dependencies\YamlDotNet\Unity.VisualScripting.YamlDotNet.dll"
  at System.IO.FileStream..ctor (System.String path, System.IO.FileMode mode, System.IO.FileAccess access, System.IO.FileShare share, System.Int32 bufferSize, System.Boolean anonymous, System.IO.FileOptions options) [0x0019e] in <ed969b0e627d471da4848289f9c322df>:0 
  at System.IO.FileStream..ctor (System.String path, System.IO.FileMode mode, System.IO.FileAccess access, System.IO.FileShare share) [0x00000] in <ed969b0e627d471da4848289f9c322df>:0 
  at (wrapper remoting-invoke-with-check) System.IO.FileStream..ctor(string,System.IO.FileMode,System.IO.FileAccess,System.IO.FileShare)
  at Mono.Cecil.ModuleDefinition.GetFileStream (System.String fileName, System.IO.FileMode mode, System.IO.FileAccess access, System.IO.FileShare share) [0x00006] in <a6860a9f6366437387ebdc1f225b7fd4>:0 
  at Mono.Cecil.ModuleDefinition.ReadModule (System.String fileName, Mono.Cecil.ReaderParameters parameters) [0x00008] in <a6860a9f6366437387ebdc1f225b7fd4>:0 
  at Mono.Cecil.AssemblyDefinition.ReadAssembly (System.String fileName, Mono.Cecil.ReaderParameters parameters) [0x00000] in <a6860a9f6366437387ebdc1f225b7fd4>:0 
  at UnityEditor.AssemblyValidation.LoadAssemblyDefinitions (System.String[] assemblyPaths, System.String[] searchPaths) [0x00048] in <20f98a04ac634cc8bf5f95425bb19bb9>:0 
  at UnityEditor.AssemblyValidation.ValidateAssemblies (System.String[] assemblyPaths, System.Boolean enableLogging) [0x00007] in <20f98a04ac634cc8bf5f95425bb19bb9>:0 

- Loaded All Assemblies, in  0.991 seconds
Assembly reference Packages/com.unity.cinemachine/Editor/Samples/ExposeHDRPInternals/HDRP-Editor-ref.asmref has no target assembly definition
'Packages/com.unity.cinemachine/Editor/Obsolete/CinemachineVirtualCameraBaseEditor.cs' contains partial class of Unity.Object, exactly 1 of the partial classes needs to be in a file with the same filename. This is to know the one that can be referenced from ie. GameObjects
'Packages/com.unity.cinemachine/Editor/Editors/CinemachineVirtualCameraBaseEditor.cs' contains partial class of Unity.Object, exactly 1 of the partial classes needs to be in a file with the same filename. This is to know the one that can be referenced from ie. GameObjects
Refreshing native plugins compatible for Editor in 3.87 ms, found 4 plugins.
Native extension for WindowsStandalone target not found
Assembly reference Packages/com.unity.cinemachine/Editor/Samples/ExposeHDRPInternals/HDRP-Editor-ref.asmref has no target assembly definition
[Package Manager] Failed to launch server process. Reason: Unity was launched with the -noUpm command-line argument
[Package Manager] Unable to send message (not connected to server process).
[Package Manager] Cannot connect to Unity Package Manager local server
Mono: successfully reloaded assembly
- Finished resetting the current domain, in  1.744 seconds
Domain Reload Profiling: 2733ms
	BeginReloadAssembly (284ms)
		ExecutionOrderSort (0ms)
		DisableScriptedObjects (16ms)
		BackupInstance (0ms)
		ReleaseScriptingObjects (0ms)
		CreateAndSetChildDomain (66ms)
	RebuildCommonClasses (47ms)
	RebuildNativeTypeToScriptingClass (14ms)
	initialDomainReloadingComplete (43ms)
	LoadAllAssembliesAndSetupDomain (600ms)
		LoadAssemblies (372ms)
		RebuildTransferFunctionScriptingTraits (0ms)
		AnalyzeDomain (375ms)
			TypeCache.Refresh (21ms)
				TypeCache.ScanAssembly (2ms)
			BuildScriptInfoCaches (337ms)
			ResolveRequiredComponents (13ms)
	FinalizeReload (1744ms)
		ReleaseScriptCaches (0ms)
		RebuildScriptCaches (0ms)
		SetupLoadedEditorAssemblies (1402ms)
			LogAssemblyErrors (0ms)
			InitializePlatformSupportModulesInManaged (4ms)
			SetLoadedEditorAssemblies (9ms)
			BeforeProcessingInitializeOnLoad (160ms)
			ProcessInitializeOnLoadAttributes (1100ms)
			ProcessInitializeOnLoadMethodAttributes (111ms)
			AfterProcessingInitializeOnLoad (18ms)
			EditorAssembliesLoaded (0ms)
		ExecutionOrderSort2 (0ms)
		AwakeInstancesAfterBackupRestoration (19ms)
Refreshing native plugins compatible for Editor in 2.77 ms, found 4 plugins.
Preloading 0 native plugins for Editor in 0.00 ms.
Unloading 19 Unused Serialized files (Serialized files now loaded: 0)
Unloading 7032 unused Assets / (5.3 MB). Loaded Objects now: 7755.
Memory consumption went from 151.5 MB to 146.1 MB.
Total: 14.907800 ms (FindLiveObjects: 1.490500 ms CreateObjectMapping: 0.851700 ms MarkObjects: 7.334600 ms  DeleteObjects: 5.229000 ms)

Prepare: number of updated asset objects reloaded= 0
========================================================================
Received Import Request.
  Time since last request: 6264.245418 seconds.
  path: Assets/Scenes/Fase 3.unity
  artifactKey: Guid(75e153ae6241a0642adbf199068b9ebf) Importer(815301076,1909f56bfc062723c751e8b465ee728b)
Start importing Assets/Scenes/Fase 3.unity using Guid(75e153ae6241a0642adbf199068b9ebf) Importer(815301076,1909f56bfc062723c751e8b465ee728b) (PreviewImporter) -> (artifact id: 'b2d1cb2ec74dac65cb0dead7708dac3a') in 0.0952161 seconds
Number of updated asset objects reloaded before import = 0Number of asset objects unloaded after import = 0

========================================================================
Received Prepare
Assembly reference Packages/com.unity.cinemachine/Editor/Samples/ExposeHDRPInternals/HDRP-Editor-ref.asmref has no target assembly definition
Assembly reference Packages/com.unity.cinemachine/Editor/Samples/ExposeHDRPInternals/HDRP-Editor-ref.asmref has no target assembly definition
Begin MonoManager ReloadAssembly
DirectoryNotFoundException: Could not find a part of the path "C:\Users\joser\OneDrive\Área de Trabalho\PROJETO\mermas-digitais-o-jogo-dev  -[2025_08_28]\mermas-digitais-o-jogo-dev\Mermãs Digitais O Jogo\Library\PackageCache\com.unity.visualscripting\Editor\VisualScripting.Core\Dependencies\YamlDotNet\Unity.VisualScripting.YamlDotNet.dll"
  at System.IO.FileStream..ctor (System.String path, System.IO.FileMode mode, System.IO.FileAccess access, System.IO.FileShare share, System.Int32 bufferSize, System.Boolean anonymous, System.IO.FileOptions options) [0x0019e] in <ed969b0e627d471da4848289f9c322df>:0 
  at System.IO.FileStream..ctor (System.String path, System.IO.FileMode mode, System.IO.FileAccess access, System.IO.FileShare share) [0x00000] in <ed969b0e627d471da4848289f9c322df>:0 
  at (wrapper remoting-invoke-with-check) System.IO.FileStream..ctor(string,System.IO.FileMode,System.IO.FileAccess,System.IO.FileShare)
  at Mono.Cecil.ModuleDefinition.GetFileStream (System.String fileName, System.IO.FileMode mode, System.IO.FileAccess access, System.IO.FileShare share) [0x00006] in <a6860a9f6366437387ebdc1f225b7fd4>:0 
  at Mono.Cecil.ModuleDefinition.ReadModule (System.String fileName, Mono.Cecil.ReaderParameters parameters) [0x00008] in <a6860a9f6366437387ebdc1f225b7fd4>:0 
  at Mono.Cecil.AssemblyDefinition.ReadAssembly (System.String fileName, Mono.Cecil.ReaderParameters parameters) [0x00000] in <a6860a9f6366437387ebdc1f225b7fd4>:0 
  at UnityEditor.AssemblyValidation.LoadAssemblyDefinitions (System.String[] assemblyPaths, System.String[] searchPaths) [0x00048] in <20f98a04ac634cc8bf5f95425bb19bb9>:0 
  at UnityEditor.AssemblyValidation.ValidateAssemblies (System.String[] assemblyPaths, System.Boolean enableLogging) [0x00007] in <20f98a04ac634cc8bf5f95425bb19bb9>:0 

- Loaded All Assemblies, in  1.597 seconds
Assembly reference Packages/com.unity.cinemachine/Editor/Samples/ExposeHDRPInternals/HDRP-Editor-ref.asmref has no target assembly definition
'Packages/com.unity.cinemachine/Editor/Obsolete/CinemachineVirtualCameraBaseEditor.cs' contains partial class of Unity.Object, exactly 1 of the partial classes needs to be in a file with the same filename. This is to know the one that can be referenced from ie. GameObjects
'Packages/com.unity.cinemachine/Editor/Editors/CinemachineVirtualCameraBaseEditor.cs' contains partial class of Unity.Object, exactly 1 of the partial classes needs to be in a file with the same filename. This is to know the one that can be referenced from ie. GameObjects
Refreshing native plugins compatible for Editor in 10.01 ms, found 4 plugins.
Native extension for WindowsStandalone target not found
Assembly reference Packages/com.unity.cinemachine/Editor/Samples/ExposeHDRPInternals/HDRP-Editor-ref.asmref has no target assembly definition
[Package Manager] Failed to launch server process. Reason: Unity was launched with the -noUpm command-line argument
[Package Manager] Unable to send message (not connected to server process).
[Package Manager] Cannot connect to Unity Package Manager local server
Mono: successfully reloaded assembly
- Finished resetting the current domain, in  2.130 seconds
Domain Reload Profiling: 3726ms
	BeginReloadAssembly (685ms)
		ExecutionOrderSort (0ms)
		DisableScriptedObjects (73ms)
		BackupInstance (0ms)
		ReleaseScriptingObjects (1ms)
		CreateAndSetChildDomain (235ms)
	RebuildCommonClasses (64ms)
	RebuildNativeTypeToScriptingClass (15ms)
	initialDomainReloadingComplete (64ms)
	LoadAllAssembliesAndSetupDomain (766ms)
		LoadAssemblies (537ms)
		RebuildTransferFunctionScriptingTraits (0ms)
		AnalyzeDomain (451ms)
			TypeCache.Refresh (15ms)
				TypeCache.ScanAssembly (0ms)
			BuildScriptInfoCaches (406ms)
			ResolveRequiredComponents (20ms)
	FinalizeReload (2132ms)
		ReleaseScriptCaches (0ms)
		RebuildScriptCaches (0ms)
		SetupLoadedEditorAssemblies (1596ms)
			LogAssemblyErrors (0ms)
			InitializePlatformSupportModulesInManaged (6ms)
			SetLoadedEditorAssemblies (14ms)
			BeforeProcessingInitializeOnLoad (205ms)
			ProcessInitializeOnLoadAttributes (1244ms)
			ProcessInitializeOnLoadMethodAttributes (108ms)
			AfterProcessingInitializeOnLoad (18ms)
			EditorAssembliesLoaded (1ms)
		ExecutionOrderSort2 (0ms)
		AwakeInstancesAfterBackupRestoration (20ms)
Refreshing native plugins compatible for Editor in 5.35 ms, found 4 plugins.
Preloading 0 native plugins for Editor in 0.00 ms.
Unloading 19 Unused Serialized files (Serialized files now loaded: 0)
Unloading 7032 unused Assets / (5.6 MB). Loaded Objects now: 7757.
Memory consumption went from 151.5 MB to 145.9 MB.
Total: 20.755900 ms (FindLiveObjects: 1.796400 ms CreateObjectMapping: 1.233800 ms MarkObjects: 9.008400 ms  DeleteObjects: 8.712300 ms)

Prepare: number of updated asset objects reloaded= 0
========================================================================
Received Import Request.
  Time since last request: 880.662656 seconds.
  path: Assets/Scenes/Fase 3.unity
  artifactKey: Guid(75e153ae6241a0642adbf199068b9ebf) Importer(815301076,1909f56bfc062723c751e8b465ee728b)
Start importing Assets/Scenes/Fase 3.unity using Guid(75e153ae6241a0642adbf199068b9ebf) Importer(815301076,1909f56bfc062723c751e8b465ee728b) (PreviewImporter) -> (artifact id: '9e6b5b200fa2d0aea66bbd2b325b5e03') in 0.0142194 seconds
Number of updated asset objects reloaded before import = 0Number of asset objects unloaded after import = 0

========================================================================
Received Prepare
Assembly reference Packages/com.unity.cinemachine/Editor/Samples/ExposeHDRPInternals/HDRP-Editor-ref.asmref has no target assembly definition
Assembly reference Packages/com.unity.cinemachine/Editor/Samples/ExposeHDRPInternals/HDRP-Editor-ref.asmref has no target assembly definition
Begin MonoManager ReloadAssembly
DirectoryNotFoundException: Could not find a part of the path "C:\Users\joser\OneDrive\Área de Trabalho\PROJETO\mermas-digitais-o-jogo-dev  -[2025_08_28]\mermas-digitais-o-jogo-dev\Mermãs Digitais O Jogo\Library\PackageCache\com.unity.visualscripting\Editor\VisualScripting.Core\Dependencies\YamlDotNet\Unity.VisualScripting.YamlDotNet.dll"
  at System.IO.FileStream..ctor (System.String path, System.IO.FileMode mode, System.IO.FileAccess access, System.IO.FileShare share, System.Int32 bufferSize, System.Boolean anonymous, System.IO.FileOptions options) [0x0019e] in <ed969b0e627d471da4848289f9c322df>:0 
  at System.IO.FileStream..ctor (System.String path, System.IO.FileMode mode, System.IO.FileAccess access, System.IO.FileShare share) [0x00000] in <ed969b0e627d471da4848289f9c322df>:0 
  at (wrapper remoting-invoke-with-check) System.IO.FileStream..ctor(string,System.IO.FileMode,System.IO.FileAccess,System.IO.FileShare)
  at Mono.Cecil.ModuleDefinition.GetFileStream (System.String fileName, System.IO.FileMode mode, System.IO.FileAccess access, System.IO.FileShare share) [0x00006] in <a6860a9f6366437387ebdc1f225b7fd4>:0 
  at Mono.Cecil.ModuleDefinition.ReadModule (System.String fileName, Mono.Cecil.ReaderParameters parameters) [0x00008] in <a6860a9f6366437387ebdc1f225b7fd4>:0 
  at Mono.Cecil.AssemblyDefinition.ReadAssembly (System.String fileName, Mono.Cecil.ReaderParameters parameters) [0x00000] in <a6860a9f6366437387ebdc1f225b7fd4>:0 
  at UnityEditor.AssemblyValidation.LoadAssemblyDefinitions (System.String[] assemblyPaths, System.String[] searchPaths) [0x00048] in <20f98a04ac634cc8bf5f95425bb19bb9>:0 
  at UnityEditor.AssemblyValidation.ValidateAssemblies (System.String[] assemblyPaths, System.Boolean enableLogging) [0x00007] in <20f98a04ac634cc8bf5f95425bb19bb9>:0 

- Loaded All Assemblies, in  1.143 seconds
Assembly reference Packages/com.unity.cinemachine/Editor/Samples/ExposeHDRPInternals/HDRP-Editor-ref.asmref has no target assembly definition
'Packages/com.unity.cinemachine/Editor/Obsolete/CinemachineVirtualCameraBaseEditor.cs' contains partial class of Unity.Object, exactly 1 of the partial classes needs to be in a file with the same filename. This is to know the one that can be referenced from ie. GameObjects
'Packages/com.unity.cinemachine/Editor/Editors/CinemachineVirtualCameraBaseEditor.cs' contains partial class of Unity.Object, exactly 1 of the partial classes needs to be in a file with the same filename. This is to know the one that can be referenced from ie. GameObjects
Refreshing native plugins compatible for Editor in 5.33 ms, found 4 plugins.
Native extension for WindowsStandalone target not found
Assembly reference Packages/com.unity.cinemachine/Editor/Samples/ExposeHDRPInternals/HDRP-Editor-ref.asmref has no target assembly definition
[Package Manager] Failed to launch server process. Reason: Unity was launched with the -noUpm command-line argument
[Package Manager] Unable to send message (not connected to server process).
[Package Manager] Cannot connect to Unity Package Manager local server
Mono: successfully reloaded assembly
- Finished resetting the current domain, in  1.760 seconds
Domain Reload Profiling: 2897ms
	BeginReloadAssembly (334ms)
		ExecutionOrderSort (0ms)
		DisableScriptedObjects (17ms)
		BackupInstance (0ms)
		ReleaseScriptingObjects (1ms)
		CreateAndSetChildDomain (82ms)
	RebuildCommonClasses (55ms)
	RebuildNativeTypeToScriptingClass (21ms)
	initialDomainReloadingComplete (57ms)
	LoadAllAssembliesAndSetupDomain (669ms)
		LoadAssemblies (462ms)
		RebuildTransferFunctionScriptingTraits (0ms)
		AnalyzeDomain (381ms)
			TypeCache.Refresh (9ms)
				TypeCache.ScanAssembly (0ms)
			BuildScriptInfoCaches (348ms)
			ResolveRequiredComponents (16ms)
	FinalizeReload (1761ms)
		ReleaseScriptCaches (0ms)
		RebuildScriptCaches (0ms)
		SetupLoadedEditorAssemblies (1419ms)
			LogAssemblyErrors (0ms)
			InitializePlatformSupportModulesInManaged (3ms)
			SetLoadedEditorAssemblies (11ms)
			BeforeProcessingInitializeOnLoad (152ms)
			ProcessInitializeOnLoadAttributes (1122ms)
			ProcessInitializeOnLoadMethodAttributes (111ms)
			AfterProcessingInitializeOnLoad (19ms)
			EditorAssembliesLoaded (1ms)
		ExecutionOrderSort2 (0ms)
		AwakeInstancesAfterBackupRestoration (22ms)
Refreshing native plugins compatible for Editor in 3.05 ms, found 4 plugins.
Preloading 0 native plugins for Editor in 0.00 ms.
Unloading 19 Unused Serialized files (Serialized files now loaded: 0)
Unloading 7032 unused Assets / (5.3 MB). Loaded Objects now: 7759.
Memory consumption went from 151.5 MB to 146.2 MB.
Total: 20.922100 ms (FindLiveObjects: 1.586500 ms CreateObjectMapping: 1.259600 ms MarkObjects: 10.181800 ms  DeleteObjects: 7.891000 ms)

Prepare: number of updated asset objects reloaded= 0
========================================================================
Received Import Request.
  Time since last request: 534.286470 seconds.
  path: Assets/Scenes/Fase 3.unity
  artifactKey: Guid(75e153ae6241a0642adbf199068b9ebf) Importer(815301076,1909f56bfc062723c751e8b465ee728b)
Start importing Assets/Scenes/Fase 3.unity using Guid(75e153ae6241a0642adbf199068b9ebf) Importer(815301076,1909f56bfc062723c751e8b465ee728b) (PreviewImporter) -> (artifact id: '8e526ad968a1377bf9cce9d9ef204f58') in 0.005839 seconds
Number of updated asset objects reloaded before import = 0Number of asset objects unloaded after import = 0

========================================================================
Received Import Request.
  Time since last request: 304.564087 seconds.
  path: Assets/Scenes/Fase 1.unity
  artifactKey: Guid(cc114c88b78d7b848aadd79237685f48) Importer(815301076,1909f56bfc062723c751e8b465ee728b)
Start importing Assets/Scenes/Fase 1.unity using Guid(cc114c88b78d7b848aadd79237685f48) Importer(815301076,1909f56bfc062723c751e8b465ee728b) (PreviewImporter) -> (artifact id: '386b7481ba7a59cc930d48ebdb6865b6') in 0.0022145 seconds
Number of updated asset objects reloaded before import = 0Number of asset objects unloaded after import = 0

========================================================================
Received Prepare
Assembly reference Packages/com.unity.cinemachine/Editor/Samples/ExposeHDRPInternals/HDRP-Editor-ref.asmref has no target assembly definition
Assembly reference Packages/com.unity.cinemachine/Editor/Samples/ExposeHDRPInternals/HDRP-Editor-ref.asmref has no target assembly definition
Begin MonoManager ReloadAssembly
DirectoryNotFoundException: Could not find a part of the path "C:\Users\joser\OneDrive\Área de Trabalho\PROJETO\mermas-digitais-o-jogo-dev  -[2025_08_28]\mermas-digitais-o-jogo-dev\Mermãs Digitais O Jogo\Library\PackageCache\com.unity.visualscripting\Editor\VisualScripting.Core\Dependencies\YamlDotNet\Unity.VisualScripting.YamlDotNet.dll"
  at System.IO.FileStream..ctor (System.String path, System.IO.FileMode mode, System.IO.FileAccess access, System.IO.FileShare share, System.Int32 bufferSize, System.Boolean anonymous, System.IO.FileOptions options) [0x0019e] in <ed969b0e627d471da4848289f9c322df>:0 
  at System.IO.FileStream..ctor (System.String path, System.IO.FileMode mode, System.IO.FileAccess access, System.IO.FileShare share) [0x00000] in <ed969b0e627d471da4848289f9c322df>:0 
  at (wrapper remoting-invoke-with-check) System.IO.FileStream..ctor(string,System.IO.FileMode,System.IO.FileAccess,System.IO.FileShare)
  at Mono.Cecil.ModuleDefinition.GetFileStream (System.String fileName, System.IO.FileMode mode, System.IO.FileAccess access, System.IO.FileShare share) [0x00006] in <a6860a9f6366437387ebdc1f225b7fd4>:0 
  at Mono.Cecil.ModuleDefinition.ReadModule (System.String fileName, Mono.Cecil.ReaderParameters parameters) [0x00008] in <a6860a9f6366437387ebdc1f225b7fd4>:0 
  at Mono.Cecil.AssemblyDefinition.ReadAssembly (System.String fileName, Mono.Cecil.ReaderParameters parameters) [0x00000] in <a6860a9f6366437387ebdc1f225b7fd4>:0 
  at UnityEditor.AssemblyValidation.LoadAssemblyDefinitions (System.String[] assemblyPaths, System.String[] searchPaths) [0x00048] in <20f98a04ac634cc8bf5f95425bb19bb9>:0 
  at UnityEditor.AssemblyValidation.ValidateAssemblies (System.String[] assemblyPaths, System.Boolean enableLogging) [0x00007] in <20f98a04ac634cc8bf5f95425bb19bb9>:0 

- Loaded All Assemblies, in  1.082 seconds
Assembly reference Packages/com.unity.cinemachine/Editor/Samples/ExposeHDRPInternals/HDRP-Editor-ref.asmref has no target assembly definition
'Packages/com.unity.cinemachine/Editor/Obsolete/CinemachineVirtualCameraBaseEditor.cs' contains partial class of Unity.Object, exactly 1 of the partial classes needs to be in a file with the same filename. This is to know the one that can be referenced from ie. GameObjects
'Packages/com.unity.cinemachine/Editor/Editors/CinemachineVirtualCameraBaseEditor.cs' contains partial class of Unity.Object, exactly 1 of the partial classes needs to be in a file with the same filename. This is to know the one that can be referenced from ie. GameObjects
Refreshing native plugins compatible for Editor in 1.91 ms, found 4 plugins.
Native extension for WindowsStandalone target not found
Assembly reference Packages/com.unity.cinemachine/Editor/Samples/ExposeHDRPInternals/HDRP-Editor-ref.asmref has no target assembly definition
[Package Manager] Failed to launch server process. Reason: Unity was launched with the -noUpm command-line argument
[Package Manager] Unable to send message (not connected to server process).
[Package Manager] Cannot connect to Unity Package Manager local server
Mono: successfully reloaded assembly
- Finished resetting the current domain, in  1.729 seconds
Domain Reload Profiling: 2809ms
	BeginReloadAssembly (346ms)
		ExecutionOrderSort (0ms)
		DisableScriptedObjects (36ms)
		BackupInstance (0ms)
		ReleaseScriptingObjects (0ms)
		CreateAndSetChildDomain (74ms)
	RebuildCommonClasses (54ms)
	RebuildNativeTypeToScriptingClass (16ms)
	initialDomainReloadingComplete (47ms)
	LoadAllAssembliesAndSetupDomain (616ms)
		LoadAssemblies (391ms)
		RebuildTransferFunctionScriptingTraits (0ms)
		AnalyzeDomain (386ms)
			TypeCache.Refresh (11ms)
				TypeCache.ScanAssembly (0ms)
			BuildScriptInfoCaches (350ms)
			ResolveRequiredComponents (20ms)
	FinalizeReload (1730ms)
		ReleaseScriptCaches (0ms)
		RebuildScriptCaches (0ms)
		SetupLoadedEditorAssemblies (1388ms)
			LogAssemblyErrors (0ms)
			InitializePlatformSupportModulesInManaged (5ms)
			SetLoadedEditorAssemblies (8ms)
			BeforeProcessingInitializeOnLoad (173ms)
			ProcessInitializeOnLoadAttributes (1076ms)
			ProcessInitializeOnLoadMethodAttributes (109ms)
			AfterProcessingInitializeOnLoad (16ms)
			EditorAssembliesLoaded (1ms)
		ExecutionOrderSort2 (0ms)
		AwakeInstancesAfterBackupRestoration (26ms)
Refreshing native plugins compatible for Editor in 5.43 ms, found 4 plugins.
Preloading 0 native plugins for Editor in 0.00 ms.
Unloading 19 Unused Serialized files (Serialized files now loaded: 0)
Unloading 7032 unused Assets / (4.6 MB). Loaded Objects now: 7761.
Memory consumption went from 151.5 MB to 146.9 MB.
Total: 13.738500 ms (FindLiveObjects: 1.653400 ms CreateObjectMapping: 0.592100 ms MarkObjects: 7.143500 ms  DeleteObjects: 4.347600 ms)

Prepare: number of updated asset objects reloaded= 0
========================================================================
Received Import Request.
  Time since last request: 378.153272 seconds.
  path: Assets/Scenes/Fase 3.unity
  artifactKey: Guid(75e153ae6241a0642adbf199068b9ebf) Importer(815301076,1909f56bfc062723c751e8b465ee728b)
Start importing Assets/Scenes/Fase 3.unity using Guid(75e153ae6241a0642adbf199068b9ebf) Importer(815301076,1909f56bfc062723c751e8b465ee728b) (PreviewImporter) -> (artifact id: 'b700793965b2c3ac36ac2c3c1de635da') in 0.0062156 seconds
Number of updated asset objects reloaded before import = 0Number of asset objects unloaded after import = 0

========================================================================
Received Prepare
Assembly reference Packages/com.unity.cinemachine/Editor/Samples/ExposeHDRPInternals/HDRP-Editor-ref.asmref has no target assembly definition
Assembly reference Packages/com.unity.cinemachine/Editor/Samples/ExposeHDRPInternals/HDRP-Editor-ref.asmref has no target assembly definition
Begin MonoManager ReloadAssembly
DirectoryNotFoundException: Could not find a part of the path "C:\Users\joser\OneDrive\Área de Trabalho\PROJETO\mermas-digitais-o-jogo-dev  -[2025_08_28]\mermas-digitais-o-jogo-dev\Mermãs Digitais O Jogo\Library\PackageCache\com.unity.visualscripting\Editor\VisualScripting.Core\Dependencies\YamlDotNet\Unity.VisualScripting.YamlDotNet.dll"
  at System.IO.FileStream..ctor (System.String path, System.IO.FileMode mode, System.IO.FileAccess access, System.IO.FileShare share, System.Int32 bufferSize, System.Boolean anonymous, System.IO.FileOptions options) [0x0019e] in <ed969b0e627d471da4848289f9c322df>:0 
  at System.IO.FileStream..ctor (System.String path, System.IO.FileMode mode, System.IO.FileAccess access, System.IO.FileShare share) [0x00000] in <ed969b0e627d471da4848289f9c322df>:0 
  at (wrapper remoting-invoke-with-check) System.IO.FileStream..ctor(string,System.IO.FileMode,System.IO.FileAccess,System.IO.FileShare)
  at Mono.Cecil.ModuleDefinition.GetFileStream (System.String fileName, System.IO.FileMode mode, System.IO.FileAccess access, System.IO.FileShare share) [0x00006] in <a6860a9f6366437387ebdc1f225b7fd4>:0 
  at Mono.Cecil.ModuleDefinition.ReadModule (System.String fileName, Mono.Cecil.ReaderParameters parameters) [0x00008] in <a6860a9f6366437387ebdc1f225b7fd4>:0 
  at Mono.Cecil.AssemblyDefinition.ReadAssembly (System.String fileName, Mono.Cecil.ReaderParameters parameters) [0x00000] in <a6860a9f6366437387ebdc1f225b7fd4>:0 
  at UnityEditor.AssemblyValidation.LoadAssemblyDefinitions (System.String[] assemblyPaths, System.String[] searchPaths) [0x00048] in <20f98a04ac634cc8bf5f95425bb19bb9>:0 
  at UnityEditor.AssemblyValidation.ValidateAssemblies (System.String[] assemblyPaths, System.Boolean enableLogging) [0x00007] in <20f98a04ac634cc8bf5f95425bb19bb9>:0 

- Loaded All Assemblies, in  0.949 seconds
Assembly reference Packages/com.unity.cinemachine/Editor/Samples/ExposeHDRPInternals/HDRP-Editor-ref.asmref has no target assembly definition
'Packages/com.unity.cinemachine/Editor/Obsolete/CinemachineVirtualCameraBaseEditor.cs' contains partial class of Unity.Object, exactly 1 of the partial classes needs to be in a file with the same filename. This is to know the one that can be referenced from ie. GameObjects
'Packages/com.unity.cinemachine/Editor/Editors/CinemachineVirtualCameraBaseEditor.cs' contains partial class of Unity.Object, exactly 1 of the partial classes needs to be in a file with the same filename. This is to know the one that can be referenced from ie. GameObjects
Refreshing native plugins compatible for Editor in 4.82 ms, found 4 plugins.
Native extension for WindowsStandalone target not found
Assembly reference Packages/com.unity.cinemachine/Editor/Samples/ExposeHDRPInternals/HDRP-Editor-ref.asmref has no target assembly definition
[Package Manager] Failed to launch server process. Reason: Unity was launched with the -noUpm command-line argument
[Package Manager] Unable to send message (not connected to server process).
[Package Manager] Cannot connect to Unity Package Manager local server
Mono: successfully reloaded assembly
- Finished resetting the current domain, in  1.605 seconds
Domain Reload Profiling: 2553ms
	BeginReloadAssembly (287ms)
		ExecutionOrderSort (0ms)
		DisableScriptedObjects (23ms)
		BackupInstance (0ms)
		ReleaseScriptingObjects (0ms)
		CreateAndSetChildDomain (63ms)
	RebuildCommonClasses (50ms)
	RebuildNativeTypeToScriptingClass (18ms)
	initialDomainReloadingComplete (37ms)
	LoadAllAssembliesAndSetupDomain (556ms)
		LoadAssemblies (359ms)
		RebuildTransferFunctionScriptingTraits (0ms)
		AnalyzeDomain (333ms)
			TypeCache.Refresh (10ms)
				TypeCache.ScanAssembly (0ms)
			BuildScriptInfoCaches (299ms)
			ResolveRequiredComponents (20ms)
	FinalizeReload (1606ms)
		ReleaseScriptCaches (0ms)
		RebuildScriptCaches (0ms)
		SetupLoadedEditorAssemblies (1330ms)
			LogAssemblyErrors (0ms)
			InitializePlatformSupportModulesInManaged (3ms)
			SetLoadedEditorAssemblies (7ms)
			BeforeProcessingInitializeOnLoad (152ms)
			ProcessInitializeOnLoadAttributes (1035ms)
			ProcessInitializeOnLoadMethodAttributes (116ms)
			AfterProcessingInitializeOnLoad (17ms)
			EditorAssembliesLoaded (1ms)
		ExecutionOrderSort2 (0ms)
		AwakeInstancesAfterBackupRestoration (19ms)
Refreshing native plugins compatible for Editor in 3.43 ms, found 4 plugins.
Preloading 0 native plugins for Editor in 0.00 ms.
Unloading 19 Unused Serialized files (Serialized files now loaded: 0)
Unloading 7032 unused Assets / (5.7 MB). Loaded Objects now: 7763.
Memory consumption went from 151.5 MB to 145.8 MB.
Total: 19.053600 ms (FindLiveObjects: 1.469600 ms CreateObjectMapping: 1.256000 ms MarkObjects: 9.430300 ms  DeleteObjects: 6.895300 ms)

Prepare: number of updated asset objects reloaded= 0
========================================================================
Received Prepare
Assembly reference Packages/com.unity.cinemachine/Editor/Samples/ExposeHDRPInternals/HDRP-Editor-ref.asmref has no target assembly definition
Assembly reference Packages/com.unity.cinemachine/Editor/Samples/ExposeHDRPInternals/HDRP-Editor-ref.asmref has no target assembly definition
Begin MonoManager ReloadAssembly
DirectoryNotFoundException: Could not find a part of the path "C:\Users\joser\OneDrive\Área de Trabalho\PROJETO\mermas-digitais-o-jogo-dev  -[2025_08_28]\mermas-digitais-o-jogo-dev\Mermãs Digitais O Jogo\Library\PackageCache\com.unity.visualscripting\Editor\VisualScripting.Core\Dependencies\YamlDotNet\Unity.VisualScripting.YamlDotNet.dll"
  at System.IO.FileStream..ctor (System.String path, System.IO.FileMode mode, System.IO.FileAccess access, System.IO.FileShare share, System.Int32 bufferSize, System.Boolean anonymous, System.IO.FileOptions options) [0x0019e] in <ed969b0e627d471da4848289f9c322df>:0 
  at System.IO.FileStream..ctor (System.String path, System.IO.FileMode mode, System.IO.FileAccess access, System.IO.FileShare share) [0x00000] in <ed969b0e627d471da4848289f9c322df>:0 
  at (wrapper remoting-invoke-with-check) System.IO.FileStream..ctor(string,System.IO.FileMode,System.IO.FileAccess,System.IO.FileShare)
  at Mono.Cecil.ModuleDefinition.GetFileStream (System.String fileName, System.IO.FileMode mode, System.IO.FileAccess access, System.IO.FileShare share) [0x00006] in <a6860a9f6366437387ebdc1f225b7fd4>:0 
  at Mono.Cecil.ModuleDefinition.ReadModule (System.String fileName, Mono.Cecil.ReaderParameters parameters) [0x00008] in <a6860a9f6366437387ebdc1f225b7fd4>:0 
  at Mono.Cecil.AssemblyDefinition.ReadAssembly (System.String fileName, Mono.Cecil.ReaderParameters parameters) [0x00000] in <a6860a9f6366437387ebdc1f225b7fd4>:0 
  at UnityEditor.AssemblyValidation.LoadAssemblyDefinitions (System.String[] assemblyPaths, System.String[] searchPaths) [0x00048] in <20f98a04ac634cc8bf5f95425bb19bb9>:0 
  at UnityEditor.AssemblyValidation.ValidateAssemblies (System.String[] assemblyPaths, System.Boolean enableLogging) [0x00007] in <20f98a04ac634cc8bf5f95425bb19bb9>:0 

- Loaded All Assemblies, in  1.133 seconds
Assembly reference Packages/com.unity.cinemachine/Editor/Samples/ExposeHDRPInternals/HDRP-Editor-ref.asmref has no target assembly definition
'Packages/com.unity.cinemachine/Editor/Obsolete/CinemachineVirtualCameraBaseEditor.cs' contains partial class of Unity.Object, exactly 1 of the partial classes needs to be in a file with the same filename. This is to know the one that can be referenced from ie. GameObjects
'Packages/com.unity.cinemachine/Editor/Editors/CinemachineVirtualCameraBaseEditor.cs' contains partial class of Unity.Object, exactly 1 of the partial classes needs to be in a file with the same filename. This is to know the one that can be referenced from ie. GameObjects
Refreshing native plugins compatible for Editor in 3.74 ms, found 4 plugins.
Native extension for WindowsStandalone target not found
Assembly reference Packages/com.unity.cinemachine/Editor/Samples/ExposeHDRPInternals/HDRP-Editor-ref.asmref has no target assembly definition
[Package Manager] Failed to launch server process. Reason: Unity was launched with the -noUpm command-line argument
[Package Manager] Unable to send message (not connected to server process).
[Package Manager] Cannot connect to Unity Package Manager local server
Mono: successfully reloaded assembly
- Finished resetting the current domain, in  1.353 seconds
Domain Reload Profiling: 2484ms
	BeginReloadAssembly (397ms)
		ExecutionOrderSort (0ms)
		DisableScriptedObjects (25ms)
		BackupInstance (0ms)
		ReleaseScriptingObjects (0ms)
		CreateAndSetChildDomain (157ms)
	RebuildCommonClasses (50ms)
	RebuildNativeTypeToScriptingClass (13ms)
	initialDomainReloadingComplete (38ms)
	LoadAllAssembliesAndSetupDomain (632ms)
		LoadAssemblies (413ms)
		RebuildTransferFunctionScriptingTraits (0ms)
		AnalyzeDomain (379ms)
			TypeCache.Refresh (12ms)
				TypeCache.ScanAssembly (0ms)
			BuildScriptInfoCaches (350ms)
			ResolveRequiredComponents (13ms)
	FinalizeReload (1354ms)
		ReleaseScriptCaches (0ms)
		RebuildScriptCaches (0ms)
		SetupLoadedEditorAssemblies (1077ms)
			LogAssemblyErrors (0ms)
			InitializePlatformSupportModulesInManaged (3ms)
			SetLoadedEditorAssemblies (12ms)
			BeforeProcessingInitializeOnLoad (159ms)
			ProcessInitializeOnLoadAttributes (815ms)
			ProcessInitializeOnLoadMethodAttributes (75ms)
			AfterProcessingInitializeOnLoad (13ms)
			EditorAssembliesLoaded (0ms)
		ExecutionOrderSort2 (0ms)
		AwakeInstancesAfterBackupRestoration (13ms)
Refreshing native plugins compatible for Editor in 3.20 ms, found 4 plugins.
Preloading 0 native plugins for Editor in 0.00 ms.
Unloading 19 Unused Serialized files (Serialized files now loaded: 0)
Unloading 7032 unused Assets / (5.4 MB). Loaded Objects now: 7765.
Memory consumption went from 151.5 MB to 146.1 MB.
Total: 11.871300 ms (FindLiveObjects: 2.342600 ms CreateObjectMapping: 0.621900 ms MarkObjects: 5.015200 ms  DeleteObjects: 3.889400 ms)

Prepare: number of updated asset objects reloaded= 0
========================================================================
Received Import Request.
  Time since last request: 388.440829 seconds.
  path: Assets/Scenes/Fase 3.unity
  artifactKey: Guid(75e153ae6241a0642adbf199068b9ebf) Importer(815301076,1909f56bfc062723c751e8b465ee728b)
Start importing Assets/Scenes/Fase 3.unity using Guid(75e153ae6241a0642adbf199068b9ebf) Importer(815301076,1909f56bfc062723c751e8b465ee728b) (PreviewImporter) -> (artifact id: '676bcdb0233a1ba72ee3d7accfebbd3b') in 0.0046961 seconds
Number of updated asset objects reloaded before import = 0Number of asset objects unloaded after import = 0

========================================================================
Received Prepare
Assembly reference Packages/com.unity.cinemachine/Editor/Samples/ExposeHDRPInternals/HDRP-Editor-ref.asmref has no target assembly definition
Assembly reference Packages/com.unity.cinemachine/Editor/Samples/ExposeHDRPInternals/HDRP-Editor-ref.asmref has no target assembly definition
Begin MonoManager ReloadAssembly
DirectoryNotFoundException: Could not find a part of the path "C:\Users\joser\OneDrive\Área de Trabalho\PROJETO\mermas-digitais-o-jogo-dev  -[2025_08_28]\mermas-digitais-o-jogo-dev\Mermãs Digitais O Jogo\Library\PackageCache\com.unity.visualscripting\Editor\VisualScripting.Core\Dependencies\YamlDotNet\Unity.VisualScripting.YamlDotNet.dll"
  at System.IO.FileStream..ctor (System.String path, System.IO.FileMode mode, System.IO.FileAccess access, System.IO.FileShare share, System.Int32 bufferSize, System.Boolean anonymous, System.IO.FileOptions options) [0x0019e] in <ed969b0e627d471da4848289f9c322df>:0 
  at System.IO.FileStream..ctor (System.String path, System.IO.FileMode mode, System.IO.FileAccess access, System.IO.FileShare share) [0x00000] in <ed969b0e627d471da4848289f9c322df>:0 
  at (wrapper remoting-invoke-with-check) System.IO.FileStream..ctor(string,System.IO.FileMode,System.IO.FileAccess,System.IO.FileShare)
  at Mono.Cecil.ModuleDefinition.GetFileStream (System.String fileName, System.IO.FileMode mode, System.IO.FileAccess access, System.IO.FileShare share) [0x00006] in <a6860a9f6366437387ebdc1f225b7fd4>:0 
  at Mono.Cecil.ModuleDefinition.ReadModule (System.String fileName, Mono.Cecil.ReaderParameters parameters) [0x00008] in <a6860a9f6366437387ebdc1f225b7fd4>:0 
  at Mono.Cecil.AssemblyDefinition.ReadAssembly (System.String fileName, Mono.Cecil.ReaderParameters parameters) [0x00000] in <a6860a9f6366437387ebdc1f225b7fd4>:0 
  at UnityEditor.AssemblyValidation.LoadAssemblyDefinitions (System.String[] assemblyPaths, System.String[] searchPaths) [0x00048] in <20f98a04ac634cc8bf5f95425bb19bb9>:0 
  at UnityEditor.AssemblyValidation.ValidateAssemblies (System.String[] assemblyPaths, System.Boolean enableLogging) [0x00007] in <20f98a04ac634cc8bf5f95425bb19bb9>:0 

- Loaded All Assemblies, in  0.981 seconds
Assembly reference Packages/com.unity.cinemachine/Editor/Samples/ExposeHDRPInternals/HDRP-Editor-ref.asmref has no target assembly definition
'Packages/com.unity.cinemachine/Editor/Obsolete/CinemachineVirtualCameraBaseEditor.cs' contains partial class of Unity.Object, exactly 1 of the partial classes needs to be in a file with the same filename. This is to know the one that can be referenced from ie. GameObjects
'Packages/com.unity.cinemachine/Editor/Editors/CinemachineVirtualCameraBaseEditor.cs' contains partial class of Unity.Object, exactly 1 of the partial classes needs to be in a file with the same filename. This is to know the one that can be referenced from ie. GameObjects
Refreshing native plugins compatible for Editor in 3.88 ms, found 4 plugins.
Native extension for WindowsStandalone target not found
Assembly reference Packages/com.unity.cinemachine/Editor/Samples/ExposeHDRPInternals/HDRP-Editor-ref.asmref has no target assembly definition
[Package Manager] Failed to launch server process. Reason: Unity was launched with the -noUpm command-line argument
[Package Manager] Unable to send message (not connected to server process).
[Package Manager] Cannot connect to Unity Package Manager local server
Mono: successfully reloaded assembly
- Finished resetting the current domain, in  1.676 seconds
Domain Reload Profiling: 2655ms
	BeginReloadAssembly (292ms)
		ExecutionOrderSort (0ms)
		DisableScriptedObjects (19ms)
		BackupInstance (0ms)
		ReleaseScriptingObjects (0ms)
		CreateAndSetChildDomain (62ms)
	RebuildCommonClasses (53ms)
	RebuildNativeTypeToScriptingClass (21ms)
	initialDomainReloadingComplete (44ms)
	LoadAllAssembliesAndSetupDomain (569ms)
		LoadAssemblies (386ms)
		RebuildTransferFunctionScriptingTraits (0ms)
		AnalyzeDomain (339ms)
			TypeCache.Refresh (11ms)
				TypeCache.ScanAssembly (0ms)
			BuildScriptInfoCaches (308ms)
			ResolveRequiredComponents (14ms)
	FinalizeReload (1676ms)
		ReleaseScriptCaches (0ms)
		RebuildScriptCaches (0ms)
		SetupLoadedEditorAssemblies (1391ms)
			LogAssemblyErrors (0ms)
			InitializePlatformSupportModulesInManaged (4ms)
			SetLoadedEditorAssemblies (9ms)
			BeforeProcessingInitializeOnLoad (154ms)
			ProcessInitializeOnLoadAttributes (1092ms)
			ProcessInitializeOnLoadMethodAttributes (112ms)
			AfterProcessingInitializeOnLoad (18ms)
			EditorAssembliesLoaded (1ms)
		ExecutionOrderSort2 (0ms)
		AwakeInstancesAfterBackupRestoration (20ms)
Refreshing native plugins compatible for Editor in 3.61 ms, found 4 plugins.
Preloading 0 native plugins for Editor in 0.00 ms.
Unloading 19 Unused Serialized files (Serialized files now loaded: 0)
Unloading 7032 unused Assets / (5.5 MB). Loaded Objects now: 7767.
Memory consumption went from 151.5 MB to 146.0 MB.
Total: 16.546600 ms (FindLiveObjects: 1.848600 ms CreateObjectMapping: 1.069900 ms MarkObjects: 7.509500 ms  DeleteObjects: 6.115000 ms)

Prepare: number of updated asset objects reloaded= 0
========================================================================
Received Import Request.
  Time since last request: 429.214576 seconds.
  path: Assets/Scenes/Fase 3.unity
  artifactKey: Guid(75e153ae6241a0642adbf199068b9ebf) Importer(815301076,1909f56bfc062723c751e8b465ee728b)
Start importing Assets/Scenes/Fase 3.unity using Guid(75e153ae6241a0642adbf199068b9ebf) Importer(815301076,1909f56bfc062723c751e8b465ee728b) (PreviewImporter) -> (artifact id: '663a14307fad1b500a9fe9dfaedc52b6') in 0.0055322 seconds
Number of updated asset objects reloaded before import = 0Number of asset objects unloaded after import = 0

========================================================================
Received Prepare
Assembly reference Packages/com.unity.cinemachine/Editor/Samples/ExposeHDRPInternals/HDRP-Editor-ref.asmref has no target assembly definition
Assembly reference Packages/com.unity.cinemachine/Editor/Samples/ExposeHDRPInternals/HDRP-Editor-ref.asmref has no target assembly definition
Begin MonoManager ReloadAssembly
DirectoryNotFoundException: Could not find a part of the path "C:\Users\joser\OneDrive\Área de Trabalho\PROJETO\mermas-digitais-o-jogo-dev  -[2025_08_28]\mermas-digitais-o-jogo-dev\Mermãs Digitais O Jogo\Library\PackageCache\com.unity.visualscripting\Editor\VisualScripting.Core\Dependencies\YamlDotNet\Unity.VisualScripting.YamlDotNet.dll"
  at System.IO.FileStream..ctor (System.String path, System.IO.FileMode mode, System.IO.FileAccess access, System.IO.FileShare share, System.Int32 bufferSize, System.Boolean anonymous, System.IO.FileOptions options) [0x0019e] in <ed969b0e627d471da4848289f9c322df>:0 
  at System.IO.FileStream..ctor (System.String path, System.IO.FileMode mode, System.IO.FileAccess access, System.IO.FileShare share) [0x00000] in <ed969b0e627d471da4848289f9c322df>:0 
  at (wrapper remoting-invoke-with-check) System.IO.FileStream..ctor(string,System.IO.FileMode,System.IO.FileAccess,System.IO.FileShare)
  at Mono.Cecil.ModuleDefinition.GetFileStream (System.String fileName, System.IO.FileMode mode, System.IO.FileAccess access, System.IO.FileShare share) [0x00006] in <a6860a9f6366437387ebdc1f225b7fd4>:0 
  at Mono.Cecil.ModuleDefinition.ReadModule (System.String fileName, Mono.Cecil.ReaderParameters parameters) [0x00008] in <a6860a9f6366437387ebdc1f225b7fd4>:0 
  at Mono.Cecil.AssemblyDefinition.ReadAssembly (System.String fileName, Mono.Cecil.ReaderParameters parameters) [0x00000] in <a6860a9f6366437387ebdc1f225b7fd4>:0 
  at UnityEditor.AssemblyValidation.LoadAssemblyDefinitions (System.String[] assemblyPaths, System.String[] searchPaths) [0x00048] in <20f98a04ac634cc8bf5f95425bb19bb9>:0 
  at UnityEditor.AssemblyValidation.ValidateAssemblies (System.String[] assemblyPaths, System.Boolean enableLogging) [0x00007] in <20f98a04ac634cc8bf5f95425bb19bb9>:0 

- Loaded All Assemblies, in  1.413 seconds
Assembly reference Packages/com.unity.cinemachine/Editor/Samples/ExposeHDRPInternals/HDRP-Editor-ref.asmref has no target assembly definition
'Packages/com.unity.cinemachine/Editor/Obsolete/CinemachineVirtualCameraBaseEditor.cs' contains partial class of Unity.Object, exactly 1 of the partial classes needs to be in a file with the same filename. This is to know the one that can be referenced from ie. GameObjects
'Packages/com.unity.cinemachine/Editor/Editors/CinemachineVirtualCameraBaseEditor.cs' contains partial class of Unity.Object, exactly 1 of the partial classes needs to be in a file with the same filename. This is to know the one that can be referenced from ie. GameObjects
Refreshing native plugins compatible for Editor in 3.83 ms, found 4 plugins.
Native extension for WindowsStandalone target not found
Assembly reference Packages/com.unity.cinemachine/Editor/Samples/ExposeHDRPInternals/HDRP-Editor-ref.asmref has no target assembly definition
[Package Manager] Failed to launch server process. Reason: Unity was launched with the -noUpm command-line argument
[Package Manager] Unable to send message (not connected to server process).
[Package Manager] Cannot connect to Unity Package Manager local server
Mono: successfully reloaded assembly
- Finished resetting the current domain, in  1.909 seconds
Domain Reload Profiling: 3323ms
	BeginReloadAssembly (514ms)
		ExecutionOrderSort (0ms)
		DisableScriptedObjects (60ms)
		BackupInstance (0ms)
		ReleaseScriptingObjects (1ms)
		CreateAndSetChildDomain (175ms)
	RebuildCommonClasses (49ms)
	RebuildNativeTypeToScriptingClass (13ms)
	initialDomainReloadingComplete (60ms)
	LoadAllAssembliesAndSetupDomain (777ms)
		LoadAssemblies (470ms)
		RebuildTransferFunctionScriptingTraits (0ms)
		AnalyzeDomain (476ms)
			TypeCache.Refresh (11ms)
				TypeCache.ScanAssembly (0ms)
			BuildScriptInfoCaches (441ms)
			ResolveRequiredComponents (17ms)
	FinalizeReload (1910ms)
		ReleaseScriptCaches (0ms)
		RebuildScriptCaches (0ms)
		SetupLoadedEditorAssemblies (1492ms)
			LogAssemblyErrors (0ms)
			InitializePlatformSupportModulesInManaged (6ms)
			SetLoadedEditorAssemblies (13ms)
			BeforeProcessingInitializeOnLoad (193ms)
			ProcessInitializeOnLoadAttributes (1144ms)
			ProcessInitializeOnLoadMethodAttributes (110ms)
			AfterProcessingInitializeOnLoad (24ms)
			EditorAssembliesLoaded (1ms)
		ExecutionOrderSort2 (0ms)
		AwakeInstancesAfterBackupRestoration (21ms)
Refreshing native plugins compatible for Editor in 4.28 ms, found 4 plugins.
Preloading 0 native plugins for Editor in 0.00 ms.
Unloading 19 Unused Serialized files (Serialized files now loaded: 0)
Unloading 7032 unused Assets / (4.7 MB). Loaded Objects now: 7769.
Memory consumption went from 151.5 MB to 146.8 MB.
Total: 24.375100 ms (FindLiveObjects: 2.051900 ms CreateObjectMapping: 1.490800 ms MarkObjects: 13.344400 ms  DeleteObjects: 7.484400 ms)

Prepare: number of updated asset objects reloaded= 0
========================================================================
Received Import Request.
  Time since last request: 949.980662 seconds.
  path: Assets/Scenes/Fase 3.unity
  artifactKey: Guid(75e153ae6241a0642adbf199068b9ebf) Importer(815301076,1909f56bfc062723c751e8b465ee728b)
Start importing Assets/Scenes/Fase 3.unity using Guid(75e153ae6241a0642adbf199068b9ebf) Importer(815301076,1909f56bfc062723c751e8b465ee728b) (PreviewImporter) -> (artifact id: '38cd1a1998f0fbc0d9df84aafee2a119') in 0.0072315 seconds
Number of updated asset objects reloaded before import = 0Number of asset objects unloaded after import = 0

========================================================================
Received Prepare
Assembly reference Packages/com.unity.cinemachine/Editor/Samples/ExposeHDRPInternals/HDRP-Editor-ref.asmref has no target assembly definition
Assembly reference Packages/com.unity.cinemachine/Editor/Samples/ExposeHDRPInternals/HDRP-Editor-ref.asmref has no target assembly definition
Begin MonoManager ReloadAssembly
DirectoryNotFoundException: Could not find a part of the path "C:\Users\joser\OneDrive\Área de Trabalho\PROJETO\mermas-digitais-o-jogo-dev  -[2025_08_28]\mermas-digitais-o-jogo-dev\Mermãs Digitais O Jogo\Library\PackageCache\com.unity.visualscripting\Editor\VisualScripting.Core\Dependencies\YamlDotNet\Unity.VisualScripting.YamlDotNet.dll"
  at System.IO.FileStream..ctor (System.String path, System.IO.FileMode mode, System.IO.FileAccess access, System.IO.FileShare share, System.Int32 bufferSize, System.Boolean anonymous, System.IO.FileOptions options) [0x0019e] in <ed969b0e627d471da4848289f9c322df>:0 
  at System.IO.FileStream..ctor (System.String path, System.IO.FileMode mode, System.IO.FileAccess access, System.IO.FileShare share) [0x00000] in <ed969b0e627d471da4848289f9c322df>:0 
  at (wrapper remoting-invoke-with-check) System.IO.FileStream..ctor(string,System.IO.FileMode,System.IO.FileAccess,System.IO.FileShare)
  at Mono.Cecil.ModuleDefinition.GetFileStream (System.String fileName, System.IO.FileMode mode, System.IO.FileAccess access, System.IO.FileShare share) [0x00006] in <a6860a9f6366437387ebdc1f225b7fd4>:0 
  at Mono.Cecil.ModuleDefinition.ReadModule (System.String fileName, Mono.Cecil.ReaderParameters parameters) [0x00008] in <a6860a9f6366437387ebdc1f225b7fd4>:0 
  at Mono.Cecil.AssemblyDefinition.ReadAssembly (System.String fileName, Mono.Cecil.ReaderParameters parameters) [0x00000] in <a6860a9f6366437387ebdc1f225b7fd4>:0 
  at UnityEditor.AssemblyValidation.LoadAssemblyDefinitions (System.String[] assemblyPaths, System.String[] searchPaths) [0x00048] in <20f98a04ac634cc8bf5f95425bb19bb9>:0 
  at UnityEditor.AssemblyValidation.ValidateAssemblies (System.String[] assemblyPaths, System.Boolean enableLogging) [0x00007] in <20f98a04ac634cc8bf5f95425bb19bb9>:0 

- Loaded All Assemblies, in  1.411 seconds
Assembly reference Packages/com.unity.cinemachine/Editor/Samples/ExposeHDRPInternals/HDRP-Editor-ref.asmref has no target assembly definition
'Packages/com.unity.cinemachine/Editor/Obsolete/CinemachineVirtualCameraBaseEditor.cs' contains partial class of Unity.Object, exactly 1 of the partial classes needs to be in a file with the same filename. This is to know the one that can be referenced from ie. GameObjects
'Packages/com.unity.cinemachine/Editor/Editors/CinemachineVirtualCameraBaseEditor.cs' contains partial class of Unity.Object, exactly 1 of the partial classes needs to be in a file with the same filename. This is to know the one that can be referenced from ie. GameObjects
Refreshing native plugins compatible for Editor in 2.74 ms, found 4 plugins.
Native extension for WindowsStandalone target not found
Assembly reference Packages/com.unity.cinemachine/Editor/Samples/ExposeHDRPInternals/HDRP-Editor-ref.asmref has no target assembly definition
[Package Manager] Failed to launch server process. Reason: Unity was launched with the -noUpm command-line argument
[Package Manager] Unable to send message (not connected to server process).
[Package Manager] Cannot connect to Unity Package Manager local server
Mono: successfully reloaded assembly
- Finished resetting the current domain, in  1.954 seconds
Domain Reload Profiling: 3357ms
	BeginReloadAssembly (401ms)
		ExecutionOrderSort (1ms)
		DisableScriptedObjects (24ms)
		BackupInstance (0ms)
		ReleaseScriptingObjects (1ms)
		CreateAndSetChildDomain (106ms)
	RebuildCommonClasses (73ms)
	RebuildNativeTypeToScriptingClass (24ms)
	initialDomainReloadingComplete (63ms)
	LoadAllAssembliesAndSetupDomain (840ms)
		LoadAssemblies (568ms)
		RebuildTransferFunctionScriptingTraits (0ms)
		AnalyzeDomain (473ms)
			TypeCache.Refresh (14ms)
				TypeCache.ScanAssembly (0ms)
			BuildScriptInfoCaches (428ms)
			ResolveRequiredComponents (20ms)
	FinalizeReload (1955ms)
		ReleaseScriptCaches (0ms)
		RebuildScriptCaches (0ms)
		SetupLoadedEditorAssemblies (1547ms)
			LogAssemblyErrors (0ms)
			InitializePlatformSupportModulesInManaged (4ms)
			SetLoadedEditorAssemblies (11ms)
			BeforeProcessingInitializeOnLoad (163ms)
			ProcessInitializeOnLoadAttributes (1206ms)
			ProcessInitializeOnLoadMethodAttributes (138ms)
			AfterProcessingInitializeOnLoad (24ms)
			EditorAssembliesLoaded (1ms)
		ExecutionOrderSort2 (0ms)
		AwakeInstancesAfterBackupRestoration (23ms)
Refreshing native plugins compatible for Editor in 5.63 ms, found 4 plugins.
Preloading 0 native plugins for Editor in 0.00 ms.
Unloading 19 Unused Serialized files (Serialized files now loaded: 0)
Unloading 7032 unused Assets / (4.7 MB). Loaded Objects now: 7771.
Memory consumption went from 151.5 MB to 146.8 MB.
Total: 21.136700 ms (FindLiveObjects: 2.065400 ms CreateObjectMapping: 0.769400 ms MarkObjects: 13.532800 ms  DeleteObjects: 4.764200 ms)

Prepare: number of updated asset objects reloaded= 0
========================================================================
Received Import Request.
  Time since last request: 667.766985 seconds.
  path: Assets/Scenes/Fase 3.unity
  artifactKey: Guid(75e153ae6241a0642adbf199068b9ebf) Importer(815301076,1909f56bfc062723c751e8b465ee728b)
Start importing Assets/Scenes/Fase 3.unity using Guid(75e153ae6241a0642adbf199068b9ebf) Importer(815301076,1909f56bfc062723c751e8b465ee728b) (PreviewImporter) -> (artifact id: '68ea551b83e15e293b7238ee9f91448f') in 0.0058768 seconds
Number of updated asset objects reloaded before import = 0Number of asset objects unloaded after import = 0

========================================================================
Received Prepare
Assembly reference Packages/com.unity.cinemachine/Editor/Samples/ExposeHDRPInternals/HDRP-Editor-ref.asmref has no target assembly definition
Assembly reference Packages/com.unity.cinemachine/Editor/Samples/ExposeHDRPInternals/HDRP-Editor-ref.asmref has no target assembly definition
Begin MonoManager ReloadAssembly
DirectoryNotFoundException: Could not find a part of the path "C:\Users\joser\OneDrive\Área de Trabalho\PROJETO\mermas-digitais-o-jogo-dev  -[2025_08_28]\mermas-digitais-o-jogo-dev\Mermãs Digitais O Jogo\Library\PackageCache\com.unity.visualscripting\Editor\VisualScripting.Core\Dependencies\YamlDotNet\Unity.VisualScripting.YamlDotNet.dll"
  at System.IO.FileStream..ctor (System.String path, System.IO.FileMode mode, System.IO.FileAccess access, System.IO.FileShare share, System.Int32 bufferSize, System.Boolean anonymous, System.IO.FileOptions options) [0x0019e] in <ed969b0e627d471da4848289f9c322df>:0 
  at System.IO.FileStream..ctor (System.String path, System.IO.FileMode mode, System.IO.FileAccess access, System.IO.FileShare share) [0x00000] in <ed969b0e627d471da4848289f9c322df>:0 
  at (wrapper remoting-invoke-with-check) System.IO.FileStream..ctor(string,System.IO.FileMode,System.IO.FileAccess,System.IO.FileShare)
  at Mono.Cecil.ModuleDefinition.GetFileStream (System.String fileName, System.IO.FileMode mode, System.IO.FileAccess access, System.IO.FileShare share) [0x00006] in <a6860a9f6366437387ebdc1f225b7fd4>:0 
  at Mono.Cecil.ModuleDefinition.ReadModule (System.String fileName, Mono.Cecil.ReaderParameters parameters) [0x00008] in <a6860a9f6366437387ebdc1f225b7fd4>:0 
  at Mono.Cecil.AssemblyDefinition.ReadAssembly (System.String fileName, Mono.Cecil.ReaderParameters parameters) [0x00000] in <a6860a9f6366437387ebdc1f225b7fd4>:0 
  at UnityEditor.AssemblyValidation.LoadAssemblyDefinitions (System.String[] assemblyPaths, System.String[] searchPaths) [0x00048] in <20f98a04ac634cc8bf5f95425bb19bb9>:0 
  at UnityEditor.AssemblyValidation.ValidateAssemblies (System.String[] assemblyPaths, System.Boolean enableLogging) [0x00007] in <20f98a04ac634cc8bf5f95425bb19bb9>:0 

- Loaded All Assemblies, in  1.112 seconds
Assembly reference Packages/com.unity.cinemachine/Editor/Samples/ExposeHDRPInternals/HDRP-Editor-ref.asmref has no target assembly definition
'Packages/com.unity.cinemachine/Editor/Obsolete/CinemachineVirtualCameraBaseEditor.cs' contains partial class of Unity.Object, exactly 1 of the partial classes needs to be in a file with the same filename. This is to know the one that can be referenced from ie. GameObjects
'Packages/com.unity.cinemachine/Editor/Editors/CinemachineVirtualCameraBaseEditor.cs' contains partial class of Unity.Object, exactly 1 of the partial classes needs to be in a file with the same filename. This is to know the one that can be referenced from ie. GameObjects
Refreshing native plugins compatible for Editor in 2.03 ms, found 4 plugins.
Native extension for WindowsStandalone target not found
Assembly reference Packages/com.unity.cinemachine/Editor/Samples/ExposeHDRPInternals/HDRP-Editor-ref.asmref has no target assembly definition
[Package Manager] Failed to launch server process. Reason: Unity was launched with the -noUpm command-line argument
[Package Manager] Unable to send message (not connected to server process).
[Package Manager] Cannot connect to Unity Package Manager local server
Mono: successfully reloaded assembly
- Finished resetting the current domain, in  1.514 seconds
Domain Reload Profiling: 2619ms
	BeginReloadAssembly (307ms)
		ExecutionOrderSort (0ms)
		DisableScriptedObjects (17ms)
		BackupInstance (0ms)
		ReleaseScriptingObjects (0ms)
		CreateAndSetChildDomain (69ms)
	RebuildCommonClasses (56ms)
	RebuildNativeTypeToScriptingClass (22ms)
	initialDomainReloadingComplete (53ms)
	LoadAllAssembliesAndSetupDomain (667ms)
		LoadAssemblies (452ms)
		RebuildTransferFunctionScriptingTraits (0ms)
		AnalyzeDomain (377ms)
			TypeCache.Refresh (9ms)
				TypeCache.ScanAssembly (0ms)
			BuildScriptInfoCaches (346ms)
			ResolveRequiredComponents (17ms)
	FinalizeReload (1514ms)
		ReleaseScriptCaches (0ms)
		RebuildScriptCaches (0ms)
		SetupLoadedEditorAssemblies (1241ms)
			LogAssemblyErrors (0ms)
			InitializePlatformSupportModulesInManaged (5ms)
			SetLoadedEditorAssemblies (11ms)
			BeforeProcessingInitializeOnLoad (160ms)
			ProcessInitializeOnLoadAttributes (969ms)
			ProcessInitializeOnLoadMethodAttributes (85ms)
			AfterProcessingInitializeOnLoad (10ms)
			EditorAssembliesLoaded (1ms)
		ExecutionOrderSort2 (0ms)
		AwakeInstancesAfterBackupRestoration (19ms)
Refreshing native plugins compatible for Editor in 2.54 ms, found 4 plugins.
Preloading 0 native plugins for Editor in 0.00 ms.
Unloading 19 Unused Serialized files (Serialized files now loaded: 0)
Unloading 7032 unused Assets / (5.2 MB). Loaded Objects now: 7773.
Memory consumption went from 151.5 MB to 146.3 MB.
Total: 11.728200 ms (FindLiveObjects: 1.417600 ms CreateObjectMapping: 0.913200 ms MarkObjects: 6.063400 ms  DeleteObjects: 3.332400 ms)

Prepare: number of updated asset objects reloaded= 0
========================================================================
Received Prepare
Assembly reference Packages/com.unity.cinemachine/Editor/Samples/ExposeHDRPInternals/HDRP-Editor-ref.asmref has no target assembly definition
Assembly reference Packages/com.unity.cinemachine/Editor/Samples/ExposeHDRPInternals/HDRP-Editor-ref.asmref has no target assembly definition
Begin MonoManager ReloadAssembly
DirectoryNotFoundException: Could not find a part of the path "C:\Users\joser\OneDrive\Área de Trabalho\PROJETO\mermas-digitais-o-jogo-dev  -[2025_08_28]\mermas-digitais-o-jogo-dev\Mermãs Digitais O Jogo\Library\PackageCache\com.unity.visualscripting\Editor\VisualScripting.Core\Dependencies\YamlDotNet\Unity.VisualScripting.YamlDotNet.dll"
  at System.IO.FileStream..ctor (System.String path, System.IO.FileMode mode, System.IO.FileAccess access, System.IO.FileShare share, System.Int32 bufferSize, System.Boolean anonymous, System.IO.FileOptions options) [0x0019e] in <ed969b0e627d471da4848289f9c322df>:0 
  at System.IO.FileStream..ctor (System.String path, System.IO.FileMode mode, System.IO.FileAccess access, System.IO.FileShare share) [0x00000] in <ed969b0e627d471da4848289f9c322df>:0 
  at (wrapper remoting-invoke-with-check) System.IO.FileStream..ctor(string,System.IO.FileMode,System.IO.FileAccess,System.IO.FileShare)
  at Mono.Cecil.ModuleDefinition.GetFileStream (System.String fileName, System.IO.FileMode mode, System.IO.FileAccess access, System.IO.FileShare share) [0x00006] in <a6860a9f6366437387ebdc1f225b7fd4>:0 
  at Mono.Cecil.ModuleDefinition.ReadModule (System.String fileName, Mono.Cecil.ReaderParameters parameters) [0x00008] in <a6860a9f6366437387ebdc1f225b7fd4>:0 
  at Mono.Cecil.AssemblyDefinition.ReadAssembly (System.String fileName, Mono.Cecil.ReaderParameters parameters) [0x00000] in <a6860a9f6366437387ebdc1f225b7fd4>:0 
  at UnityEditor.AssemblyValidation.LoadAssemblyDefinitions (System.String[] assemblyPaths, System.String[] searchPaths) [0x00048] in <20f98a04ac634cc8bf5f95425bb19bb9>:0 
  at UnityEditor.AssemblyValidation.ValidateAssemblies (System.String[] assemblyPaths, System.Boolean enableLogging) [0x00007] in <20f98a04ac634cc8bf5f95425bb19bb9>:0 

- Loaded All Assemblies, in  0.927 seconds
Assembly reference Packages/com.unity.cinemachine/Editor/Samples/ExposeHDRPInternals/HDRP-Editor-ref.asmref has no target assembly definition
'Packages/com.unity.cinemachine/Editor/Obsolete/CinemachineVirtualCameraBaseEditor.cs' contains partial class of Unity.Object, exactly 1 of the partial classes needs to be in a file with the same filename. This is to know the one that can be referenced from ie. GameObjects
'Packages/com.unity.cinemachine/Editor/Editors/CinemachineVirtualCameraBaseEditor.cs' contains partial class of Unity.Object, exactly 1 of the partial classes needs to be in a file with the same filename. This is to know the one that can be referenced from ie. GameObjects
Refreshing native plugins compatible for Editor in 3.71 ms, found 4 plugins.
Native extension for WindowsStandalone target not found
Assembly reference Packages/com.unity.cinemachine/Editor/Samples/ExposeHDRPInternals/HDRP-Editor-ref.asmref has no target assembly definition
[Package Manager] Failed to launch server process. Reason: Unity was launched with the -noUpm command-line argument
[Package Manager] Unable to send message (not connected to server process).
[Package Manager] Cannot connect to Unity Package Manager local server
Mono: successfully reloaded assembly
- Finished resetting the current domain, in  1.654 seconds
Domain Reload Profiling: 2580ms
	BeginReloadAssembly (276ms)
		ExecutionOrderSort (0ms)
		DisableScriptedObjects (17ms)
		BackupInstance (0ms)
		ReleaseScriptingObjects (0ms)
		CreateAndSetChildDomain (74ms)
	RebuildCommonClasses (46ms)
	RebuildNativeTypeToScriptingClass (13ms)
	initialDomainReloadingComplete (33ms)
	LoadAllAssembliesAndSetupDomain (557ms)
		LoadAssemblies (338ms)
		RebuildTransferFunctionScriptingTraits (0ms)
		AnalyzeDomain (350ms)
			TypeCache.Refresh (11ms)
				TypeCache.ScanAssembly (0ms)
			BuildScriptInfoCaches (314ms)
			ResolveRequiredComponents (20ms)
	FinalizeReload (1655ms)
		ReleaseScriptCaches (0ms)
		RebuildScriptCaches (0ms)
		SetupLoadedEditorAssemblies (1378ms)
			LogAssemblyErrors (0ms)
			InitializePlatformSupportModulesInManaged (3ms)
			SetLoadedEditorAssemblies (10ms)
			BeforeProcessingInitializeOnLoad (131ms)
			ProcessInitializeOnLoadAttributes (1091ms)
			ProcessInitializeOnLoadMethodAttributes (122ms)
			AfterProcessingInitializeOnLoad (21ms)
			EditorAssembliesLoaded (1ms)
		ExecutionOrderSort2 (0ms)
		AwakeInstancesAfterBackupRestoration (19ms)
Refreshing native plugins compatible for Editor in 3.37 ms, found 4 plugins.
Preloading 0 native plugins for Editor in 0.00 ms.
Unloading 19 Unused Serialized files (Serialized files now loaded: 0)
Unloading 7032 unused Assets / (5.8 MB). Loaded Objects now: 7775.
Memory consumption went from 151.5 MB to 145.7 MB.
Total: 18.650600 ms (FindLiveObjects: 1.300500 ms CreateObjectMapping: 1.830500 ms MarkObjects: 9.389800 ms  DeleteObjects: 6.126900 ms)

Prepare: number of updated asset objects reloaded= 0
========================================================================
Received Prepare
Assembly reference Packages/com.unity.cinemachine/Editor/Samples/ExposeHDRPInternals/HDRP-Editor-ref.asmref has no target assembly definition
Assembly reference Packages/com.unity.cinemachine/Editor/Samples/ExposeHDRPInternals/HDRP-Editor-ref.asmref has no target assembly definition
Begin MonoManager ReloadAssembly
DirectoryNotFoundException: Could not find a part of the path "C:\Users\joser\OneDrive\Área de Trabalho\PROJETO\mermas-digitais-o-jogo-dev  -[2025_08_28]\mermas-digitais-o-jogo-dev\Mermãs Digitais O Jogo\Library\PackageCache\com.unity.visualscripting\Editor\VisualScripting.Core\Dependencies\YamlDotNet\Unity.VisualScripting.YamlDotNet.dll"
  at System.IO.FileStream..ctor (System.String path, System.IO.FileMode mode, System.IO.FileAccess access, System.IO.FileShare share, System.Int32 bufferSize, System.Boolean anonymous, System.IO.FileOptions options) [0x0019e] in <ed969b0e627d471da4848289f9c322df>:0 
  at System.IO.FileStream..ctor (System.String path, System.IO.FileMode mode, System.IO.FileAccess access, System.IO.FileShare share) [0x00000] in <ed969b0e627d471da4848289f9c322df>:0 
  at (wrapper remoting-invoke-with-check) System.IO.FileStream..ctor(string,System.IO.FileMode,System.IO.FileAccess,System.IO.FileShare)
  at Mono.Cecil.ModuleDefinition.GetFileStream (System.String fileName, System.IO.FileMode mode, System.IO.FileAccess access, System.IO.FileShare share) [0x00006] in <a6860a9f6366437387ebdc1f225b7fd4>:0 
  at Mono.Cecil.ModuleDefinition.ReadModule (System.String fileName, Mono.Cecil.ReaderParameters parameters) [0x00008] in <a6860a9f6366437387ebdc1f225b7fd4>:0 
  at Mono.Cecil.AssemblyDefinition.ReadAssembly (System.String fileName, Mono.Cecil.ReaderParameters parameters) [0x00000] in <a6860a9f6366437387ebdc1f225b7fd4>:0 
  at UnityEditor.AssemblyValidation.LoadAssemblyDefinitions (System.String[] assemblyPaths, System.String[] searchPaths) [0x00048] in <20f98a04ac634cc8bf5f95425bb19bb9>:0 
  at UnityEditor.AssemblyValidation.ValidateAssemblies (System.String[] assemblyPaths, System.Boolean enableLogging) [0x00007] in <20f98a04ac634cc8bf5f95425bb19bb9>:0 

- Loaded All Assemblies, in  2.554 seconds
Assembly reference Packages/com.unity.cinemachine/Editor/Samples/ExposeHDRPInternals/HDRP-Editor-ref.asmref has no target assembly definition
'Packages/com.unity.cinemachine/Editor/Obsolete/CinemachineVirtualCameraBaseEditor.cs' contains partial class of Unity.Object, exactly 1 of the partial classes needs to be in a file with the same filename. This is to know the one that can be referenced from ie. GameObjects
'Packages/com.unity.cinemachine/Editor/Editors/CinemachineVirtualCameraBaseEditor.cs' contains partial class of Unity.Object, exactly 1 of the partial classes needs to be in a file with the same filename. This is to know the one that can be referenced from ie. GameObjects
Refreshing native plugins compatible for Editor in 2.80 ms, found 4 plugins.
Native extension for WindowsStandalone target not found
Assembly reference Packages/com.unity.cinemachine/Editor/Samples/ExposeHDRPInternals/HDRP-Editor-ref.asmref has no target assembly definition
[Package Manager] Failed to launch server process. Reason: Unity was launched with the -noUpm command-line argument
[Package Manager] Unable to send message (not connected to server process).
[Package Manager] Cannot connect to Unity Package Manager local server
Mono: successfully reloaded assembly
- Finished resetting the current domain, in  1.525 seconds
Domain Reload Profiling: 4078ms
	BeginReloadAssembly (1158ms)
		ExecutionOrderSort (0ms)
		DisableScriptedObjects (145ms)
		BackupInstance (0ms)
		ReleaseScriptingObjects (0ms)
		CreateAndSetChildDomain (335ms)
	RebuildCommonClasses (340ms)
	RebuildNativeTypeToScriptingClass (14ms)
	initialDomainReloadingComplete (53ms)
	LoadAllAssembliesAndSetupDomain (988ms)
		LoadAssemblies (904ms)
		RebuildTransferFunctionScriptingTraits (0ms)
		AnalyzeDomain (631ms)
			TypeCache.Refresh (35ms)
				TypeCache.ScanAssembly (2ms)
			BuildScriptInfoCaches (570ms)
			ResolveRequiredComponents (20ms)
	FinalizeReload (1525ms)
		ReleaseScriptCaches (0ms)
		RebuildScriptCaches (0ms)
		SetupLoadedEditorAssemblies (1142ms)
			LogAssemblyErrors (0ms)
			InitializePlatformSupportModulesInManaged (4ms)
			SetLoadedEditorAssemblies (8ms)
			BeforeProcessingInitializeOnLoad (130ms)
			ProcessInitializeOnLoadAttributes (890ms)
			ProcessInitializeOnLoadMethodAttributes (94ms)
			AfterProcessingInitializeOnLoad (15ms)
			EditorAssembliesLoaded (0ms)
		ExecutionOrderSort2 (0ms)
		AwakeInstancesAfterBackupRestoration (15ms)
Refreshing native plugins compatible for Editor in 2.71 ms, found 4 plugins.
Preloading 0 native plugins for Editor in 0.00 ms.
Unloading 19 Unused Serialized files (Serialized files now loaded: 0)
Unloading 7032 unused Assets / (3.5 MB). Loaded Objects now: 7777.
Memory consumption went from 151.5 MB to 148.0 MB.
Total: 16.996000 ms (FindLiveObjects: 1.489900 ms CreateObjectMapping: 0.958100 ms MarkObjects: 10.022200 ms  DeleteObjects: 4.522100 ms)

Prepare: number of updated asset objects reloaded= 0
========================================================================
Received Prepare
Assembly reference Packages/com.unity.cinemachine/Editor/Samples/ExposeHDRPInternals/HDRP-Editor-ref.asmref has no target assembly definition
Assembly reference Packages/com.unity.cinemachine/Editor/Samples/ExposeHDRPInternals/HDRP-Editor-ref.asmref has no target assembly definition
Begin MonoManager ReloadAssembly
DirectoryNotFoundException: Could not find a part of the path "C:\Users\joser\OneDrive\Área de Trabalho\PROJETO\mermas-digitais-o-jogo-dev  -[2025_08_28]\mermas-digitais-o-jogo-dev\Mermãs Digitais O Jogo\Library\PackageCache\com.unity.visualscripting\Editor\VisualScripting.Core\Dependencies\YamlDotNet\Unity.VisualScripting.YamlDotNet.dll"
  at System.IO.FileStream..ctor (System.String path, System.IO.FileMode mode, System.IO.FileAccess access, System.IO.FileShare share, System.Int32 bufferSize, System.Boolean anonymous, System.IO.FileOptions options) [0x0019e] in <ed969b0e627d471da4848289f9c322df>:0 
  at System.IO.FileStream..ctor (System.String path, System.IO.FileMode mode, System.IO.FileAccess access, System.IO.FileShare share) [0x00000] in <ed969b0e627d471da4848289f9c322df>:0 
  at (wrapper remoting-invoke-with-check) System.IO.FileStream..ctor(string,System.IO.FileMode,System.IO.FileAccess,System.IO.FileShare)
  at Mono.Cecil.ModuleDefinition.GetFileStream (System.String fileName, System.IO.FileMode mode, System.IO.FileAccess access, System.IO.FileShare share) [0x00006] in <a6860a9f6366437387ebdc1f225b7fd4>:0 
  at Mono.Cecil.ModuleDefinition.ReadModule (System.String fileName, Mono.Cecil.ReaderParameters parameters) [0x00008] in <a6860a9f6366437387ebdc1f225b7fd4>:0 
  at Mono.Cecil.AssemblyDefinition.ReadAssembly (System.String fileName, Mono.Cecil.ReaderParameters parameters) [0x00000] in <a6860a9f6366437387ebdc1f225b7fd4>:0 
  at UnityEditor.AssemblyValidation.LoadAssemblyDefinitions (System.String[] assemblyPaths, System.String[] searchPaths) [0x00048] in <20f98a04ac634cc8bf5f95425bb19bb9>:0 
  at UnityEditor.AssemblyValidation.ValidateAssemblies (System.String[] assemblyPaths, System.Boolean enableLogging) [0x00007] in <20f98a04ac634cc8bf5f95425bb19bb9>:0 

- Loaded All Assemblies, in  0.994 seconds
Assembly reference Packages/com.unity.cinemachine/Editor/Samples/ExposeHDRPInternals/HDRP-Editor-ref.asmref has no target assembly definition
'Packages/com.unity.cinemachine/Editor/Obsolete/CinemachineVirtualCameraBaseEditor.cs' contains partial class of Unity.Object, exactly 1 of the partial classes needs to be in a file with the same filename. This is to know the one that can be referenced from ie. GameObjects
'Packages/com.unity.cinemachine/Editor/Editors/CinemachineVirtualCameraBaseEditor.cs' contains partial class of Unity.Object, exactly 1 of the partial classes needs to be in a file with the same filename. This is to know the one that can be referenced from ie. GameObjects
Refreshing native plugins compatible for Editor in 2.74 ms, found 4 plugins.
Native extension for WindowsStandalone target not found
Assembly reference Packages/com.unity.cinemachine/Editor/Samples/ExposeHDRPInternals/HDRP-Editor-ref.asmref has no target assembly definition
[Package Manager] Failed to launch server process. Reason: Unity was launched with the -noUpm command-line argument
[Package Manager] Unable to send message (not connected to server process).
[Package Manager] Cannot connect to Unity Package Manager local server
Mono: successfully reloaded assembly
- Finished resetting the current domain, in  1.567 seconds
Domain Reload Profiling: 2557ms
	BeginReloadAssembly (303ms)
		ExecutionOrderSort (0ms)
		DisableScriptedObjects (19ms)
		BackupInstance (0ms)
		ReleaseScriptingObjects (0ms)
		CreateAndSetChildDomain (74ms)
	RebuildCommonClasses (47ms)
	RebuildNativeTypeToScriptingClass (14ms)
	initialDomainReloadingComplete (42ms)
	LoadAllAssembliesAndSetupDomain (583ms)
		LoadAssemblies (369ms)
		RebuildTransferFunctionScriptingTraits (0ms)
		AnalyzeDomain (355ms)
			TypeCache.Refresh (13ms)
				TypeCache.ScanAssembly (0ms)
			BuildScriptInfoCaches (320ms)
			ResolveRequiredComponents (16ms)
	FinalizeReload (1567ms)
		ReleaseScriptCaches (0ms)
		RebuildScriptCaches (0ms)
		SetupLoadedEditorAssemblies (1286ms)
			LogAssemblyErrors (0ms)
			InitializePlatformSupportModulesInManaged (3ms)
			SetLoadedEditorAssemblies (8ms)
			BeforeProcessingInitializeOnLoad (143ms)
			ProcessInitializeOnLoadAttributes (1006ms)
			ProcessInitializeOnLoadMethodAttributes (107ms)
			AfterProcessingInitializeOnLoad (19ms)
			EditorAssembliesLoaded (1ms)
		ExecutionOrderSort2 (0ms)
		AwakeInstancesAfterBackupRestoration (22ms)
Refreshing native plugins compatible for Editor in 4.47 ms, found 4 plugins.
Preloading 0 native plugins for Editor in 0.00 ms.
Unloading 19 Unused Serialized files (Serialized files now loaded: 0)
Unloading 7032 unused Assets / (5.6 MB). Loaded Objects now: 7779.
Memory consumption went from 151.5 MB to 145.9 MB.
Total: 18.246800 ms (FindLiveObjects: 1.793200 ms CreateObjectMapping: 0.912600 ms MarkObjects: 7.969000 ms  DeleteObjects: 7.568000 ms)

Prepare: number of updated asset objects reloaded= 0
