Using pre-set license
Built from '6000.0/release' branch; Version is '6000.0.29f1 (9fafe5c9db65) revision 10465253'; Using compiler version '193933523'; Build Type 'Release'
OS: 'Windows 11  (10.0.26100) 64bit CoreSingleLanguage' Language: 'pt' Physical Memory: 7916 MB
BatchMode: 1, IsHumanControllingUs: 0, StartBugReporterOnCrash: 0, Is64bit: 1, IsPro: 1

COMMAND LINE ARGUMENTS:
C:\Program Files\Unity 6000.0.29f1\Editor\Unity.exe
-adb2
-batchMode
-noUpm
-name
AssetImportWorker1
-projectPath
C:/Users/joser/OneDrive/Área de Trabalho/PROJETO/mermas-digitais-o-jogo-dev  -[2025_08_28]/mermas-digitais-o-jogo-dev/Mermãs Digitais O Jogo
-logFile
Logs/AssetImportWorker1.log
-srvPort
51128
-job-worker-count
5
-background-job-worker-count
8
-asset-garbage-collectors
1
Successfully changed project path to: C:/Users/joser/OneDrive/Área de Trabalho/PROJETO/mermas-digitais-o-jogo-dev  -[2025_08_28]/mermas-digitais-o-jogo-dev/Mermãs Digitais O Jogo
C:/Users/joser/OneDrive/Área de Trabalho/PROJETO/mermas-digitais-o-jogo-dev  -[2025_08_28]/mermas-digitais-o-jogo-dev/Mermãs Digitais O Jogo
[UnityMemory] Configuration Parameters - Can be set up in boot.config
    "memorysetup-bucket-allocator-granularity=16"
    "memorysetup-bucket-allocator-bucket-count=8"
    "memorysetup-bucket-allocator-block-size=33554432"
    "memorysetup-bucket-allocator-block-count=8"
    "memorysetup-main-allocator-block-size=16777216"
    "memorysetup-thread-allocator-block-size=16777216"
    "memorysetup-gfx-main-allocator-block-size=16777216"
    "memorysetup-gfx-thread-allocator-block-size=16777216"
    "memorysetup-cache-allocator-block-size=4194304"
    "memorysetup-typetree-allocator-block-size=2097152"
    "memorysetup-profiler-bucket-allocator-granularity=16"
    "memorysetup-profiler-bucket-allocator-bucket-count=8"
    "memorysetup-profiler-bucket-allocator-block-size=33554432"
    "memorysetup-profiler-bucket-allocator-block-count=8"
    "memorysetup-profiler-allocator-block-size=16777216"
    "memorysetup-profiler-editor-allocator-block-size=1048576"
    "memorysetup-temp-allocator-size-main=16777216"
    "memorysetup-job-temp-allocator-block-size=2097152"
    "memorysetup-job-temp-allocator-block-size-background=1048576"
    "memorysetup-job-temp-allocator-reduction-small-platforms=262144"
    "memorysetup-allocator-temp-initial-block-size-main=262144"
    "memorysetup-allocator-temp-initial-block-size-worker=262144"
    "memorysetup-temp-allocator-size-background-worker=32768"
    "memorysetup-temp-allocator-size-job-worker=262144"
    "memorysetup-temp-allocator-size-preload-manager=33554432"
    "memorysetup-temp-allocator-size-nav-mesh-worker=65536"
    "memorysetup-temp-allocator-size-audio-worker=65536"
    "memorysetup-temp-allocator-size-cloud-worker=32768"
    "memorysetup-temp-allocator-size-gi-baking-worker=262144"
    "memorysetup-temp-allocator-size-gi-baking-worker=262144"
    "memorysetup-temp-allocator-size-gi-baking-worker=262144"
    "memorysetup-temp-allocator-size-gi-baking-worker=262144"
    "memorysetup-temp-allocator-size-gi-baking-worker=262144"
    "memorysetup-temp-allocator-size-gfx=262144"
Player connection [16060]  Target information:

Player connection [16060]  * "[IP] 172.29.160.1 [Port] 0 [Flags] 2 [Guid] 2663720101 [EditorId] 2663720101 [Version] 1048832 [Id] WindowsEditor(7,Junior) [Debug] 1 [PackageName] WindowsEditor [ProjectName] Editor" 

Player connection [16060]  * "[IP] 10.0.0.196 [Port] 0 [Flags] 2 [Guid] 2663720101 [EditorId] 2663720101 [Version] 1048832 [Id] WindowsEditor(7,Junior) [Debug] 1 [PackageName] WindowsEditor [ProjectName] Editor" 

Player connection [16060] Host joined multi-casting on [225.0.0.222:54997]...
Player connection [16060] Host joined alternative multi-casting on [225.0.0.222:34997]...
JobSystem: Creating JobQueue using job-worker-count value 5
[Physics::Module] Initialized fallback backend.
[Physics::Module] Id: 0xdecafbad
Library Redirect Path: Library/
[Physics::Module] Selected backend.
[Physics::Module] Name: PhysX
[Physics::Module] Id: 0xf2b8ea05
[Physics::Module] SDK Version: 4.1.2
[Physics::Module] Integration Version: 1.0.0
[Physics::Module] Threading Mode: Multi-Threaded
Refreshing native plugins compatible for Editor in 542.63 ms, found 4 plugins.
Preloading 0 native plugins for Editor in 0.00 ms.
Initialize engine version: 6000.0.29f1 (9fafe5c9db65)
[Subsystems] Discovering subsystems at path C:/Program Files/Unity 6000.0.29f1/Editor/Data/Resources/UnitySubsystems
[Subsystems] Discovering subsystems at path C:/Users/joser/OneDrive/Área de Trabalho/PROJETO/mermas-digitais-o-jogo-dev  -[2025_08_28]/mermas-digitais-o-jogo-dev/Mermãs Digitais O Jogo/Assets
GfxDevice: creating device client; kGfxThreadingModeNonThreaded
Direct3D:
    Version:  Direct3D 11.0 [level 11.1]
    Renderer: Intel(R) UHD Graphics (ID=0x4628)
    Vendor:   Intel
    VRAM:     3958 MB
    Driver:   32.0.101.6314
Initialize mono
Mono path[0] = 'C:/Program Files/Unity 6000.0.29f1/Editor/Data/Managed'
Mono path[1] = 'C:/Program Files/Unity 6000.0.29f1/Editor/Data/MonoBleedingEdge/lib/mono/unityjit-win32'
Mono config path = 'C:/Program Files/Unity 6000.0.29f1/Editor/Data/MonoBleedingEdge/etc'
Using monoOptions --debugger-agent=transport=dt_socket,embedding=1,server=y,suspend=n,address=127.0.0.1:56748
Begin MonoManager ReloadAssembly
Registering precompiled unity dll's ...
Register platform support module: C:/Program Files/Unity 6000.0.29f1/Editor/Data/PlaybackEngines/WindowsStandaloneSupport/UnityEditor.WindowsStandalone.Extensions.dll
Registered in 0.391720 seconds.
- Loaded All Assemblies, in 20.782 seconds
Native extension for WindowsStandalone target not found
Mono: successfully reloaded assembly
- Finished resetting the current domain, in  0.766 seconds
Domain Reload Profiling: 21542ms
	BeginReloadAssembly (19802ms)
		ExecutionOrderSort (0ms)
		DisableScriptedObjects (0ms)
		BackupInstance (0ms)
		ReleaseScriptingObjects (0ms)
		CreateAndSetChildDomain (1ms)
	RebuildCommonClasses (65ms)
	RebuildNativeTypeToScriptingClass (24ms)
	initialDomainReloadingComplete (478ms)
	LoadAllAssembliesAndSetupDomain (407ms)
		LoadAssemblies (19786ms)
		RebuildTransferFunctionScriptingTraits (0ms)
		AnalyzeDomain (401ms)
			TypeCache.Refresh (398ms)
				TypeCache.ScanAssembly (372ms)
			BuildScriptInfoCaches (0ms)
			ResolveRequiredComponents (2ms)
	FinalizeReload (767ms)
		ReleaseScriptCaches (0ms)
		RebuildScriptCaches (0ms)
		SetupLoadedEditorAssemblies (683ms)
			LogAssemblyErrors (0ms)
			InitializePlatformSupportModulesInManaged (52ms)
			SetLoadedEditorAssemblies (9ms)
			BeforeProcessingInitializeOnLoad (25ms)
			ProcessInitializeOnLoadAttributes (437ms)
			ProcessInitializeOnLoadMethodAttributes (154ms)
			AfterProcessingInitializeOnLoad (6ms)
			EditorAssembliesLoaded (0ms)
		ExecutionOrderSort2 (0ms)
		AwakeInstancesAfterBackupRestoration (0ms)
Assembly reference Packages/com.unity.cinemachine/Editor/Samples/ExposeHDRPInternals/HDRP-Editor-ref.asmref has no target assembly definition
========================================================================
Worker process is ready to serve import requests
Import Worker Mode flag is 0x00
Assembly reference Packages/com.unity.cinemachine/Editor/Samples/ExposeHDRPInternals/HDRP-Editor-ref.asmref has no target assembly definition
Assembly reference Packages/com.unity.cinemachine/Editor/Samples/ExposeHDRPInternals/HDRP-Editor-ref.asmref has no target assembly definition
Begin MonoManager ReloadAssembly
DirectoryNotFoundException: Could not find a part of the path "C:\Users\joser\OneDrive\Área de Trabalho\PROJETO\mermas-digitais-o-jogo-dev  -[2025_08_28]\mermas-digitais-o-jogo-dev\Mermãs Digitais O Jogo\Library\PackageCache\com.unity.visualscripting\Editor\VisualScripting.Core\Dependencies\YamlDotNet\Unity.VisualScripting.YamlDotNet.dll"
  at System.IO.FileStream..ctor (System.String path, System.IO.FileMode mode, System.IO.FileAccess access, System.IO.FileShare share, System.Int32 bufferSize, System.Boolean anonymous, System.IO.FileOptions options) [0x0019e] in <ed969b0e627d471da4848289f9c322df>:0 
  at System.IO.FileStream..ctor (System.String path, System.IO.FileMode mode, System.IO.FileAccess access, System.IO.FileShare share) [0x00000] in <ed969b0e627d471da4848289f9c322df>:0 
  at (wrapper remoting-invoke-with-check) System.IO.FileStream..ctor(string,System.IO.FileMode,System.IO.FileAccess,System.IO.FileShare)
  at Mono.Cecil.ModuleDefinition.GetFileStream (System.String fileName, System.IO.FileMode mode, System.IO.FileAccess access, System.IO.FileShare share) [0x00006] in <a6860a9f6366437387ebdc1f225b7fd4>:0 
  at Mono.Cecil.ModuleDefinition.ReadModule (System.String fileName, Mono.Cecil.ReaderParameters parameters) [0x00008] in <a6860a9f6366437387ebdc1f225b7fd4>:0 
  at Mono.Cecil.AssemblyDefinition.ReadAssembly (System.String fileName, Mono.Cecil.ReaderParameters parameters) [0x00000] in <a6860a9f6366437387ebdc1f225b7fd4>:0 
  at UnityEditor.AssemblyValidation.LoadAssemblyDefinitions (System.String[] assemblyPaths, System.String[] searchPaths) [0x00048] in <20f98a04ac634cc8bf5f95425bb19bb9>:0 
  at UnityEditor.AssemblyValidation.ValidateAssemblies (System.String[] assemblyPaths, System.Boolean enableLogging) [0x00007] in <20f98a04ac634cc8bf5f95425bb19bb9>:0 

- Loaded All Assemblies, in  7.993 seconds
Assembly reference Packages/com.unity.cinemachine/Editor/Samples/ExposeHDRPInternals/HDRP-Editor-ref.asmref has no target assembly definition
'Packages/com.unity.cinemachine/Editor/Obsolete/CinemachineVirtualCameraBaseEditor.cs' contains partial class of Unity.Object, exactly 1 of the partial classes needs to be in a file with the same filename. This is to know the one that can be referenced from ie. GameObjects
'Packages/com.unity.cinemachine/Editor/Editors/CinemachineVirtualCameraBaseEditor.cs' contains partial class of Unity.Object, exactly 1 of the partial classes needs to be in a file with the same filename. This is to know the one that can be referenced from ie. GameObjects
Refreshing native plugins compatible for Editor in 4.18 ms, found 4 plugins.
Native extension for WindowsStandalone target not found
Assembly reference Packages/com.unity.cinemachine/Editor/Samples/ExposeHDRPInternals/HDRP-Editor-ref.asmref has no target assembly definition
Package Manager log level set to [2]
[Package Manager] Failed to launch server process. Reason: Unity was launched with the -noUpm command-line argument
[Package Manager] Unable to send message (not connected to server process).
[Package Manager] Cannot connect to Unity Package Manager local server
Mono: successfully reloaded assembly
- Finished resetting the current domain, in  2.558 seconds
Domain Reload Profiling: 10528ms
	BeginReloadAssembly (415ms)
		ExecutionOrderSort (0ms)
		DisableScriptedObjects (12ms)
		BackupInstance (0ms)
		ReleaseScriptingObjects (0ms)
		CreateAndSetChildDomain (55ms)
	RebuildCommonClasses (79ms)
	RebuildNativeTypeToScriptingClass (26ms)
	initialDomainReloadingComplete (96ms)
	LoadAllAssembliesAndSetupDomain (7354ms)
		LoadAssemblies (6888ms)
		RebuildTransferFunctionScriptingTraits (0ms)
		AnalyzeDomain (750ms)
			TypeCache.Refresh (441ms)
				TypeCache.ScanAssembly (386ms)
			BuildScriptInfoCaches (275ms)
			ResolveRequiredComponents (28ms)
	FinalizeReload (2559ms)
		ReleaseScriptCaches (0ms)
		RebuildScriptCaches (0ms)
		SetupLoadedEditorAssemblies (1934ms)
			LogAssemblyErrors (0ms)
			InitializePlatformSupportModulesInManaged (4ms)
			SetLoadedEditorAssemblies (12ms)
			BeforeProcessingInitializeOnLoad (330ms)
			ProcessInitializeOnLoadAttributes (1337ms)
			ProcessInitializeOnLoadMethodAttributes (235ms)
			AfterProcessingInitializeOnLoad (15ms)
			EditorAssembliesLoaded (0ms)
		ExecutionOrderSort2 (0ms)
		AwakeInstancesAfterBackupRestoration (11ms)
Launched and connected shader compiler UnityShaderCompiler.exe after 0.14 seconds
Refreshing native plugins compatible for Editor in 4.23 ms, found 4 plugins.
Preloading 0 native plugins for Editor in 0.00 ms.
Unloading 221 Unused Serialized files (Serialized files now loaded: 0)
Unloading 7034 unused Assets / (3.6 MB). Loaded Objects now: 7718.
Memory consumption went from 178.4 MB to 174.9 MB.
Total: 21.022200 ms (FindLiveObjects: 2.335200 ms CreateObjectMapping: 1.677200 ms MarkObjects: 10.253400 ms  DeleteObjects: 6.751800 ms)

========================================================================
Received Prepare
Assembly reference Packages/com.unity.cinemachine/Editor/Samples/ExposeHDRPInternals/HDRP-Editor-ref.asmref has no target assembly definition
Assembly reference Packages/com.unity.cinemachine/Editor/Samples/ExposeHDRPInternals/HDRP-Editor-ref.asmref has no target assembly definition
Begin MonoManager ReloadAssembly
DirectoryNotFoundException: Could not find a part of the path "C:\Users\joser\OneDrive\Área de Trabalho\PROJETO\mermas-digitais-o-jogo-dev  -[2025_08_28]\mermas-digitais-o-jogo-dev\Mermãs Digitais O Jogo\Library\PackageCache\com.unity.visualscripting\Editor\VisualScripting.Core\Dependencies\YamlDotNet\Unity.VisualScripting.YamlDotNet.dll"
  at System.IO.FileStream..ctor (System.String path, System.IO.FileMode mode, System.IO.FileAccess access, System.IO.FileShare share, System.Int32 bufferSize, System.Boolean anonymous, System.IO.FileOptions options) [0x0019e] in <ed969b0e627d471da4848289f9c322df>:0 
  at System.IO.FileStream..ctor (System.String path, System.IO.FileMode mode, System.IO.FileAccess access, System.IO.FileShare share) [0x00000] in <ed969b0e627d471da4848289f9c322df>:0 
  at (wrapper remoting-invoke-with-check) System.IO.FileStream..ctor(string,System.IO.FileMode,System.IO.FileAccess,System.IO.FileShare)
  at Mono.Cecil.ModuleDefinition.GetFileStream (System.String fileName, System.IO.FileMode mode, System.IO.FileAccess access, System.IO.FileShare share) [0x00006] in <a6860a9f6366437387ebdc1f225b7fd4>:0 
  at Mono.Cecil.ModuleDefinition.ReadModule (System.String fileName, Mono.Cecil.ReaderParameters parameters) [0x00008] in <a6860a9f6366437387ebdc1f225b7fd4>:0 
  at Mono.Cecil.AssemblyDefinition.ReadAssembly (System.String fileName, Mono.Cecil.ReaderParameters parameters) [0x00000] in <a6860a9f6366437387ebdc1f225b7fd4>:0 
  at UnityEditor.AssemblyValidation.LoadAssemblyDefinitions (System.String[] assemblyPaths, System.String[] searchPaths) [0x00048] in <20f98a04ac634cc8bf5f95425bb19bb9>:0 
  at UnityEditor.AssemblyValidation.ValidateAssemblies (System.String[] assemblyPaths, System.Boolean enableLogging) [0x00007] in <20f98a04ac634cc8bf5f95425bb19bb9>:0 

- Loaded All Assemblies, in  1.527 seconds
Assembly reference Packages/com.unity.cinemachine/Editor/Samples/ExposeHDRPInternals/HDRP-Editor-ref.asmref has no target assembly definition
'Packages/com.unity.cinemachine/Editor/Obsolete/CinemachineVirtualCameraBaseEditor.cs' contains partial class of Unity.Object, exactly 1 of the partial classes needs to be in a file with the same filename. This is to know the one that can be referenced from ie. GameObjects
'Packages/com.unity.cinemachine/Editor/Editors/CinemachineVirtualCameraBaseEditor.cs' contains partial class of Unity.Object, exactly 1 of the partial classes needs to be in a file with the same filename. This is to know the one that can be referenced from ie. GameObjects
Refreshing native plugins compatible for Editor in 4.90 ms, found 4 plugins.
Native extension for WindowsStandalone target not found
Assembly reference Packages/com.unity.cinemachine/Editor/Samples/ExposeHDRPInternals/HDRP-Editor-ref.asmref has no target assembly definition
[Package Manager] Failed to launch server process. Reason: Unity was launched with the -noUpm command-line argument
[Package Manager] Unable to send message (not connected to server process).
[Package Manager] Cannot connect to Unity Package Manager local server
Mono: successfully reloaded assembly
- Finished resetting the current domain, in  2.196 seconds
Domain Reload Profiling: 3715ms
	BeginReloadAssembly (457ms)
		ExecutionOrderSort (0ms)
		DisableScriptedObjects (23ms)
		BackupInstance (0ms)
		ReleaseScriptingObjects (1ms)
		CreateAndSetChildDomain (103ms)
	RebuildCommonClasses (83ms)
	RebuildNativeTypeToScriptingClass (28ms)
	initialDomainReloadingComplete (70ms)
	LoadAllAssembliesAndSetupDomain (880ms)
		LoadAssemblies (583ms)
		RebuildTransferFunctionScriptingTraits (0ms)
		AnalyzeDomain (539ms)
			TypeCache.Refresh (15ms)
				TypeCache.ScanAssembly (0ms)
			BuildScriptInfoCaches (491ms)
			ResolveRequiredComponents (26ms)
	FinalizeReload (2197ms)
		ReleaseScriptCaches (0ms)
		RebuildScriptCaches (0ms)
		SetupLoadedEditorAssemblies (1773ms)
			LogAssemblyErrors (0ms)
			InitializePlatformSupportModulesInManaged (9ms)
			SetLoadedEditorAssemblies (13ms)
			BeforeProcessingInitializeOnLoad (273ms)
			ProcessInitializeOnLoadAttributes (1301ms)
			ProcessInitializeOnLoadMethodAttributes (154ms)
			AfterProcessingInitializeOnLoad (21ms)
			EditorAssembliesLoaded (1ms)
		ExecutionOrderSort2 (0ms)
		AwakeInstancesAfterBackupRestoration (28ms)
Refreshing native plugins compatible for Editor in 7.89 ms, found 4 plugins.
Preloading 0 native plugins for Editor in 0.00 ms.
Unloading 19 Unused Serialized files (Serialized files now loaded: 0)
Unloading 7032 unused Assets / (5.3 MB). Loaded Objects now: 7721.
Memory consumption went from 145.9 MB to 140.6 MB.
Total: 25.107000 ms (FindLiveObjects: 2.169600 ms CreateObjectMapping: 1.347100 ms MarkObjects: 13.616200 ms  DeleteObjects: 7.970500 ms)

Prepare: number of updated asset objects reloaded= 0
========================================================================
Received Prepare
Assembly reference Packages/com.unity.cinemachine/Editor/Samples/ExposeHDRPInternals/HDRP-Editor-ref.asmref has no target assembly definition
Assembly reference Packages/com.unity.cinemachine/Editor/Samples/ExposeHDRPInternals/HDRP-Editor-ref.asmref has no target assembly definition
Begin MonoManager ReloadAssembly
DirectoryNotFoundException: Could not find a part of the path "C:\Users\joser\OneDrive\Área de Trabalho\PROJETO\mermas-digitais-o-jogo-dev  -[2025_08_28]\mermas-digitais-o-jogo-dev\Mermãs Digitais O Jogo\Library\PackageCache\com.unity.visualscripting\Editor\VisualScripting.Core\Dependencies\YamlDotNet\Unity.VisualScripting.YamlDotNet.dll"
  at System.IO.FileStream..ctor (System.String path, System.IO.FileMode mode, System.IO.FileAccess access, System.IO.FileShare share, System.Int32 bufferSize, System.Boolean anonymous, System.IO.FileOptions options) [0x0019e] in <ed969b0e627d471da4848289f9c322df>:0 
  at System.IO.FileStream..ctor (System.String path, System.IO.FileMode mode, System.IO.FileAccess access, System.IO.FileShare share) [0x00000] in <ed969b0e627d471da4848289f9c322df>:0 
  at (wrapper remoting-invoke-with-check) System.IO.FileStream..ctor(string,System.IO.FileMode,System.IO.FileAccess,System.IO.FileShare)
  at Mono.Cecil.ModuleDefinition.GetFileStream (System.String fileName, System.IO.FileMode mode, System.IO.FileAccess access, System.IO.FileShare share) [0x00006] in <a6860a9f6366437387ebdc1f225b7fd4>:0 
  at Mono.Cecil.ModuleDefinition.ReadModule (System.String fileName, Mono.Cecil.ReaderParameters parameters) [0x00008] in <a6860a9f6366437387ebdc1f225b7fd4>:0 
  at Mono.Cecil.AssemblyDefinition.ReadAssembly (System.String fileName, Mono.Cecil.ReaderParameters parameters) [0x00000] in <a6860a9f6366437387ebdc1f225b7fd4>:0 
  at UnityEditor.AssemblyValidation.LoadAssemblyDefinitions (System.String[] assemblyPaths, System.String[] searchPaths) [0x00048] in <20f98a04ac634cc8bf5f95425bb19bb9>:0 
  at UnityEditor.AssemblyValidation.ValidateAssemblies (System.String[] assemblyPaths, System.Boolean enableLogging) [0x00007] in <20f98a04ac634cc8bf5f95425bb19bb9>:0 

- Loaded All Assemblies, in  3.037 seconds
Assembly reference Packages/com.unity.cinemachine/Editor/Samples/ExposeHDRPInternals/HDRP-Editor-ref.asmref has no target assembly definition
'Packages/com.unity.cinemachine/Editor/Obsolete/CinemachineVirtualCameraBaseEditor.cs' contains partial class of Unity.Object, exactly 1 of the partial classes needs to be in a file with the same filename. This is to know the one that can be referenced from ie. GameObjects
'Packages/com.unity.cinemachine/Editor/Editors/CinemachineVirtualCameraBaseEditor.cs' contains partial class of Unity.Object, exactly 1 of the partial classes needs to be in a file with the same filename. This is to know the one that can be referenced from ie. GameObjects
Refreshing native plugins compatible for Editor in 11.79 ms, found 4 plugins.
Native extension for WindowsStandalone target not found
Assembly reference Packages/com.unity.cinemachine/Editor/Samples/ExposeHDRPInternals/HDRP-Editor-ref.asmref has no target assembly definition
[Package Manager] Failed to launch server process. Reason: Unity was launched with the -noUpm command-line argument
[Package Manager] Unable to send message (not connected to server process).
[Package Manager] Cannot connect to Unity Package Manager local server
Mono: successfully reloaded assembly
- Finished resetting the current domain, in  2.435 seconds
Domain Reload Profiling: 5498ms
	BeginReloadAssembly (1249ms)
		ExecutionOrderSort (1ms)
		DisableScriptedObjects (235ms)
		BackupInstance (0ms)
		ReleaseScriptingObjects (3ms)
		CreateAndSetChildDomain (432ms)
	RebuildCommonClasses (83ms)
	RebuildNativeTypeToScriptingClass (23ms)
	initialDomainReloadingComplete (77ms)
	LoadAllAssembliesAndSetupDomain (1630ms)
		LoadAssemblies (779ms)
		RebuildTransferFunctionScriptingTraits (0ms)
		AnalyzeDomain (1096ms)
			TypeCache.Refresh (43ms)
				TypeCache.ScanAssembly (0ms)
			BuildScriptInfoCaches (933ms)
			ResolveRequiredComponents (64ms)
	FinalizeReload (2436ms)
		ReleaseScriptCaches (0ms)
		RebuildScriptCaches (0ms)
		SetupLoadedEditorAssemblies (1932ms)
			LogAssemblyErrors (0ms)
			InitializePlatformSupportModulesInManaged (7ms)
			SetLoadedEditorAssemblies (15ms)
			BeforeProcessingInitializeOnLoad (265ms)
			ProcessInitializeOnLoadAttributes (1455ms)
			ProcessInitializeOnLoadMethodAttributes (172ms)
			AfterProcessingInitializeOnLoad (18ms)
			EditorAssembliesLoaded (1ms)
		ExecutionOrderSort2 (0ms)
		AwakeInstancesAfterBackupRestoration (30ms)
Refreshing native plugins compatible for Editor in 7.56 ms, found 4 plugins.
Preloading 0 native plugins for Editor in 0.00 ms.
Unloading 19 Unused Serialized files (Serialized files now loaded: 0)
Unloading 7032 unused Assets / (4.9 MB). Loaded Objects now: 7723.
Memory consumption went from 145.9 MB to 141.0 MB.
Total: 29.830900 ms (FindLiveObjects: 3.686500 ms CreateObjectMapping: 2.361200 ms MarkObjects: 14.868600 ms  DeleteObjects: 8.908300 ms)

Prepare: number of updated asset objects reloaded= 0
========================================================================
Received Prepare
'Packages/com.unity.cinemachine/Editor/Obsolete/CinemachineVirtualCameraBaseEditor.cs' contains partial class of Unity.Object, exactly 1 of the partial classes needs to be in a file with the same filename. This is to know the one that can be referenced from ie. GameObjects
'Packages/com.unity.cinemachine/Editor/Editors/CinemachineVirtualCameraBaseEditor.cs' contains partial class of Unity.Object, exactly 1 of the partial classes needs to be in a file with the same filename. This is to know the one that can be referenced from ie. GameObjects
Refreshing native plugins compatible for Editor in 9.91 ms, found 4 plugins.
Preloading 0 native plugins for Editor in 0.00 ms.
Unloading 14 Unused Serialized files (Serialized files now loaded: 0)
Unloading 7021 unused Assets / (3.3 MB). Loaded Objects now: 7723.
Memory consumption went from 145.9 MB to 142.6 MB.
Total: 41.963200 ms (FindLiveObjects: 3.621700 ms CreateObjectMapping: 2.607900 ms MarkObjects: 26.475100 ms  DeleteObjects: 9.255800 ms)

Prepare: number of updated asset objects reloaded= 0
========================================================================
Received Prepare
Assembly reference Packages/com.unity.cinemachine/Editor/Samples/ExposeHDRPInternals/HDRP-Editor-ref.asmref has no target assembly definition
Assembly reference Packages/com.unity.cinemachine/Editor/Samples/ExposeHDRPInternals/HDRP-Editor-ref.asmref has no target assembly definition
Begin MonoManager ReloadAssembly
DirectoryNotFoundException: Could not find a part of the path "C:\Users\joser\OneDrive\Área de Trabalho\PROJETO\mermas-digitais-o-jogo-dev  -[2025_08_28]\mermas-digitais-o-jogo-dev\Mermãs Digitais O Jogo\Library\PackageCache\com.unity.visualscripting\Editor\VisualScripting.Core\Dependencies\YamlDotNet\Unity.VisualScripting.YamlDotNet.dll"
  at System.IO.FileStream..ctor (System.String path, System.IO.FileMode mode, System.IO.FileAccess access, System.IO.FileShare share, System.Int32 bufferSize, System.Boolean anonymous, System.IO.FileOptions options) [0x0019e] in <ed969b0e627d471da4848289f9c322df>:0 
  at System.IO.FileStream..ctor (System.String path, System.IO.FileMode mode, System.IO.FileAccess access, System.IO.FileShare share) [0x00000] in <ed969b0e627d471da4848289f9c322df>:0 
  at (wrapper remoting-invoke-with-check) System.IO.FileStream..ctor(string,System.IO.FileMode,System.IO.FileAccess,System.IO.FileShare)
  at Mono.Cecil.ModuleDefinition.GetFileStream (System.String fileName, System.IO.FileMode mode, System.IO.FileAccess access, System.IO.FileShare share) [0x00006] in <a6860a9f6366437387ebdc1f225b7fd4>:0 
  at Mono.Cecil.ModuleDefinition.ReadModule (System.String fileName, Mono.Cecil.ReaderParameters parameters) [0x00008] in <a6860a9f6366437387ebdc1f225b7fd4>:0 
  at Mono.Cecil.AssemblyDefinition.ReadAssembly (System.String fileName, Mono.Cecil.ReaderParameters parameters) [0x00000] in <a6860a9f6366437387ebdc1f225b7fd4>:0 
  at UnityEditor.AssemblyValidation.LoadAssemblyDefinitions (System.String[] assemblyPaths, System.String[] searchPaths) [0x00048] in <20f98a04ac634cc8bf5f95425bb19bb9>:0 
  at UnityEditor.AssemblyValidation.ValidateAssemblies (System.String[] assemblyPaths, System.Boolean enableLogging) [0x00007] in <20f98a04ac634cc8bf5f95425bb19bb9>:0 

- Loaded All Assemblies, in  2.752 seconds
Assembly reference Packages/com.unity.cinemachine/Editor/Samples/ExposeHDRPInternals/HDRP-Editor-ref.asmref has no target assembly definition
'Packages/com.unity.cinemachine/Editor/Obsolete/CinemachineVirtualCameraBaseEditor.cs' contains partial class of Unity.Object, exactly 1 of the partial classes needs to be in a file with the same filename. This is to know the one that can be referenced from ie. GameObjects
'Packages/com.unity.cinemachine/Editor/Editors/CinemachineVirtualCameraBaseEditor.cs' contains partial class of Unity.Object, exactly 1 of the partial classes needs to be in a file with the same filename. This is to know the one that can be referenced from ie. GameObjects
Refreshing native plugins compatible for Editor in 10.94 ms, found 4 plugins.
Native extension for WindowsStandalone target not found
Assembly reference Packages/com.unity.cinemachine/Editor/Samples/ExposeHDRPInternals/HDRP-Editor-ref.asmref has no target assembly definition
[Package Manager] Failed to launch server process. Reason: Unity was launched with the -noUpm command-line argument
[Package Manager] Unable to send message (not connected to server process).
[Package Manager] Cannot connect to Unity Package Manager local server
Mono: successfully reloaded assembly
- Finished resetting the current domain, in  2.673 seconds
Domain Reload Profiling: 5426ms
	BeginReloadAssembly (710ms)
		ExecutionOrderSort (0ms)
		DisableScriptedObjects (51ms)
		BackupInstance (0ms)
		ReleaseScriptingObjects (0ms)
		CreateAndSetChildDomain (190ms)
	RebuildCommonClasses (80ms)
	RebuildNativeTypeToScriptingClass (30ms)
	initialDomainReloadingComplete (75ms)
	LoadAllAssembliesAndSetupDomain (1858ms)
		LoadAssemblies (1000ms)
		RebuildTransferFunctionScriptingTraits (0ms)
		AnalyzeDomain (1216ms)
			TypeCache.Refresh (54ms)
				TypeCache.ScanAssembly (4ms)
			BuildScriptInfoCaches (1099ms)
			ResolveRequiredComponents (38ms)
	FinalizeReload (2674ms)
		ReleaseScriptCaches (0ms)
		RebuildScriptCaches (0ms)
		SetupLoadedEditorAssemblies (2132ms)
			LogAssemblyErrors (0ms)
			InitializePlatformSupportModulesInManaged (7ms)
			SetLoadedEditorAssemblies (13ms)
			BeforeProcessingInitializeOnLoad (275ms)
			ProcessInitializeOnLoadAttributes (1632ms)
			ProcessInitializeOnLoadMethodAttributes (179ms)
			AfterProcessingInitializeOnLoad (23ms)
			EditorAssembliesLoaded (1ms)
		ExecutionOrderSort2 (0ms)
		AwakeInstancesAfterBackupRestoration (30ms)
Refreshing native plugins compatible for Editor in 5.91 ms, found 4 plugins.
Preloading 0 native plugins for Editor in 0.00 ms.
Unloading 19 Unused Serialized files (Serialized files now loaded: 0)
Unloading 7032 unused Assets / (3.4 MB). Loaded Objects now: 7725.
Memory consumption went from 145.9 MB to 142.5 MB.
Total: 21.676700 ms (FindLiveObjects: 1.836300 ms CreateObjectMapping: 1.368100 ms MarkObjects: 11.901600 ms  DeleteObjects: 6.568200 ms)

Prepare: number of updated asset objects reloaded= 0
========================================================================
Received Prepare
Assembly reference Packages/com.unity.cinemachine/Editor/Samples/ExposeHDRPInternals/HDRP-Editor-ref.asmref has no target assembly definition
Assembly reference Packages/com.unity.cinemachine/Editor/Samples/ExposeHDRPInternals/HDRP-Editor-ref.asmref has no target assembly definition
Begin MonoManager ReloadAssembly
DirectoryNotFoundException: Could not find a part of the path "C:\Users\joser\OneDrive\Área de Trabalho\PROJETO\mermas-digitais-o-jogo-dev  -[2025_08_28]\mermas-digitais-o-jogo-dev\Mermãs Digitais O Jogo\Library\PackageCache\com.unity.visualscripting\Editor\VisualScripting.Core\Dependencies\YamlDotNet\Unity.VisualScripting.YamlDotNet.dll"
  at System.IO.FileStream..ctor (System.String path, System.IO.FileMode mode, System.IO.FileAccess access, System.IO.FileShare share, System.Int32 bufferSize, System.Boolean anonymous, System.IO.FileOptions options) [0x0019e] in <ed969b0e627d471da4848289f9c322df>:0 
  at System.IO.FileStream..ctor (System.String path, System.IO.FileMode mode, System.IO.FileAccess access, System.IO.FileShare share) [0x00000] in <ed969b0e627d471da4848289f9c322df>:0 
  at (wrapper remoting-invoke-with-check) System.IO.FileStream..ctor(string,System.IO.FileMode,System.IO.FileAccess,System.IO.FileShare)
  at Mono.Cecil.ModuleDefinition.GetFileStream (System.String fileName, System.IO.FileMode mode, System.IO.FileAccess access, System.IO.FileShare share) [0x00006] in <a6860a9f6366437387ebdc1f225b7fd4>:0 
  at Mono.Cecil.ModuleDefinition.ReadModule (System.String fileName, Mono.Cecil.ReaderParameters parameters) [0x00008] in <a6860a9f6366437387ebdc1f225b7fd4>:0 
  at Mono.Cecil.AssemblyDefinition.ReadAssembly (System.String fileName, Mono.Cecil.ReaderParameters parameters) [0x00000] in <a6860a9f6366437387ebdc1f225b7fd4>:0 
  at UnityEditor.AssemblyValidation.LoadAssemblyDefinitions (System.String[] assemblyPaths, System.String[] searchPaths) [0x00048] in <20f98a04ac634cc8bf5f95425bb19bb9>:0 
  at UnityEditor.AssemblyValidation.ValidateAssemblies (System.String[] assemblyPaths, System.Boolean enableLogging) [0x00007] in <20f98a04ac634cc8bf5f95425bb19bb9>:0 

- Loaded All Assemblies, in  1.478 seconds
Assembly reference Packages/com.unity.cinemachine/Editor/Samples/ExposeHDRPInternals/HDRP-Editor-ref.asmref has no target assembly definition
'Packages/com.unity.cinemachine/Editor/Obsolete/CinemachineVirtualCameraBaseEditor.cs' contains partial class of Unity.Object, exactly 1 of the partial classes needs to be in a file with the same filename. This is to know the one that can be referenced from ie. GameObjects
'Packages/com.unity.cinemachine/Editor/Editors/CinemachineVirtualCameraBaseEditor.cs' contains partial class of Unity.Object, exactly 1 of the partial classes needs to be in a file with the same filename. This is to know the one that can be referenced from ie. GameObjects
Refreshing native plugins compatible for Editor in 4.02 ms, found 4 plugins.
Native extension for WindowsStandalone target not found
Assembly reference Packages/com.unity.cinemachine/Editor/Samples/ExposeHDRPInternals/HDRP-Editor-ref.asmref has no target assembly definition
[Package Manager] Failed to launch server process. Reason: Unity was launched with the -noUpm command-line argument
[Package Manager] Unable to send message (not connected to server process).
[Package Manager] Cannot connect to Unity Package Manager local server
Mono: successfully reloaded assembly
- Finished resetting the current domain, in  2.312 seconds
Domain Reload Profiling: 3782ms
	BeginReloadAssembly (443ms)
		ExecutionOrderSort (0ms)
		DisableScriptedObjects (28ms)
		BackupInstance (0ms)
		ReleaseScriptingObjects (0ms)
		CreateAndSetChildDomain (98ms)
	RebuildCommonClasses (72ms)
	RebuildNativeTypeToScriptingClass (24ms)
	initialDomainReloadingComplete (60ms)
	LoadAllAssembliesAndSetupDomain (869ms)
		LoadAssemblies (543ms)
		RebuildTransferFunctionScriptingTraits (0ms)
		AnalyzeDomain (554ms)
			TypeCache.Refresh (15ms)
				TypeCache.ScanAssembly (0ms)
			BuildScriptInfoCaches (512ms)
			ResolveRequiredComponents (21ms)
	FinalizeReload (2313ms)
		ReleaseScriptCaches (0ms)
		RebuildScriptCaches (0ms)
		SetupLoadedEditorAssemblies (1834ms)
			LogAssemblyErrors (0ms)
			InitializePlatformSupportModulesInManaged (8ms)
			SetLoadedEditorAssemblies (14ms)
			BeforeProcessingInitializeOnLoad (268ms)
			ProcessInitializeOnLoadAttributes (1366ms)
			ProcessInitializeOnLoadMethodAttributes (153ms)
			AfterProcessingInitializeOnLoad (23ms)
			EditorAssembliesLoaded (1ms)
		ExecutionOrderSort2 (0ms)
		AwakeInstancesAfterBackupRestoration (30ms)
Refreshing native plugins compatible for Editor in 6.00 ms, found 4 plugins.
Preloading 0 native plugins for Editor in 0.00 ms.
Unloading 19 Unused Serialized files (Serialized files now loaded: 0)
Unloading 7032 unused Assets / (4.6 MB). Loaded Objects now: 7727.
Memory consumption went from 145.9 MB to 141.4 MB.
Total: 21.690300 ms (FindLiveObjects: 2.238000 ms CreateObjectMapping: 1.065800 ms MarkObjects: 10.691200 ms  DeleteObjects: 7.691800 ms)

Prepare: number of updated asset objects reloaded= 0
========================================================================
Received Import Request.
  Time since last request: 837060.649754 seconds.
  path: Assets/DialoguePoint.prefab
  artifactKey: Guid(f5f198dc42d1415418aac91e964733af) Importer(2089858483,192608db42251d675da83286b1cce702)
Start importing Assets/DialoguePoint.prefab using Guid(f5f198dc42d1415418aac91e964733af) Importer(2089858483,192608db42251d675da83286b1cce702) (ScriptedImporter) -> (artifact id: 'c4792aa43dad65b0ad0f20d643b8543f') in 0.9626641 seconds
Number of updated asset objects reloaded before import = 0Number of asset objects unloaded after import = 6

========================================================================
Received Import Request.
  Time since last request: 0.000130 seconds.
  path: Assets/Scenes/Fase 1.unity
  artifactKey: Guid(cc114c88b78d7b848aadd79237685f48) Importer(2089858483,192608db42251d675da83286b1cce702)
Start importing Assets/Scenes/Fase 1.unity using Guid(cc114c88b78d7b848aadd79237685f48) Importer(2089858483,192608db42251d675da83286b1cce702) (ScriptedImporter) -> (artifact id: 'f2a60a287646438f87ee981945e34b49') in 0.1682886 seconds
Number of updated asset objects reloaded before import = 0Number of asset objects unloaded after import = 1

========================================================================
Received Import Request.
  Time since last request: 0.000050 seconds.
  path: Assets/TextMesh Pro/Shaders/TMP_Bitmap.shader
  artifactKey: Guid(128e987d567d4e2c824d754223b3f3b0) Importer(2089858483,192608db42251d675da83286b1cce702)
Start importing Assets/TextMesh Pro/Shaders/TMP_Bitmap.shader using Guid(128e987d567d4e2c824d754223b3f3b0) Importer(2089858483,192608db42251d675da83286b1cce702) (ScriptedImporter) -> (artifact id: '33275d83c3610af2f929f6d23799fe3e') in 0.0489426 seconds
Number of updated asset objects reloaded before import = 0Number of asset objects unloaded after import = 1

========================================================================
Received Import Request.
  Time since last request: 0.000038 seconds.
  path: Assets/Resources/PerformanceTestRunSettings.json
  artifactKey: Guid(a931117575d7d37458b366c231b71372) Importer(2089858483,192608db42251d675da83286b1cce702)
Start importing Assets/Resources/PerformanceTestRunSettings.json using Guid(a931117575d7d37458b366c231b71372) Importer(2089858483,192608db42251d675da83286b1cce702) (ScriptedImporter) -> (artifact id: '9d81c6a895702b828eac40aa19ea7551') in 0.0345901 seconds
Number of updated asset objects reloaded before import = 0Number of asset objects unloaded after import = 1

========================================================================
Received Import Request.
  Time since last request: 0.000262 seconds.
  path: Assets/Scripts/Enemies/EnemyGeneratorController.cs
  artifactKey: Guid(76c40381bd6d9064d9a20314edad66cd) Importer(2089858483,192608db42251d675da83286b1cce702)
Start importing Assets/Scripts/Enemies/EnemyGeneratorController.cs using Guid(76c40381bd6d9064d9a20314edad66cd) Importer(2089858483,192608db42251d675da83286b1cce702) (ScriptedImporter) -> (artifact id: '1c69771ac763ea026b6a308b0343daf5') in 0.0359443 seconds
Number of updated asset objects reloaded before import = 0Number of asset objects unloaded after import = 0

========================================================================
Received Import Request.
  Time since last request: 0.000050 seconds.
  path: Assets/TextMesh Pro/Shaders/TMP_SDF-Mobile.shader
  artifactKey: Guid(fe393ace9b354375a9cb14cdbbc28be4) Importer(2089858483,192608db42251d675da83286b1cce702)
Start importing Assets/TextMesh Pro/Shaders/TMP_SDF-Mobile.shader using Guid(fe393ace9b354375a9cb14cdbbc28be4) Importer(2089858483,192608db42251d675da83286b1cce702) (ScriptedImporter) -> (artifact id: '7488b1b769443fff375f55605f69d262') in 0.0439433 seconds
Number of updated asset objects reloaded before import = 0Number of asset objects unloaded after import = 1

========================================================================
Received Import Request.
  Time since last request: 0.000026 seconds.
  path: Assets/TextMesh Pro/Shaders/TMP_SDF SSD.shader
  artifactKey: Guid(14eb328de4b8eb245bb7cea29e4ac00b) Importer(2089858483,192608db42251d675da83286b1cce702)
Start importing Assets/TextMesh Pro/Shaders/TMP_SDF SSD.shader using Guid(14eb328de4b8eb245bb7cea29e4ac00b) Importer(2089858483,192608db42251d675da83286b1cce702) (ScriptedImporter) -> (artifact id: '91074b825978402d03b03f88a66e0d17') in 0.032915 seconds
Number of updated asset objects reloaded before import = 0Number of asset objects unloaded after import = 1

========================================================================
Received Import Request.
  Time since last request: 0.000040 seconds.
  path: Assets/TextMesh Pro/Resources/TMP Settings.asset
  artifactKey: Guid(3f5b5dff67a942289a9defa416b206f3) Importer(2089858483,192608db42251d675da83286b1cce702)
Start importing Assets/TextMesh Pro/Resources/TMP Settings.asset using Guid(3f5b5dff67a942289a9defa416b206f3) Importer(2089858483,192608db42251d675da83286b1cce702) (ScriptedImporter) -> (artifact id: 'f32561530bfe8270e855deb0165d3fe4') in 0.1090644 seconds
Number of updated asset objects reloaded before import = 0Number of asset objects unloaded after import = 15

========================================================================
Received Import Request.
  Time since last request: 0.000065 seconds.
  path: Assets/UI/HUD/Coin.png
  artifactKey: Guid(2c86fe783bafdc442be668b11070e992) Importer(2089858483,192608db42251d675da83286b1cce702)
Start importing Assets/UI/HUD/Coin.png using Guid(2c86fe783bafdc442be668b11070e992) Importer(2089858483,192608db42251d675da83286b1cce702) (ScriptedImporter) -> (artifact id: 'd569390ee456d9f468cbf0dc054f70a4') in 0.1596859 seconds
Number of updated asset objects reloaded before import = 0Number of asset objects unloaded after import = 3

========================================================================
Received Import Request.
  Time since last request: 0.000065 seconds.
  path: Assets/Settings/UniversalRP.asset
  artifactKey: Guid(681886c5eb7344803b6206f758bf0b1c) Importer(2089858483,192608db42251d675da83286b1cce702)
Start importing Assets/Settings/UniversalRP.asset using Guid(681886c5eb7344803b6206f758bf0b1c) Importer(2089858483,192608db42251d675da83286b1cce702) (ScriptedImporter) -> (artifact id: 'eb767e7444d2f661ce3d4771bf19c96a') in 0.1829372 seconds
Number of updated asset objects reloaded before import = 0Number of asset objects unloaded after import = 1

========================================================================
Received Import Request.
  Time since last request: 0.000057 seconds.
  path: Assets/UI/HUD/Character's Head.png
  artifactKey: Guid(59757b2e3357b5a44a1df793ce50afb9) Importer(2089858483,192608db42251d675da83286b1cce702)
Start importing Assets/UI/HUD/Character's Head.png using Guid(59757b2e3357b5a44a1df793ce50afb9) Importer(2089858483,192608db42251d675da83286b1cce702) (ScriptedImporter) -> (artifact id: '2c93f6f4fd37ed3995586a349445e8e5') in 0.0682888 seconds
Number of updated asset objects reloaded before import = 0Number of asset objects unloaded after import = 3

========================================================================
Received Import Request.
  Time since last request: 0.000028 seconds.
  path: Assets/TextMesh Pro/Shaders/TMP_Bitmap-Mobile.shader
  artifactKey: Guid(1e3b057af24249748ff873be7fafee47) Importer(2089858483,192608db42251d675da83286b1cce702)
Start importing Assets/TextMesh Pro/Shaders/TMP_Bitmap-Mobile.shader using Guid(1e3b057af24249748ff873be7fafee47) Importer(2089858483,192608db42251d675da83286b1cce702) (ScriptedImporter) -> (artifact id: '9029c4a87b83cc4af742e3681577c518') in 0.0373197 seconds
Number of updated asset objects reloaded before import = 0Number of asset objects unloaded after import = 1

========================================================================
Received Import Request.
  Time since last request: 0.000032 seconds.
  path: Assets/Tilemap/Backgrounds/Fase 3 Fundo.PNG
  artifactKey: Guid(7825b670efca9ee4ba932be7db123079) Importer(2089858483,192608db42251d675da83286b1cce702)
Start importing Assets/Tilemap/Backgrounds/Fase 3 Fundo.PNG using Guid(7825b670efca9ee4ba932be7db123079) Importer(2089858483,192608db42251d675da83286b1cce702) (ScriptedImporter) -> (artifact id: 'e8163e3b33373c0d6856eab99fca7089') in 0.0437102 seconds
Number of updated asset objects reloaded before import = 0Number of asset objects unloaded after import = 3

========================================================================
Received Import Request.
  Time since last request: 0.000118 seconds.
  path: Assets/Scripts/Bosses/Boss3/Boss3_Attack.cs
  artifactKey: Guid(69a74590f289ae54e910db5ea78748ba) Importer(2089858483,192608db42251d675da83286b1cce702)
Start importing Assets/Scripts/Bosses/Boss3/Boss3_Attack.cs using Guid(69a74590f289ae54e910db5ea78748ba) Importer(2089858483,192608db42251d675da83286b1cce702) (ScriptedImporter) -> (artifact id: '654e1c971b9bd5acac474d3cf540ec5a') in 0.0417816 seconds
Number of updated asset objects reloaded before import = 0Number of asset objects unloaded after import = 0

========================================================================
Received Import Request.
  Time since last request: 0.000257 seconds.
  path: Assets/Scripts/Bosses/Boss3/Teste_Die_5_2_Boss3_v2.cs
  artifactKey: Guid(e6dbdd81d42fd37449f01f57c8539ad6) Importer(2089858483,192608db42251d675da83286b1cce702)
Start importing Assets/Scripts/Bosses/Boss3/Teste_Die_5_2_Boss3_v2.cs using Guid(e6dbdd81d42fd37449f01f57c8539ad6) Importer(2089858483,192608db42251d675da83286b1cce702) (ScriptedImporter) -> (artifact id: '2f350fd4bcacae28426c30a2190a9ff8') in 0.0376127 seconds
Number of updated asset objects reloaded before import = 0Number of asset objects unloaded after import = 0

========================================================================
Received Import Request.
  Time since last request: 0.000049 seconds.
  path: Assets/Scripts/Bosses/Boss1/Projectile.cs
  artifactKey: Guid(20c3f2182881fc346b41c31956fb81ae) Importer(2089858483,192608db42251d675da83286b1cce702)
Start importing Assets/Scripts/Bosses/Boss1/Projectile.cs using Guid(20c3f2182881fc346b41c31956fb81ae) Importer(2089858483,192608db42251d675da83286b1cce702) (ScriptedImporter) -> (artifact id: '64904ea1d97abd4b12035add369b81a9') in 0.0347596 seconds
Number of updated asset objects reloaded before import = 0Number of asset objects unloaded after import = 0

========================================================================
Received Import Request.
  Time since last request: 0.000050 seconds.
  path: Assets/Scripts/Bosses/Boss2/Die3_v2_Boss2.cs
  artifactKey: Guid(91eeb343a4f05b44c946dfe22579f759) Importer(2089858483,192608db42251d675da83286b1cce702)
Start importing Assets/Scripts/Bosses/Boss2/Die3_v2_Boss2.cs using Guid(91eeb343a4f05b44c946dfe22579f759) Importer(2089858483,192608db42251d675da83286b1cce702) (ScriptedImporter) -> (artifact id: 'e1d970e3a3cae49de3217bd21e4ffc16') in 0.0405579 seconds
Number of updated asset objects reloaded before import = 0Number of asset objects unloaded after import = 0

========================================================================
Received Import Request.
  Time since last request: 0.000034 seconds.
  path: Assets/Scripts/Bosses/Boss3/Teste_Hability5_2_Boss3.cs
  artifactKey: Guid(90e6f31cb12613049ba8ed4879314144) Importer(2089858483,192608db42251d675da83286b1cce702)
Start importing Assets/Scripts/Bosses/Boss3/Teste_Hability5_2_Boss3.cs using Guid(90e6f31cb12613049ba8ed4879314144) Importer(2089858483,192608db42251d675da83286b1cce702) (ScriptedImporter) -> (artifact id: '0d1b86baffeaf9f6bfa37e7a99de62bf') in 0.037534 seconds
Number of updated asset objects reloaded before import = 0Number of asset objects unloaded after import = 0

========================================================================
Received Import Request.
  Time since last request: 0.000190 seconds.
  path: Assets/Scripts/UI Scripts/Habilities/die_2.cs
  artifactKey: Guid(256bf1195effd184b8c53ad70621a029) Importer(2089858483,192608db42251d675da83286b1cce702)
Start importing Assets/Scripts/UI Scripts/Habilities/die_2.cs using Guid(256bf1195effd184b8c53ad70621a029) Importer(2089858483,192608db42251d675da83286b1cce702) (ScriptedImporter) -> (artifact id: 'db9a969b63f586221b3a40e5a929aa64') in 0.0303258 seconds
Number of updated asset objects reloaded before import = 0Number of asset objects unloaded after import = 0

========================================================================
Received Import Request.
  Time since last request: 0.000062 seconds.
  path: Assets/Scripts/UI Scripts/Habilities/die_4.cs
  artifactKey: Guid(14e439362a8a7944984051403de3bce6) Importer(2089858483,192608db42251d675da83286b1cce702)
Start importing Assets/Scripts/UI Scripts/Habilities/die_4.cs using Guid(14e439362a8a7944984051403de3bce6) Importer(2089858483,192608db42251d675da83286b1cce702) (ScriptedImporter) -> (artifact id: '65822c66e5c8ae09748268719d0413b4') in 0.0321698 seconds
Number of updated asset objects reloaded before import = 0Number of asset objects unloaded after import = 0

========================================================================
Received Import Request.
  Time since last request: 0.000034 seconds.
  path: Assets/Scenes/Level Selector.unity
  artifactKey: Guid(b321076dc2ed33a40b9589058ece0c7a) Importer(2089858483,192608db42251d675da83286b1cce702)
Start importing Assets/Scenes/Level Selector.unity using Guid(b321076dc2ed33a40b9589058ece0c7a) Importer(2089858483,192608db42251d675da83286b1cce702) (ScriptedImporter) -> (artifact id: '2cf3db76c99596e7409306dbd6473482') in 0.0353553 seconds
Number of updated asset objects reloaded before import = 0Number of asset objects unloaded after import = 1

========================================================================
Received Import Request.
  Time since last request: 0.000036 seconds.
  path: Assets/Scenes/Tutorial.unity
  artifactKey: Guid(8c9cfa26abfee488c85f1582747f6a02) Importer(2089858483,192608db42251d675da83286b1cce702)
Start importing Assets/Scenes/Tutorial.unity using Guid(8c9cfa26abfee488c85f1582747f6a02) Importer(2089858483,192608db42251d675da83286b1cce702) (ScriptedImporter) -> (artifact id: '20d63cae639bfec83d4f611bb6f596a1') in 0.0677299 seconds
Number of updated asset objects reloaded before import = 0Number of asset objects unloaded after import = 1

========================================================================
Received Import Request.
  Time since last request: 0.000032 seconds.
  path: Assets/Scripts/Bosses/Boss2/Die3_Boss2.cs
  artifactKey: Guid(8f8e5a389406f524ea8bd435f59dfa55) Importer(2089858483,192608db42251d675da83286b1cce702)
Start importing Assets/Scripts/Bosses/Boss2/Die3_Boss2.cs using Guid(8f8e5a389406f524ea8bd435f59dfa55) Importer(2089858483,192608db42251d675da83286b1cce702) (ScriptedImporter) -> (artifact id: 'efe44185e94096dd2b5243db39db74b3') in 0.0294279 seconds
Number of updated asset objects reloaded before import = 0Number of asset objects unloaded after import = 0

========================================================================
Received Import Request.
  Time since last request: 0.000053 seconds.
  path: Assets/Scripts/Player/PlayerMovement.cs
  artifactKey: Guid(37623aa66b91026458eba732a08afe5e) Importer(2089858483,192608db42251d675da83286b1cce702)
Start importing Assets/Scripts/Player/PlayerMovement.cs using Guid(37623aa66b91026458eba732a08afe5e) Importer(2089858483,192608db42251d675da83286b1cce702) (ScriptedImporter) -> (artifact id: 'b1f6592fb9c7da7113359b934805d63c') in 0.0306319 seconds
Number of updated asset objects reloaded before import = 0Number of asset objects unloaded after import = 0

========================================================================
Received Import Request.
  Time since last request: 0.000048 seconds.
  path: Assets/Scripts/UI Scripts/Habilities/Hability2_2.cs
  artifactKey: Guid(b4ece7c2a01e5a9468fbeb84ebf0e462) Importer(2089858483,192608db42251d675da83286b1cce702)
Start importing Assets/Scripts/UI Scripts/Habilities/Hability2_2.cs using Guid(b4ece7c2a01e5a9468fbeb84ebf0e462) Importer(2089858483,192608db42251d675da83286b1cce702) (ScriptedImporter) -> (artifact id: '3bc6878106a75cbe059614de6c0de862') in 0.0320392 seconds
Number of updated asset objects reloaded before import = 0Number of asset objects unloaded after import = 0

========================================================================
Received Import Request.
  Time since last request: 0.000034 seconds.
  path: Assets/Scripts/UI Scripts/Habilities/Hability1Use_1.cs
  artifactKey: Guid(cf2901f65e595f1469967fa875e99312) Importer(2089858483,192608db42251d675da83286b1cce702)
Start importing Assets/Scripts/UI Scripts/Habilities/Hability1Use_1.cs using Guid(cf2901f65e595f1469967fa875e99312) Importer(2089858483,192608db42251d675da83286b1cce702) (ScriptedImporter) -> (artifact id: '8beca0855c617922a270d49b0fda3fb8') in 0.0316729 seconds
Number of updated asset objects reloaded before import = 0Number of asset objects unloaded after import = 0

========================================================================
Received Import Request.
  Time since last request: 0.000046 seconds.
  path: Assets/TextMesh Pro/Shaders/TMP_SDF-Surface.shader
  artifactKey: Guid(f7ada0af4f174f0694ca6a487b8f543d) Importer(2089858483,192608db42251d675da83286b1cce702)
Start importing Assets/TextMesh Pro/Shaders/TMP_SDF-Surface.shader using Guid(f7ada0af4f174f0694ca6a487b8f543d) Importer(2089858483,192608db42251d675da83286b1cce702) (ScriptedImporter) -> (artifact id: '23a4cde6e4de98e64ff13cc15644fc86') in 0.0391839 seconds
Number of updated asset objects reloaded before import = 0Number of asset objects unloaded after import = 1

========================================================================
Received Import Request.
  Time since last request: 0.000030 seconds.
  path: Assets/TextMesh Pro/Shaders/TMPro_Properties.cginc
  artifactKey: Guid(3997e2241185407d80309a82f9148466) Importer(2089858483,192608db42251d675da83286b1cce702)
Start importing Assets/TextMesh Pro/Shaders/TMPro_Properties.cginc using Guid(3997e2241185407d80309a82f9148466) Importer(2089858483,192608db42251d675da83286b1cce702) (ScriptedImporter) -> (artifact id: 'e1fc8e2d3f13882ed8ec321f8699518f') in 0.0491837 seconds
Number of updated asset objects reloaded before import = 0Number of asset objects unloaded after import = 1

========================================================================
Received Import Request.
  Time since last request: 0.000061 seconds.
  path: Assets/UI/Figma/Pause Icon.png
  artifactKey: Guid(fcc80c9ad4c96bb45b919c0ef36fad10) Importer(2089858483,192608db42251d675da83286b1cce702)
Start importing Assets/UI/Figma/Pause Icon.png using Guid(fcc80c9ad4c96bb45b919c0ef36fad10) Importer(2089858483,192608db42251d675da83286b1cce702) (ScriptedImporter) -> (artifact id: 'ab26df35bd323b4603732ce7c81d8fe5') in 0.0543283 seconds
Number of updated asset objects reloaded before import = 0Number of asset objects unloaded after import = 4

========================================================================
Received Import Request.
  Time since last request: 0.000125 seconds.
  path: Assets/Scripts/Robot/RobotPowerUp.cs
  artifactKey: Guid(c2674d4bc02622648b2826659b2ed2f4) Importer(2089858483,192608db42251d675da83286b1cce702)
Start importing Assets/Scripts/Robot/RobotPowerUp.cs using Guid(c2674d4bc02622648b2826659b2ed2f4) Importer(2089858483,192608db42251d675da83286b1cce702) (ScriptedImporter) -> (artifact id: '12597016aa8b50916e7654c32016e0c3') in 0.0351137 seconds
Number of updated asset objects reloaded before import = 0Number of asset objects unloaded after import = 0

========================================================================
Received Import Request.
  Time since last request: 0.000038 seconds.
  path: Assets/UI/HUD/Keyboard Letters and Symbols.png
  artifactKey: Guid(50d6cea4e2f734440938c2e06f09f039) Importer(2089858483,192608db42251d675da83286b1cce702)
Start importing Assets/UI/HUD/Keyboard Letters and Symbols.png using Guid(50d6cea4e2f734440938c2e06f09f039) Importer(2089858483,192608db42251d675da83286b1cce702) (ScriptedImporter) -> (artifact id: '29e6c9c1edc0ceb72278b20016b95cc5') in 0.4965014 seconds
Number of updated asset objects reloaded before import = 0Number of asset objects unloaded after import = 110

========================================================================
Received Import Request.
  Time since last request: 0.000062 seconds.
  path: Assets/TextMesh Pro/Shaders/TMP_SDF.shader
  artifactKey: Guid(68e6db2ebdc24f95958faec2be5558d6) Importer(2089858483,192608db42251d675da83286b1cce702)
Start importing Assets/TextMesh Pro/Shaders/TMP_SDF.shader using Guid(68e6db2ebdc24f95958faec2be5558d6) Importer(2089858483,192608db42251d675da83286b1cce702) (ScriptedImporter) -> (artifact id: '6f09d555bb61b9ae6a71021bd0532055') in 0.0475298 seconds
Number of updated asset objects reloaded before import = 0Number of asset objects unloaded after import = 1

========================================================================
Received Import Request.
  Time since last request: 0.000414 seconds.
  path: Assets/TextMesh Pro/Shaders/TMP_SDF-Surface-Mobile.shader
  artifactKey: Guid(85187c2149c549c5b33f0cdb02836b17) Importer(2089858483,192608db42251d675da83286b1cce702)
Start importing Assets/TextMesh Pro/Shaders/TMP_SDF-Surface-Mobile.shader using Guid(85187c2149c549c5b33f0cdb02836b17) Importer(2089858483,192608db42251d675da83286b1cce702) (ScriptedImporter) -> (artifact id: 'a195c3bf7af2707f7cfe38c816923bae') in 0.0355692 seconds
Number of updated asset objects reloaded before import = 0Number of asset objects unloaded after import = 1

========================================================================
Received Import Request.
  Time since last request: 0.000036 seconds.
  path: Assets/Scripts/UI Scripts/Screens/MainMenu.cs
  artifactKey: Guid(260bfa7cddde43b4d8de58c6a7b030ea) Importer(2089858483,192608db42251d675da83286b1cce702)
Start importing Assets/Scripts/UI Scripts/Screens/MainMenu.cs using Guid(260bfa7cddde43b4d8de58c6a7b030ea) Importer(2089858483,192608db42251d675da83286b1cce702) (ScriptedImporter) -> (artifact id: '0f72611a2e0b33b8ea4662b2cb27ca9f') in 0.0363753 seconds
Number of updated asset objects reloaded before import = 0Number of asset objects unloaded after import = 0

========================================================================
Received Import Request.
  Time since last request: 0.000034 seconds.
  path: Assets/Scripts/UI Scripts/Screens/Loader.cs
  artifactKey: Guid(bd20e1f91a77e4342bde6d44bddf4b15) Importer(2089858483,192608db42251d675da83286b1cce702)
Start importing Assets/Scripts/UI Scripts/Screens/Loader.cs using Guid(bd20e1f91a77e4342bde6d44bddf4b15) Importer(2089858483,192608db42251d675da83286b1cce702) (ScriptedImporter) -> (artifact id: '05bbd6586ae78946e6cd3bf55870f7e9') in 0.0359166 seconds
Number of updated asset objects reloaded before import = 0Number of asset objects unloaded after import = 0

========================================================================
Received Import Request.
  Time since last request: 0.000056 seconds.
  path: Assets/Scripts/Bosses/Boss1/Pause.cs
  artifactKey: Guid(02a8ebf321d750e4c8768da31fd8b300) Importer(2089858483,192608db42251d675da83286b1cce702)
Start importing Assets/Scripts/Bosses/Boss1/Pause.cs using Guid(02a8ebf321d750e4c8768da31fd8b300) Importer(2089858483,192608db42251d675da83286b1cce702) (ScriptedImporter) -> (artifact id: 'be6e03ab59c083462ee6c45f9a8e2cc9') in 0.0395351 seconds
Number of updated asset objects reloaded before import = 0Number of asset objects unloaded after import = 0

========================================================================
Received Import Request.
  Time since last request: 0.000051 seconds.
  path: Assets/UI/Fonts/Jersey20-Regular SDF.asset
  artifactKey: Guid(d1323d2390e42774bb444d20ef3e4b42) Importer(2089858483,192608db42251d675da83286b1cce702)
Start importing Assets/UI/Fonts/Jersey20-Regular SDF.asset using Guid(d1323d2390e42774bb444d20ef3e4b42) Importer(2089858483,192608db42251d675da83286b1cce702) (ScriptedImporter) -> (artifact id: '49d09ae374b387f928b07b76d0c08fcb') in 0.132708 seconds
Number of updated asset objects reloaded before import = 0Number of asset objects unloaded after import = 3

========================================================================
Received Import Request.
  Time since last request: 0.000046 seconds.
  path: Assets/Scripts/UI Scripts/Habilities/die_5.cs
  artifactKey: Guid(c3ebadc84fdae054c8fa45e187353029) Importer(2089858483,192608db42251d675da83286b1cce702)
Start importing Assets/Scripts/UI Scripts/Habilities/die_5.cs using Guid(c3ebadc84fdae054c8fa45e187353029) Importer(2089858483,192608db42251d675da83286b1cce702) (ScriptedImporter) -> (artifact id: 'c5d706bcd9105c85bff970a529d985a2') in 0.036982 seconds
Number of updated asset objects reloaded before import = 0Number of asset objects unloaded after import = 0

========================================================================
Received Import Request.
  Time since last request: 0.000061 seconds.
  path: Assets/Sprites/Habilities/Hability 1 & 2/circle.png
  artifactKey: Guid(864706c2647faff4d8f924829ccdb9cf) Importer(2089858483,192608db42251d675da83286b1cce702)
Start importing Assets/Sprites/Habilities/Hability 1 & 2/circle.png using Guid(864706c2647faff4d8f924829ccdb9cf) Importer(2089858483,192608db42251d675da83286b1cce702) (ScriptedImporter) -> (artifact id: 'bafc3eeb1d56a2302c75675e6e2080c3') in 0.0674955 seconds
Number of updated asset objects reloaded before import = 0Number of asset objects unloaded after import = 3

========================================================================
Received Import Request.
  Time since last request: 0.000035 seconds.
  path: Assets/Sprites/Habilities/Hability 1 & 2/Betty Holberton.PNG
  artifactKey: Guid(6e59997e7fb0e7b49bc2e3890dab0e95) Importer(2089858483,192608db42251d675da83286b1cce702)
Start importing Assets/Sprites/Habilities/Hability 1 & 2/Betty Holberton.PNG using Guid(6e59997e7fb0e7b49bc2e3890dab0e95) Importer(2089858483,192608db42251d675da83286b1cce702) (ScriptedImporter) -> (artifact id: 'ab2c18dd5a809ec4106e7f870f7d2a75') in 0.0404412 seconds
Number of updated asset objects reloaded before import = 0Number of asset objects unloaded after import = 3

========================================================================
Received Import Request.
  Time since last request: 0.000036 seconds.
  path: Assets/Sprites/Habilities/Hability 1 & 2/Ada Lovelace.PNG
  artifactKey: Guid(5e9d53adb3128ab4d9718e0abc85095f) Importer(2089858483,192608db42251d675da83286b1cce702)
Start importing Assets/Sprites/Habilities/Hability 1 & 2/Ada Lovelace.PNG using Guid(5e9d53adb3128ab4d9718e0abc85095f) Importer(2089858483,192608db42251d675da83286b1cce702) (ScriptedImporter) -> (artifact id: '2038fc781a92ec4b0353aed7a731e41d') in 0.0381895 seconds
Number of updated asset objects reloaded before import = 0Number of asset objects unloaded after import = 3

========================================================================
Received Import Request.
  Time since last request: 0.000049 seconds.
  path: Assets/Sprites/Habilities/Hability 1 & 2/red block.png
  artifactKey: Guid(5e3f4466a2c863b4db49a1b47eb7f4f2) Importer(2089858483,192608db42251d675da83286b1cce702)
Start importing Assets/Sprites/Habilities/Hability 1 & 2/red block.png using Guid(5e3f4466a2c863b4db49a1b47eb7f4f2) Importer(2089858483,192608db42251d675da83286b1cce702) (ScriptedImporter) -> (artifact id: '1bfa50776215c5fca3eeb6b65ca3cd52') in 0.0416951 seconds
Number of updated asset objects reloaded before import = 0Number of asset objects unloaded after import = 3

========================================================================
Received Import Request.
  Time since last request: 0.000033 seconds.
  path: Assets/Sprites/Habilities/Hability 1 & 2/Betty Holberton 1.PNG
  artifactKey: Guid(f872f3aa111d82848972923010a39a75) Importer(2089858483,192608db42251d675da83286b1cce702)
Start importing Assets/Sprites/Habilities/Hability 1 & 2/Betty Holberton 1.PNG using Guid(f872f3aa111d82848972923010a39a75) Importer(2089858483,192608db42251d675da83286b1cce702) (ScriptedImporter) -> (artifact id: '1acdddbcc6cd93c0773f5793f0415f4b') in 0.0571873 seconds
Number of updated asset objects reloaded before import = 0Number of asset objects unloaded after import = 3

========================================================================
Received Import Request.
  Time since last request: 0.000044 seconds.
  path: Assets/Sprites/Habilities/Hability 3 & 4/Hedy Lamar.PNG
  artifactKey: Guid(af3cd01361cca4e43ad9d785da2751bc) Importer(2089858483,192608db42251d675da83286b1cce702)
Start importing Assets/Sprites/Habilities/Hability 3 & 4/Hedy Lamar.PNG using Guid(af3cd01361cca4e43ad9d785da2751bc) Importer(2089858483,192608db42251d675da83286b1cce702) (ScriptedImporter) -> (artifact id: '50f1638f0148a6af0d31eb0164b6b3b2') in 0.0486812 seconds
Number of updated asset objects reloaded before import = 0Number of asset objects unloaded after import = 3

========================================================================
Received Import Request.
  Time since last request: 0.000084 seconds.
  path: Assets/Sprites/Habilities/Hability 5 & 6/Carol Shaw 40x40.PNG
  artifactKey: Guid(3d8ac275f89f8a7469f7d4a5965cc578) Importer(2089858483,192608db42251d675da83286b1cce702)
Start importing Assets/Sprites/Habilities/Hability 5 & 6/Carol Shaw 40x40.PNG using Guid(3d8ac275f89f8a7469f7d4a5965cc578) Importer(2089858483,192608db42251d675da83286b1cce702) (ScriptedImporter) -> (artifact id: 'e893596ce4237788ca20e72518a187cf') in 0.0434523 seconds
Number of updated asset objects reloaded before import = 0Number of asset objects unloaded after import = 3

========================================================================
Received Import Request.
  Time since last request: 0.000032 seconds.
  path: Assets/TextMesh Pro/Shaders/TMPro_Mobile.cginc
  artifactKey: Guid(c334973cef89a9840b0b0c507e0377ab) Importer(2089858483,192608db42251d675da83286b1cce702)
Start importing Assets/TextMesh Pro/Shaders/TMPro_Mobile.cginc using Guid(c334973cef89a9840b0b0c507e0377ab) Importer(2089858483,192608db42251d675da83286b1cce702) (ScriptedImporter) -> (artifact id: 'bb951ed343a92586abc8b6db6fd664bd') in 0.045117 seconds
Number of updated asset objects reloaded before import = 0Number of asset objects unloaded after import = 1

========================================================================
Received Import Request.
  Time since last request: 0.000084 seconds.
  path: Assets/TextMesh Pro/Sprites/EmojiOne.json
  artifactKey: Guid(8f05276190cf498a8153f6cbe761d4e6) Importer(2089858483,192608db42251d675da83286b1cce702)
Start importing Assets/TextMesh Pro/Sprites/EmojiOne.json using Guid(8f05276190cf498a8153f6cbe761d4e6) Importer(2089858483,192608db42251d675da83286b1cce702) (ScriptedImporter) -> (artifact id: '84b4355bf2359c5f5e6a9f57d126d0ac') in 0.0243986 seconds
Number of updated asset objects reloaded before import = 0Number of asset objects unloaded after import = 1

========================================================================
Received Import Request.
  Time since last request: 0.000048 seconds.
  path: Assets/Scripts/Items & Collectables/CoinManager.cs
  artifactKey: Guid(8cf917b953753d14c86722f449188ab9) Importer(2089858483,192608db42251d675da83286b1cce702)
Start importing Assets/Scripts/Items & Collectables/CoinManager.cs using Guid(8cf917b953753d14c86722f449188ab9) Importer(2089858483,192608db42251d675da83286b1cce702) (ScriptedImporter) -> (artifact id: 'd66f951805b4cadedd0a58dd80b968f6') in 0.0280266 seconds
Number of updated asset objects reloaded before import = 0Number of asset objects unloaded after import = 0

========================================================================
Received Import Request.
  Time since last request: 0.000036 seconds.
  path: Assets/Scripts/UI Scripts/Habilities/Hability1Use.cs
  artifactKey: Guid(ac098cfff1e32584f9957d0cae5ff1a8) Importer(2089858483,192608db42251d675da83286b1cce702)
Start importing Assets/Scripts/UI Scripts/Habilities/Hability1Use.cs using Guid(ac098cfff1e32584f9957d0cae5ff1a8) Importer(2089858483,192608db42251d675da83286b1cce702) (ScriptedImporter) -> (artifact id: '8db3484fba2fab6c3af58987808298a9') in 0.0313658 seconds
Number of updated asset objects reloaded before import = 0Number of asset objects unloaded after import = 0

========================================================================
Received Import Request.
  Time since last request: 0.000034 seconds.
  path: Assets/Sprites/Habilities/Hability 5 & 6/Margaret Hamilton 1.PNG
  artifactKey: Guid(f2b19c1c7d5a96a42bd8fa6efcf0497b) Importer(2089858483,192608db42251d675da83286b1cce702)
Start importing Assets/Sprites/Habilities/Hability 5 & 6/Margaret Hamilton 1.PNG using Guid(f2b19c1c7d5a96a42bd8fa6efcf0497b) Importer(2089858483,192608db42251d675da83286b1cce702) (ScriptedImporter) -> (artifact id: 'f311ed7a500e2770ec2bafc0c5e4da45') in 0.0521317 seconds
Number of updated asset objects reloaded before import = 0Number of asset objects unloaded after import = 3

========================================================================
Received Import Request.
  Time since last request: 0.000050 seconds.
  path: Assets/Sprites/Habilities/Hability 5 & 6/River Raid Reference_Right.mp4
  artifactKey: Guid(21fda68178417294cbcfc3867a2a2af9) Importer(2089858483,192608db42251d675da83286b1cce702)
Start importing Assets/Sprites/Habilities/Hability 5 & 6/River Raid Reference_Right.mp4 using Guid(21fda68178417294cbcfc3867a2a2af9) Importer(2089858483,192608db42251d675da83286b1cce702) (ScriptedImporter) -> (artifact id: 'fe7f70a8c387063f05bc3fbf98ac6213') in 0.0759646 seconds
Number of updated asset objects reloaded before import = 0Number of asset objects unloaded after import = 1

========================================================================
Received Import Request.
  Time since last request: 0.000047 seconds.
  path: Assets/TextMesh Pro/Shaders/TMPro.cginc
  artifactKey: Guid(407bc68d299748449bbf7f48ee690f8d) Importer(2089858483,192608db42251d675da83286b1cce702)
Start importing Assets/TextMesh Pro/Shaders/TMPro.cginc using Guid(407bc68d299748449bbf7f48ee690f8d) Importer(2089858483,192608db42251d675da83286b1cce702) (ScriptedImporter) -> (artifact id: '1c10d78cf8e872e638bb1ae5b5421f88') in 0.0418114 seconds
Number of updated asset objects reloaded before import = 0Number of asset objects unloaded after import = 1

========================================================================
Received Import Request.
  Time since last request: 0.000045 seconds.
  path: Assets/Scripts/UI Scripts/Habilities/Hability6.cs
  artifactKey: Guid(da84f652a49c9e544a2d4f551eed4d44) Importer(2089858483,192608db42251d675da83286b1cce702)
Start importing Assets/Scripts/UI Scripts/Habilities/Hability6.cs using Guid(da84f652a49c9e544a2d4f551eed4d44) Importer(2089858483,192608db42251d675da83286b1cce702) (ScriptedImporter) -> (artifact id: '34d85b99463828ae6570b12907765164') in 0.0414784 seconds
Number of updated asset objects reloaded before import = 0Number of asset objects unloaded after import = 0

========================================================================
Received Import Request.
  Time since last request: 0.000046 seconds.
  path: Assets/Scripts/Items & Collectables/Padlock.cs
  artifactKey: Guid(67228b6cc1a83f942a18217438651362) Importer(2089858483,192608db42251d675da83286b1cce702)
Start importing Assets/Scripts/Items & Collectables/Padlock.cs using Guid(67228b6cc1a83f942a18217438651362) Importer(2089858483,192608db42251d675da83286b1cce702) (ScriptedImporter) -> (artifact id: 'e99b33e1b411dcb5abe6b88f9f76feaa') in 0.0327987 seconds
Number of updated asset objects reloaded before import = 0Number of asset objects unloaded after import = 0

========================================================================
Received Import Request.
  Time since last request: 0.000054 seconds.
  path: Assets/Sprites/Objects/Boss 1/hit.PNG
  artifactKey: Guid(cc07fff24d9dc7e498dd479b39c1fac9) Importer(2089858483,192608db42251d675da83286b1cce702)
Start importing Assets/Sprites/Objects/Boss 1/hit.PNG using Guid(cc07fff24d9dc7e498dd479b39c1fac9) Importer(2089858483,192608db42251d675da83286b1cce702) (ScriptedImporter) -> (artifact id: '8bb9be7b9d8ec89f37524dc37667076b') in 0.0883402 seconds
Number of updated asset objects reloaded before import = 0Number of asset objects unloaded after import = 6

========================================================================
Received Import Request.
  Time since last request: 0.000035 seconds.
  path: Assets/Sprites/Objects/Boss 1/defeated.PNG
  artifactKey: Guid(26de1db4d91c4e14bbbeec06d6b1d3ad) Importer(2089858483,192608db42251d675da83286b1cce702)
Start importing Assets/Sprites/Objects/Boss 1/defeated.PNG using Guid(26de1db4d91c4e14bbbeec06d6b1d3ad) Importer(2089858483,192608db42251d675da83286b1cce702) (ScriptedImporter) -> (artifact id: '44f320e487b8c6a06e9f1edc4e5245cb') in 0.0931418 seconds
Number of updated asset objects reloaded before import = 0Number of asset objects unloaded after import = 9

========================================================================
Received Import Request.
  Time since last request: 0.000061 seconds.
  path: Assets/Scripts/UI Scripts/Habilities/Hability6Error.cs
  artifactKey: Guid(225e9c628b19f20479e72f314d6ccc17) Importer(2089858483,192608db42251d675da83286b1cce702)
Start importing Assets/Scripts/UI Scripts/Habilities/Hability6Error.cs using Guid(225e9c628b19f20479e72f314d6ccc17) Importer(2089858483,192608db42251d675da83286b1cce702) (ScriptedImporter) -> (artifact id: 'fb5607dcf36fb603783a2ef876823ae0') in 0.035303 seconds
Number of updated asset objects reloaded before import = 0Number of asset objects unloaded after import = 0

========================================================================
Received Import Request.
  Time since last request: 0.000058 seconds.
  path: Assets/Sprites/Habilities/Hability 1 & 2/white rectangle.png
  artifactKey: Guid(896155bb5e3e39f48ab8ddd27fb07f1a) Importer(2089858483,192608db42251d675da83286b1cce702)
Start importing Assets/Sprites/Habilities/Hability 1 & 2/white rectangle.png using Guid(896155bb5e3e39f48ab8ddd27fb07f1a) Importer(2089858483,192608db42251d675da83286b1cce702) (ScriptedImporter) -> (artifact id: 'e8fd6900cc9f2a40a8696cab0c5c8c58') in 0.0521142 seconds
Number of updated asset objects reloaded before import = 0Number of asset objects unloaded after import = 3

========================================================================
Received Import Request.
  Time since last request: 0.000042 seconds.
  path: Assets/Sprites/Objects/Boss 2/defeated.PNG
  artifactKey: Guid(5a87ba62f1ab4514ea58772933448ce9) Importer(2089858483,192608db42251d675da83286b1cce702)
Start importing Assets/Sprites/Objects/Boss 2/defeated.PNG using Guid(5a87ba62f1ab4514ea58772933448ce9) Importer(2089858483,192608db42251d675da83286b1cce702) (ScriptedImporter) -> (artifact id: 'd1f5b83322e7f37b42ae58ef05581346') in 0.0853206 seconds
Number of updated asset objects reloaded before import = 0Number of asset objects unloaded after import = 7

========================================================================
Received Import Request.
  Time since last request: 0.000036 seconds.
  path: Assets/Scripts/UI Scripts/Habilities/die_4_2.cs
  artifactKey: Guid(8cd89960d40ce564cb9a73452499bfef) Importer(2089858483,192608db42251d675da83286b1cce702)
Start importing Assets/Scripts/UI Scripts/Habilities/die_4_2.cs using Guid(8cd89960d40ce564cb9a73452499bfef) Importer(2089858483,192608db42251d675da83286b1cce702) (ScriptedImporter) -> (artifact id: 'b165c53c1ffe888d9bd97190df337bcb') in 0.0331603 seconds
Number of updated asset objects reloaded before import = 0Number of asset objects unloaded after import = 0

========================================================================
Received Import Request.
  Time since last request: 0.000108 seconds.
  path: Assets/Scripts/UI Scripts/Screens/LevelGenerator.cs
  artifactKey: Guid(f44ade7c583d2d547823ad2e9a87e86d) Importer(2089858483,192608db42251d675da83286b1cce702)
Start importing Assets/Scripts/UI Scripts/Screens/LevelGenerator.cs using Guid(f44ade7c583d2d547823ad2e9a87e86d) Importer(2089858483,192608db42251d675da83286b1cce702) (ScriptedImporter) -> (artifact id: 'e76bd8a71f00c61bccf389eb38cf4409') in 0.0330534 seconds
Number of updated asset objects reloaded before import = 0Number of asset objects unloaded after import = 0

========================================================================
Received Import Request.
  Time since last request: 0.000039 seconds.
  path: Assets/Sprites/Habilities/Hability 3 & 4/Hedy Lamarr Dialog.PNG
  artifactKey: Guid(97708854f73817f48a967147496a163a) Importer(2089858483,192608db42251d675da83286b1cce702)
Start importing Assets/Sprites/Habilities/Hability 3 & 4/Hedy Lamarr Dialog.PNG using Guid(97708854f73817f48a967147496a163a) Importer(2089858483,192608db42251d675da83286b1cce702) (ScriptedImporter) -> (artifact id: 'e097cc279b1edb806190f189892fb029') in 0.0752764 seconds
Number of updated asset objects reloaded before import = 0Number of asset objects unloaded after import = 3

========================================================================
Received Import Request.
  Time since last request: 0.000037 seconds.
  path: Assets/Scenes/Fase 3.unity
  artifactKey: Guid(75e153ae6241a0642adbf199068b9ebf) Importer(2089858483,192608db42251d675da83286b1cce702)
Start importing Assets/Scenes/Fase 3.unity using Guid(75e153ae6241a0642adbf199068b9ebf) Importer(2089858483,192608db42251d675da83286b1cce702) (ScriptedImporter) -> (artifact id: '6d2416c694310063ccf80aeceef4e983') in 0.0880175 seconds
Number of updated asset objects reloaded before import = 0Number of asset objects unloaded after import = 1

========================================================================
Received Import Request.
  Time since last request: 0.000070 seconds.
  path: Assets/Sprites/Objects/Items & Collectables/Power-up.png
  artifactKey: Guid(8955f4ca92ca26f4f85c5e209cd20748) Importer(2089858483,192608db42251d675da83286b1cce702)
Start importing Assets/Sprites/Objects/Items & Collectables/Power-up.png using Guid(8955f4ca92ca26f4f85c5e209cd20748) Importer(2089858483,192608db42251d675da83286b1cce702) (ScriptedImporter) -> (artifact id: 'ef5904ee480e05e223cbb607f38e01f5') in 0.0511055 seconds
Number of updated asset objects reloaded before import = 0Number of asset objects unloaded after import = 3

========================================================================
Received Import Request.
  Time since last request: 0.000185 seconds.
  path: Assets/Sprites/Habilities/Hability 5 & 6/Ship-removebg-preview.png
  artifactKey: Guid(b7af01e06a43eda41876c4496d98828a) Importer(2089858483,192608db42251d675da83286b1cce702)
Start importing Assets/Sprites/Habilities/Hability 5 & 6/Ship-removebg-preview.png using Guid(b7af01e06a43eda41876c4496d98828a) Importer(2089858483,192608db42251d675da83286b1cce702) (ScriptedImporter) -> (artifact id: 'b591c911580e599036d3cb542447a770') in 0.0539815 seconds
Number of updated asset objects reloaded before import = 0Number of asset objects unloaded after import = 3

========================================================================
Received Import Request.
  Time since last request: 0.000053 seconds.
  path: Assets/Tilemap/Extra Tilesets/CoinAnimated.asset
  artifactKey: Guid(6d4d6f0d8900e53419546ba087e2fd63) Importer(2089858483,192608db42251d675da83286b1cce702)
Start importing Assets/Tilemap/Extra Tilesets/CoinAnimated.asset using Guid(6d4d6f0d8900e53419546ba087e2fd63) Importer(2089858483,192608db42251d675da83286b1cce702) (ScriptedImporter) -> (artifact id: '0bc53e96c5b01766841d6c1fb2a3ddf2') in 0.0557317 seconds
Number of updated asset objects reloaded before import = 0Number of asset objects unloaded after import = 10

========================================================================
Received Import Request.
  Time since last request: 0.000044 seconds.
  path: Assets/UI/Fonts/Jersey20-Regular.ttf
  artifactKey: Guid(391ae66f9518adc46b96714104dd1b4e) Importer(2089858483,192608db42251d675da83286b1cce702)
Start importing Assets/UI/Fonts/Jersey20-Regular.ttf using Guid(391ae66f9518adc46b96714104dd1b4e) Importer(2089858483,192608db42251d675da83286b1cce702) (ScriptedImporter) -> (artifact id: '8e120bb48e5619328360b9576bceadc5') in 0.0586819 seconds
Number of updated asset objects reloaded before import = 0Number of asset objects unloaded after import = 3

========================================================================
Received Import Request.
  Time since last request: 0.000037 seconds.
  path: Assets/Sprites/Objects/Player/idle.PNG
  artifactKey: Guid(efe1ba35fa92b9046955ebbf64338246) Importer(2089858483,192608db42251d675da83286b1cce702)
Start importing Assets/Sprites/Objects/Player/idle.PNG using Guid(efe1ba35fa92b9046955ebbf64338246) Importer(2089858483,192608db42251d675da83286b1cce702) (ScriptedImporter) -> (artifact id: '31356df68f0548fa80639ecd32bec4f5') in 0.0543103 seconds
Number of updated asset objects reloaded before import = 0Number of asset objects unloaded after import = 6

========================================================================
Received Import Request.
  Time since last request: 0.000029 seconds.
  path: Assets/Sprites/Objects/Robot/Idle.png
  artifactKey: Guid(041bf33857f5024499ba5e6d47fb410f) Importer(2089858483,192608db42251d675da83286b1cce702)
Start importing Assets/Sprites/Objects/Robot/Idle.png using Guid(041bf33857f5024499ba5e6d47fb410f) Importer(2089858483,192608db42251d675da83286b1cce702) (ScriptedImporter) -> (artifact id: 'a287f63b45f77c92623dfc37b953229b') in 0.073698 seconds
Number of updated asset objects reloaded before import = 0Number of asset objects unloaded after import = 14

========================================================================
Received Import Request.
  Time since last request: 0.000076 seconds.
  path: Assets/TextMesh Pro/Shaders/TMP_SDF-Mobile-2-Pass.shader
  artifactKey: Guid(0178fcb869bafef4690d177d31d17db8) Importer(2089858483,192608db42251d675da83286b1cce702)
Start importing Assets/TextMesh Pro/Shaders/TMP_SDF-Mobile-2-Pass.shader using Guid(0178fcb869bafef4690d177d31d17db8) Importer(2089858483,192608db42251d675da83286b1cce702) (ScriptedImporter) -> (artifact id: '158df2eebf15e1f7dbe47a93296ec7b8') in 0.0292872 seconds
Number of updated asset objects reloaded before import = 0Number of asset objects unloaded after import = 1

========================================================================
Received Import Request.
  Time since last request: 0.000031 seconds.
  path: Assets/Scripts/UI Scripts/Habilities/Teste_Hability5_v2.cs
  artifactKey: Guid(e3d1f1131b172914baa8d4c3a2b945e2) Importer(2089858483,192608db42251d675da83286b1cce702)
Start importing Assets/Scripts/UI Scripts/Habilities/Teste_Hability5_v2.cs using Guid(e3d1f1131b172914baa8d4c3a2b945e2) Importer(2089858483,192608db42251d675da83286b1cce702) (ScriptedImporter) -> (artifact id: '9f6db8d5ec897dc944da634d6e48b9cf') in 0.0322852 seconds
Number of updated asset objects reloaded before import = 0Number of asset objects unloaded after import = 0

========================================================================
Received Import Request.
  Time since last request: 0.000035 seconds.
  path: Assets/Scripts/UI Scripts/Habilities/Teste_Die_5_3.cs
  artifactKey: Guid(6d50882489ddfc94890b6760c87d95f2) Importer(2089858483,192608db42251d675da83286b1cce702)
Start importing Assets/Scripts/UI Scripts/Habilities/Teste_Die_5_3.cs using Guid(6d50882489ddfc94890b6760c87d95f2) Importer(2089858483,192608db42251d675da83286b1cce702) (ScriptedImporter) -> (artifact id: '2ee293b9c97d0c40ab0e54c33ef46208') in 0.028713 seconds
Number of updated asset objects reloaded before import = 0Number of asset objects unloaded after import = 0

========================================================================
Received Import Request.
  Time since last request: 0.000050 seconds.
  path: Assets/TextMesh Pro/Examples & Extras/Fonts/Electronic Highway Sign.TTF
  artifactKey: Guid(8a2b9e2a607dd2143b58c44bc32410b4) Importer(2089858483,192608db42251d675da83286b1cce702)
Start importing Assets/TextMesh Pro/Examples & Extras/Fonts/Electronic Highway Sign.TTF using Guid(8a2b9e2a607dd2143b58c44bc32410b4) Importer(2089858483,192608db42251d675da83286b1cce702) (ScriptedImporter) -> (artifact id: '1a33a916dfeef6dd91d283aa5a464bf0') in 0.0462239 seconds
Number of updated asset objects reloaded before import = 0Number of asset objects unloaded after import = 3

========================================================================
Received Import Request.
  Time since last request: 0.000175 seconds.
  path: Assets/Settings/Lit2DSceneTemplate.scenetemplate
  artifactKey: Guid(d03ed43fc9d8a4f2e9fa70c1c7916eb9) Importer(2089858483,192608db42251d675da83286b1cce702)
Start importing Assets/Settings/Lit2DSceneTemplate.scenetemplate using Guid(d03ed43fc9d8a4f2e9fa70c1c7916eb9) Importer(2089858483,192608db42251d675da83286b1cce702) (ScriptedImporter) -> (artifact id: 'eed0a65feb4d2c4b0ada76a515332387') in 0.133909 seconds
Number of updated asset objects reloaded before import = 0Number of asset objects unloaded after import = 4

========================================================================
Received Import Request.
  Time since last request: 0.000116 seconds.
  path: Assets/Scripts/UI Scripts/Habilities/Teste_Die_5.cs
  artifactKey: Guid(b090de8d8569b1845976ac9f8562f170) Importer(2089858483,192608db42251d675da83286b1cce702)
Start importing Assets/Scripts/UI Scripts/Habilities/Teste_Die_5.cs using Guid(b090de8d8569b1845976ac9f8562f170) Importer(2089858483,192608db42251d675da83286b1cce702) (ScriptedImporter) -> (artifact id: '57baf7d7cde5e5ebaa5dbc601920acdb') in 0.0328286 seconds
Number of updated asset objects reloaded before import = 0Number of asset objects unloaded after import = 0

========================================================================
Received Import Request.
  Time since last request: 0.000056 seconds.
  path: Assets/Tilemap/Extra Tilesets/coin_1_sheet (1).png
  artifactKey: Guid(70fe0843bfdbb9e46bceadb5868d73ef) Importer(2089858483,192608db42251d675da83286b1cce702)
Start importing Assets/Tilemap/Extra Tilesets/coin_1_sheet (1).png using Guid(70fe0843bfdbb9e46bceadb5868d73ef) Importer(2089858483,192608db42251d675da83286b1cce702) (ScriptedImporter) -> (artifact id: '05ff7f167902423bf9040c44007a86c6') in 0.0776141 seconds
Number of updated asset objects reloaded before import = 0Number of asset objects unloaded after import = 11

========================================================================
Received Import Request.
  Time since last request: 0.000047 seconds.
  path: Assets/TextMesh Pro/Examples & Extras/Materials/Crate - URP.mat
  artifactKey: Guid(3b5cc91c3bf8cf74391252247f52fb59) Importer(2089858483,192608db42251d675da83286b1cce702)
Start importing Assets/TextMesh Pro/Examples & Extras/Materials/Crate - URP.mat using Guid(3b5cc91c3bf8cf74391252247f52fb59) Importer(2089858483,192608db42251d675da83286b1cce702) (ScriptedImporter) -> (artifact id: '9cb04e5589c247f53fc79fed5f96f678') in 0.0920495 seconds
Number of updated asset objects reloaded before import = 0Number of asset objects unloaded after import = 3

========================================================================
Received Import Request.
  Time since last request: 0.000054 seconds.
  path: Assets/TextMesh Pro/Examples & Extras/Materials/Small Crate_diffuse.mat
  artifactKey: Guid(22262639920f43d6be32430e4e58350d) Importer(2089858483,192608db42251d675da83286b1cce702)
Start importing Assets/TextMesh Pro/Examples & Extras/Materials/Small Crate_diffuse.mat using Guid(22262639920f43d6be32430e4e58350d) Importer(2089858483,192608db42251d675da83286b1cce702) (ScriptedImporter) -> (artifact id: '4b0efa61da1cba49fc4418836c4f533f') in 0.1426777 seconds
Number of updated asset objects reloaded before import = 0Number of asset objects unloaded after import = 3

========================================================================
Received Import Request.
  Time since last request: 0.000076 seconds.
  path: Assets/TextMesh Pro/Examples & Extras/Materials/Crate - Surface Shader Scene.mat
  artifactKey: Guid(e6b9b44320f4448d9d5e0ee634259966) Importer(2089858483,192608db42251d675da83286b1cce702)
Start importing Assets/TextMesh Pro/Examples & Extras/Materials/Crate - Surface Shader Scene.mat using Guid(e6b9b44320f4448d9d5e0ee634259966) Importer(2089858483,192608db42251d675da83286b1cce702) (ScriptedImporter) -> (artifact id: 'd8e4a0ac852dece7374467f2bd5d7e58') in 0.0653621 seconds
Number of updated asset objects reloaded before import = 0Number of asset objects unloaded after import = 3

========================================================================
Received Import Request.
  Time since last request: 0.000066 seconds.
  path: Assets/TextMesh Pro/Examples & Extras/Scenes/01-  Single Line TextMesh Pro.unity
  artifactKey: Guid(2ac8cf212df6445e8aebbe3cb832e993) Importer(2089858483,192608db42251d675da83286b1cce702)
Start importing Assets/TextMesh Pro/Examples & Extras/Scenes/01-  Single Line TextMesh Pro.unity using Guid(2ac8cf212df6445e8aebbe3cb832e993) Importer(2089858483,192608db42251d675da83286b1cce702) (ScriptedImporter) -> (artifact id: 'e33f5aeba7e70bbac397d78f6dcdbf9e') in 0.0418597 seconds
Number of updated asset objects reloaded before import = 0Number of asset objects unloaded after import = 1

========================================================================
Received Import Request.
  Time since last request: 0.000032 seconds.
  path: Assets/Scripts/Bosses/Boss3/Hability6_Boss3.cs
  artifactKey: Guid(c365de50f47e7384f9e7c6d173fa13bc) Importer(2089858483,192608db42251d675da83286b1cce702)
Start importing Assets/Scripts/Bosses/Boss3/Hability6_Boss3.cs using Guid(c365de50f47e7384f9e7c6d173fa13bc) Importer(2089858483,192608db42251d675da83286b1cce702) (ScriptedImporter) -> (artifact id: 'dae5794b03c55025e80fd16005b6500e') in 0.0286094 seconds
Number of updated asset objects reloaded before import = 0Number of asset objects unloaded after import = 0

========================================================================
Received Import Request.
  Time since last request: 0.000056 seconds.
  path: Assets/TextMesh Pro/Examples & Extras/Fonts/Unity - OFL.txt
  artifactKey: Guid(0251f66ebc602a944b35bccd13be2738) Importer(2089858483,192608db42251d675da83286b1cce702)
Start importing Assets/TextMesh Pro/Examples & Extras/Fonts/Unity - OFL.txt using Guid(0251f66ebc602a944b35bccd13be2738) Importer(2089858483,192608db42251d675da83286b1cce702) (ScriptedImporter) -> (artifact id: 'e1664e76c2e4b4eb91faa667a8112386') in 0.033297 seconds
Number of updated asset objects reloaded before import = 0Number of asset objects unloaded after import = 1

========================================================================
Received Import Request.
  Time since last request: 0.000071 seconds.
  path: Assets/TextMesh Pro/Examples & Extras/Prefabs/TextMeshPro - Prefab 2.prefab
  artifactKey: Guid(fdad9d952ae84cafb74c63f2e694d042) Importer(2089858483,192608db42251d675da83286b1cce702)
Start importing Assets/TextMesh Pro/Examples & Extras/Prefabs/TextMeshPro - Prefab 2.prefab using Guid(fdad9d952ae84cafb74c63f2e694d042) Importer(2089858483,192608db42251d675da83286b1cce702) (ScriptedImporter) -> (artifact id: '85742779689fbff05be5a393c40dc11b') in 0.3158541 seconds
Number of updated asset objects reloaded before import = 0Number of asset objects unloaded after import = 16

========================================================================
Received Import Request.
  Time since last request: 0.000142 seconds.
  path: Assets/TextMesh Pro/Examples & Extras/Scenes/09 - Margin Tag Example.unity
  artifactKey: Guid(349f38d3606449708c7340d26740e1e2) Importer(2089858483,192608db42251d675da83286b1cce702)
Start importing Assets/TextMesh Pro/Examples & Extras/Scenes/09 - Margin Tag Example.unity using Guid(349f38d3606449708c7340d26740e1e2) Importer(2089858483,192608db42251d675da83286b1cce702) (ScriptedImporter) -> (artifact id: 'ac5dbf39d0dd82bf1cbc8965623f3343') in 0.0385978 seconds
Number of updated asset objects reloaded before import = 0Number of asset objects unloaded after import = 1

========================================================================
Received Import Request.
  Time since last request: 0.000049 seconds.
  path: Assets/TextMesh Pro/Examples & Extras/Scenes/13 - Soft Hyphenation.unity
  artifactKey: Guid(875684baf40f4d008ce806d03e2a81b2) Importer(2089858483,192608db42251d675da83286b1cce702)
Start importing Assets/TextMesh Pro/Examples & Extras/Scenes/13 - Soft Hyphenation.unity using Guid(875684baf40f4d008ce806d03e2a81b2) Importer(2089858483,192608db42251d675da83286b1cce702) (ScriptedImporter) -> (artifact id: 'b50140fe9b8b5b3d398f8bd4b471069a') in 0.0362522 seconds
Number of updated asset objects reloaded before import = 0Number of asset objects unloaded after import = 1

========================================================================
Received Import Request.
  Time since last request: 0.000030 seconds.
  path: Assets/Scripts/UI Scripts/Habilities/Hability2OpenAndClose.cs
  artifactKey: Guid(aaa25168690bdcf439ec3498d1f8e917) Importer(2089858483,192608db42251d675da83286b1cce702)
Start importing Assets/Scripts/UI Scripts/Habilities/Hability2OpenAndClose.cs using Guid(aaa25168690bdcf439ec3498d1f8e917) Importer(2089858483,192608db42251d675da83286b1cce702) (ScriptedImporter) -> (artifact id: '5e05d682cf97d6d1272a62c2be2d39f8') in 0.030013 seconds
Number of updated asset objects reloaded before import = 0Number of asset objects unloaded after import = 0

========================================================================
Received Import Request.
  Time since last request: 0.000032 seconds.
  path: Assets/Scripts/UI Scripts/Screens/MainMenuGroundEffect.cs
  artifactKey: Guid(d9d3091af6c37dc45b1d0fd4f3b659fb) Importer(2089858483,192608db42251d675da83286b1cce702)
Start importing Assets/Scripts/UI Scripts/Screens/MainMenuGroundEffect.cs using Guid(d9d3091af6c37dc45b1d0fd4f3b659fb) Importer(2089858483,192608db42251d675da83286b1cce702) (ScriptedImporter) -> (artifact id: '1e025bd897971ff9d4b8be24ea12faee') in 0.0392863 seconds
Number of updated asset objects reloaded before import = 0Number of asset objects unloaded after import = 0

========================================================================
Received Import Request.
  Time since last request: 0.000049 seconds.
  path: Assets/TextMesh Pro/Examples & Extras/Scenes/25 - Sunny Days Example.unity
  artifactKey: Guid(f9b4c22e15cff344ba9fc6542a58dd07) Importer(2089858483,192608db42251d675da83286b1cce702)
Start importing Assets/TextMesh Pro/Examples & Extras/Scenes/25 - Sunny Days Example.unity using Guid(f9b4c22e15cff344ba9fc6542a58dd07) Importer(2089858483,192608db42251d675da83286b1cce702) (ScriptedImporter) -> (artifact id: '66725beaa528e5b566be0e57ebc8f5dc') in 0.0440356 seconds
Number of updated asset objects reloaded before import = 0Number of asset objects unloaded after import = 1

========================================================================
Received Import Request.
  Time since last request: 0.000040 seconds.
  path: Assets/TextMesh Pro/Examples & Extras/Scenes/24 - Surface Shader Example URP.unity
  artifactKey: Guid(57694ed9d1cd1e340a4924c0f2eac8e3) Importer(2089858483,192608db42251d675da83286b1cce702)
Start importing Assets/TextMesh Pro/Examples & Extras/Scenes/24 - Surface Shader Example URP.unity using Guid(57694ed9d1cd1e340a4924c0f2eac8e3) Importer(2089858483,192608db42251d675da83286b1cce702) (ScriptedImporter) -> (artifact id: '22af85485ee9fa0cbcf3e5caaad305ec') in 0.0498764 seconds
Number of updated asset objects reloaded before import = 0Number of asset objects unloaded after import = 1

========================================================================
Received Import Request.
  Time since last request: 0.000062 seconds.
  path: Assets/Scripts/Bosses/Boss1/BossAttack.cs
  artifactKey: Guid(a28de5e0b41c51c45a996352d1cbc2cf) Importer(2089858483,192608db42251d675da83286b1cce702)
Start importing Assets/Scripts/Bosses/Boss1/BossAttack.cs using Guid(a28de5e0b41c51c45a996352d1cbc2cf) Importer(2089858483,192608db42251d675da83286b1cce702) (ScriptedImporter) -> (artifact id: '8c367431e69b705c608c1cedb5cf713d') in 0.0291943 seconds
Number of updated asset objects reloaded before import = 0Number of asset objects unloaded after import = 0

========================================================================
Received Import Request.
  Time since last request: 0.000050 seconds.
  path: Assets/TextMesh Pro/Examples & Extras/Scenes/23 - Animating Vertex Attributes.unity
  artifactKey: Guid(54e994244b4b467e8583cf2da6dcc716) Importer(2089858483,192608db42251d675da83286b1cce702)
Start importing Assets/TextMesh Pro/Examples & Extras/Scenes/23 - Animating Vertex Attributes.unity using Guid(54e994244b4b467e8583cf2da6dcc716) Importer(2089858483,192608db42251d675da83286b1cce702) (ScriptedImporter) -> (artifact id: '60b32217b1977e711421691bf3362fcf') in 0.0310779 seconds
Number of updated asset objects reloaded before import = 0Number of asset objects unloaded after import = 1

========================================================================
Received Import Request.
  Time since last request: 0.000034 seconds.
  path: Assets/TextMesh Pro/Examples & Extras/Scenes/24 - Surface Shader Example.unity
  artifactKey: Guid(8c4969fd8ba94a68b07cf11f3e7a5137) Importer(2089858483,192608db42251d675da83286b1cce702)
Start importing Assets/TextMesh Pro/Examples & Extras/Scenes/24 - Surface Shader Example.unity using Guid(8c4969fd8ba94a68b07cf11f3e7a5137) Importer(2089858483,192608db42251d675da83286b1cce702) (ScriptedImporter) -> (artifact id: 'e1d6a3fe06b59cd1ee2ed942ede72c1e') in 0.0444034 seconds
Number of updated asset objects reloaded before import = 0Number of asset objects unloaded after import = 1

========================================================================
Received Import Request.
  Time since last request: 0.000045 seconds.
  path: Assets/TextMesh Pro/Examples & Extras/Scripts/ObjectSpin.cs
  artifactKey: Guid(4f19c7f94c794c5097d8bd11e39c750d) Importer(2089858483,192608db42251d675da83286b1cce702)
Start importing Assets/TextMesh Pro/Examples & Extras/Scripts/ObjectSpin.cs using Guid(4f19c7f94c794c5097d8bd11e39c750d) Importer(2089858483,192608db42251d675da83286b1cce702) (ScriptedImporter) -> (artifact id: 'b638d9ac539c35f1965b6adeed8c3418') in 0.0344477 seconds
Number of updated asset objects reloaded before import = 0Number of asset objects unloaded after import = 0

========================================================================
Received Import Request.
  Time since last request: 0.000051 seconds.
  path: Assets/TextMesh Pro/Examples & Extras/Scripts/Benchmark03.cs
  artifactKey: Guid(a73109742c8d47ac822895a473300c29) Importer(2089858483,192608db42251d675da83286b1cce702)
Start importing Assets/TextMesh Pro/Examples & Extras/Scripts/Benchmark03.cs using Guid(a73109742c8d47ac822895a473300c29) Importer(2089858483,192608db42251d675da83286b1cce702) (ScriptedImporter) -> (artifact id: '0d7a96308cb5e8a4992ebcd3ab93b535') in 0.0351537 seconds
Number of updated asset objects reloaded before import = 0Number of asset objects unloaded after import = 0

========================================================================
Received Import Request.
  Time since last request: 0.000181 seconds.
  path: Assets/TextMesh Pro/Examples & Extras/Scenes/Benchmark (Floating Text).unity
  artifactKey: Guid(16177da2e3254cee91944756d5f8ddd3) Importer(2089858483,192608db42251d675da83286b1cce702)
Start importing Assets/TextMesh Pro/Examples & Extras/Scenes/Benchmark (Floating Text).unity using Guid(16177da2e3254cee91944756d5f8ddd3) Importer(2089858483,192608db42251d675da83286b1cce702) (ScriptedImporter) -> (artifact id: '907be99258b1f80ba72859a795d5beb3') in 0.0458738 seconds
Number of updated asset objects reloaded before import = 0Number of asset objects unloaded after import = 1

========================================================================
Received Import Request.
  Time since last request: 0.000083 seconds.
  path: Assets/TextMesh Pro/Examples & Extras/Fonts/Bangers - OFL.txt
  artifactKey: Guid(efe0bf4ac872451e91612d1ae593f480) Importer(2089858483,192608db42251d675da83286b1cce702)
Start importing Assets/TextMesh Pro/Examples & Extras/Fonts/Bangers - OFL.txt using Guid(efe0bf4ac872451e91612d1ae593f480) Importer(2089858483,192608db42251d675da83286b1cce702) (ScriptedImporter) -> (artifact id: '87fbb30f7f327dcec29cb2cf5e4bd910') in 0.0493335 seconds
Number of updated asset objects reloaded before import = 0Number of asset objects unloaded after import = 1

========================================================================
Received Import Request.
  Time since last request: 0.000052 seconds.
  path: Assets/Sprites/Habilities/Hability 5 & 6/Rocket.png
  artifactKey: Guid(96b88518c85a31a47b549a8584835cc4) Importer(2089858483,192608db42251d675da83286b1cce702)
Start importing Assets/Sprites/Habilities/Hability 5 & 6/Rocket.png using Guid(96b88518c85a31a47b549a8584835cc4) Importer(2089858483,192608db42251d675da83286b1cce702) (ScriptedImporter) -> (artifact id: '78b8fef3a2f53e330bf96f7f54ed3c8d') in 0.0693833 seconds
Number of updated asset objects reloaded before import = 0Number of asset objects unloaded after import = 3

========================================================================
Received Import Request.
  Time since last request: 0.000032 seconds.
  path: Assets/TextMesh Pro/Examples & Extras/Scripts/ShaderPropAnimator.cs
  artifactKey: Guid(2787a46a4dc848c1b4b7b9307b614bfd) Importer(2089858483,192608db42251d675da83286b1cce702)
Start importing Assets/TextMesh Pro/Examples & Extras/Scripts/ShaderPropAnimator.cs using Guid(2787a46a4dc848c1b4b7b9307b614bfd) Importer(2089858483,192608db42251d675da83286b1cce702) (ScriptedImporter) -> (artifact id: '7cefbe953624c4579589aa4390194c32') in 0.039586 seconds
Number of updated asset objects reloaded before import = 0Number of asset objects unloaded after import = 0

========================================================================
Received Import Request.
  Time since last request: 0.000046 seconds.
  path: Assets/TextMesh Pro/Examples & Extras/Scripts/SimpleScript.cs
  artifactKey: Guid(9eff140b25d64601aabc6ba32245d099) Importer(2089858483,192608db42251d675da83286b1cce702)
Start importing Assets/TextMesh Pro/Examples & Extras/Scripts/SimpleScript.cs using Guid(9eff140b25d64601aabc6ba32245d099) Importer(2089858483,192608db42251d675da83286b1cce702) (ScriptedImporter) -> (artifact id: '18b2a530c9ca03aefe44f6c3b921162b') in 0.0364246 seconds
Number of updated asset objects reloaded before import = 0Number of asset objects unloaded after import = 0

========================================================================
Received Import Request.
  Time since last request: 0.000048 seconds.
  path: Assets/TextMesh Pro/Examples & Extras/Fonts/Bangers.ttf
  artifactKey: Guid(5dd49b3eacc540408c98eee0de38e0f1) Importer(2089858483,192608db42251d675da83286b1cce702)
Start importing Assets/TextMesh Pro/Examples & Extras/Fonts/Bangers.ttf using Guid(5dd49b3eacc540408c98eee0de38e0f1) Importer(2089858483,192608db42251d675da83286b1cce702) (ScriptedImporter) -> (artifact id: '0342f2ec729d65e4a3635227a0a736f0') in 0.0418625 seconds
Number of updated asset objects reloaded before import = 0Number of asset objects unloaded after import = 3

========================================================================
Received Import Request.
  Time since last request: 0.000034 seconds.
  path: Assets/TextMesh Pro/Examples & Extras/Scripts/VertexColorCycler.cs
  artifactKey: Guid(91b8ba3d52e041fab2d0e0f169855539) Importer(2089858483,192608db42251d675da83286b1cce702)
Start importing Assets/TextMesh Pro/Examples & Extras/Scripts/VertexColorCycler.cs using Guid(91b8ba3d52e041fab2d0e0f169855539) Importer(2089858483,192608db42251d675da83286b1cce702) (ScriptedImporter) -> (artifact id: 'd62cce6fa06e2ddcab2b57c0b56ad884') in 0.0358154 seconds
Number of updated asset objects reloaded before import = 0Number of asset objects unloaded after import = 0

========================================================================
Received Import Request.
  Time since last request: 0.000039 seconds.
  path: Assets/TextMesh Pro/Examples & Extras/Scripts/TMP_TextSelector_A.cs
  artifactKey: Guid(103e0a6a1d404693b9fb1a5173e0e979) Importer(2089858483,192608db42251d675da83286b1cce702)
Start importing Assets/TextMesh Pro/Examples & Extras/Scripts/TMP_TextSelector_A.cs using Guid(103e0a6a1d404693b9fb1a5173e0e979) Importer(2089858483,192608db42251d675da83286b1cce702) (ScriptedImporter) -> (artifact id: '7f9c0ec7e000663aec277381f1957685') in 0.0381732 seconds
Number of updated asset objects reloaded before import = 0Number of asset objects unloaded after import = 0

========================================================================
Received Import Request.
  Time since last request: 0.000088 seconds.
  path: Assets/TextMesh Pro/Examples & Extras/Scripts/WarpTextExample.cs
  artifactKey: Guid(790744c462254b7ba8038e6ed28b3db2) Importer(2089858483,192608db42251d675da83286b1cce702)
Start importing Assets/TextMesh Pro/Examples & Extras/Scripts/WarpTextExample.cs using Guid(790744c462254b7ba8038e6ed28b3db2) Importer(2089858483,192608db42251d675da83286b1cce702) (ScriptedImporter) -> (artifact id: '8f26a0b10ebd37465711bc4293f7c8ab') in 0.0343779 seconds
Number of updated asset objects reloaded before import = 0Number of asset objects unloaded after import = 0

========================================================================
Received Import Request.
  Time since last request: 0.000032 seconds.
  path: Assets/TextMesh Pro/Examples & Extras/Scenes/17 - Old Computer Terminal.unity
  artifactKey: Guid(3e2e4d7b0bed4cf9ab827e9f32448f69) Importer(2089858483,192608db42251d675da83286b1cce702)
Start importing Assets/TextMesh Pro/Examples & Extras/Scenes/17 - Old Computer Terminal.unity using Guid(3e2e4d7b0bed4cf9ab827e9f32448f69) Importer(2089858483,192608db42251d675da83286b1cce702) (ScriptedImporter) -> (artifact id: '1c7381583c6c3b67ed8b821cbe3f2339') in 0.037862 seconds
Number of updated asset objects reloaded before import = 0Number of asset objects unloaded after import = 1

========================================================================
Received Import Request.
  Time since last request: 0.000039 seconds.
  path: Assets/TextMesh Pro/Examples & Extras/Fonts/Roboto-Bold - AFL.txt
  artifactKey: Guid(f28c334d44214474d9702d3ad79ecb0a) Importer(2089858483,192608db42251d675da83286b1cce702)
Start importing Assets/TextMesh Pro/Examples & Extras/Fonts/Roboto-Bold - AFL.txt using Guid(f28c334d44214474d9702d3ad79ecb0a) Importer(2089858483,192608db42251d675da83286b1cce702) (ScriptedImporter) -> (artifact id: '4efa834db3fc8064c45d54eefc560933') in 0.0374664 seconds
Number of updated asset objects reloaded before import = 0Number of asset objects unloaded after import = 1

========================================================================
Received Import Request.
  Time since last request: 0.000056 seconds.
  path: Assets/TextMesh Pro/Examples & Extras/Textures/Gradient Diagonal (Color).jpg
  artifactKey: Guid(2ce5c55e85304b819a1826ecbc839aa5) Importer(2089858483,192608db42251d675da83286b1cce702)
Start importing Assets/TextMesh Pro/Examples & Extras/Textures/Gradient Diagonal (Color).jpg using Guid(2ce5c55e85304b819a1826ecbc839aa5) Importer(2089858483,192608db42251d675da83286b1cce702) (ScriptedImporter) -> (artifact id: 'ac73625035641b0863010828d99c410c') in 0.0675145 seconds
Number of updated asset objects reloaded before import = 0Number of asset objects unloaded after import = 1

========================================================================
Received Import Request.
  Time since last request: 0.000032 seconds.
  path: Assets/TextMesh Pro/Examples & Extras/Textures/Floor Cement.jpg
  artifactKey: Guid(283f897e4925411ebbaa758b4cb13fc2) Importer(2089858483,192608db42251d675da83286b1cce702)
Start importing Assets/TextMesh Pro/Examples & Extras/Textures/Floor Cement.jpg using Guid(283f897e4925411ebbaa758b4cb13fc2) Importer(2089858483,192608db42251d675da83286b1cce702) (ScriptedImporter) -> (artifact id: '4617df2d28c804ba696edc373843ad6f') in 0.0754745 seconds
Number of updated asset objects reloaded before import = 0Number of asset objects unloaded after import = 1

========================================================================
Received Import Request.
  Time since last request: 0.000036 seconds.
  path: Assets/TextMesh Pro/Examples & Extras/Textures/Sunny Days - Seamless.jpg
  artifactKey: Guid(17c350171f7a3ca479f830547c66d187) Importer(2089858483,192608db42251d675da83286b1cce702)
Start importing Assets/TextMesh Pro/Examples & Extras/Textures/Sunny Days - Seamless.jpg using Guid(17c350171f7a3ca479f830547c66d187) Importer(2089858483,192608db42251d675da83286b1cce702) (ScriptedImporter) -> (artifact id: 'e811e890e72666c144da0215e78628d7') in 0.0709002 seconds
Number of updated asset objects reloaded before import = 0Number of asset objects unloaded after import = 1

========================================================================
Received Import Request.
  Time since last request: 0.000102 seconds.
  path: Assets/TextMesh Pro/Examples & Extras/Scenes/04 - Word Wrapping.unity
  artifactKey: Guid(8f7137eacd7042d5b17ef0efe5e744f5) Importer(2089858483,192608db42251d675da83286b1cce702)
Start importing Assets/TextMesh Pro/Examples & Extras/Scenes/04 - Word Wrapping.unity using Guid(8f7137eacd7042d5b17ef0efe5e744f5) Importer(2089858483,192608db42251d675da83286b1cce702) (ScriptedImporter) -> (artifact id: '7b1a647656d7503065ba4c384b55af39') in 0.0381934 seconds
Number of updated asset objects reloaded before import = 0Number of asset objects unloaded after import = 1

========================================================================
Received Import Request.
  Time since last request: 0.000045 seconds.
  path: Assets/TextMesh Pro/Resources/Fonts & Materials/LiberationSans SDF - Fallback.asset
  artifactKey: Guid(2e498d1c8094910479dc3e1b768306a4) Importer(2089858483,192608db42251d675da83286b1cce702)
Start importing Assets/TextMesh Pro/Resources/Fonts & Materials/LiberationSans SDF - Fallback.asset using Guid(2e498d1c8094910479dc3e1b768306a4) Importer(2089858483,192608db42251d675da83286b1cce702) (ScriptedImporter) -> (artifact id: '6a65f363b49a5f73cb3a993e965ddc0e') in 0.0724441 seconds
Number of updated asset objects reloaded before import = 0Number of asset objects unloaded after import = 5

========================================================================
Received Import Request.
  Time since last request: 0.000071 seconds.
  path: Assets/TextMesh Pro/Examples & Extras/Textures/Text Overflow - Linked Text UI Screenshot.png
  artifactKey: Guid(c76d18757a194d618355f05f815cb0a1) Importer(2089858483,192608db42251d675da83286b1cce702)
Start importing Assets/TextMesh Pro/Examples & Extras/Textures/Text Overflow - Linked Text UI Screenshot.png using Guid(c76d18757a194d618355f05f815cb0a1) Importer(2089858483,192608db42251d675da83286b1cce702) (ScriptedImporter) -> (artifact id: '260dc7dab72a9ae4a52f958dd55fc5e4') in 0.0681497 seconds
Number of updated asset objects reloaded before import = 0Number of asset objects unloaded after import = 1

========================================================================
Received Import Request.
  Time since last request: 0.000074 seconds.
  path: Assets/TextMesh Pro/Examples & Extras/Textures/Wipe Pattern - Radial Double.psd
  artifactKey: Guid(7631f4eff8f74ed38eb3eb9db17134e1) Importer(2089858483,192608db42251d675da83286b1cce702)
Start importing Assets/TextMesh Pro/Examples & Extras/Textures/Wipe Pattern - Radial Double.psd using Guid(7631f4eff8f74ed38eb3eb9db17134e1) Importer(2089858483,192608db42251d675da83286b1cce702) (ScriptedImporter) -> (artifact id: '2cc2aceb8c017496757b9625d8c6597c') in 0.0636117 seconds
Number of updated asset objects reloaded before import = 0Number of asset objects unloaded after import = 1

========================================================================
Received Import Request.
  Time since last request: 0.000034 seconds.
  path: Assets/Sprites/Objects/Boss 3/hitted.PNG
  artifactKey: Guid(38b4696d5c78eeb4998a4bd613dfdaea) Importer(2089858483,192608db42251d675da83286b1cce702)
Start importing Assets/Sprites/Objects/Boss 3/hitted.PNG using Guid(38b4696d5c78eeb4998a4bd613dfdaea) Importer(2089858483,192608db42251d675da83286b1cce702) (ScriptedImporter) -> (artifact id: '2569c37beda37c504b3b027d592f16e2') in 0.0952659 seconds
Number of updated asset objects reloaded before import = 0Number of asset objects unloaded after import = 6

========================================================================
Received Import Request.
  Time since last request: 0.000112 seconds.
  path: Assets/Tilemap/Tilesets/Tileset Fase 1/07.png
  artifactKey: Guid(2130c6fb3f5bca94d9149826f30c039d) Importer(2089858483,192608db42251d675da83286b1cce702)
Start importing Assets/Tilemap/Tilesets/Tileset Fase 1/07.png using Guid(2130c6fb3f5bca94d9149826f30c039d) Importer(2089858483,192608db42251d675da83286b1cce702) (ScriptedImporter) -> (artifact id: '094c6bfb8cb6030e0327a43922ae5b8a') in 0.0463857 seconds
Number of updated asset objects reloaded before import = 0Number of asset objects unloaded after import = 3

========================================================================
Received Import Request.
  Time since last request: 0.000074 seconds.
  path: Assets/Tilemap/Tilesets/Tileset Fase 1/RAMPA-0-removebg-preview_0.asset
  artifactKey: Guid(0a68926b37ae823458377974f7974d3d) Importer(2089858483,192608db42251d675da83286b1cce702)
Start importing Assets/Tilemap/Tilesets/Tileset Fase 1/RAMPA-0-removebg-preview_0.asset using Guid(0a68926b37ae823458377974f7974d3d) Importer(2089858483,192608db42251d675da83286b1cce702) (ScriptedImporter) -> (artifact id: 'eae386041780c2fbbb477b8e3cb06cd7') in 0.0441858 seconds
Number of updated asset objects reloaded before import = 0Number of asset objects unloaded after import = 1

========================================================================
Received Import Request.
  Time since last request: 0.000037 seconds.
  path: Assets/TextMesh Pro/Examples & Extras/Scripts/VertexShakeA.cs
  artifactKey: Guid(f7cfa58e417a46ea8889989684c2522e) Importer(2089858483,192608db42251d675da83286b1cce702)
Start importing Assets/TextMesh Pro/Examples & Extras/Scripts/VertexShakeA.cs using Guid(f7cfa58e417a46ea8889989684c2522e) Importer(2089858483,192608db42251d675da83286b1cce702) (ScriptedImporter) -> (artifact id: 'cef60cf49e5d4330375d59dd3d6a1d05') in 0.0298808 seconds
Number of updated asset objects reloaded before import = 0Number of asset objects unloaded after import = 0

========================================================================
Received Import Request.
  Time since last request: 0.000039 seconds.
  path: Assets/Sprites/Objects/Items & Collectables/Collectable.png
  artifactKey: Guid(dc151eb1fd4003e4d9c3c51ae38b4bcf) Importer(2089858483,192608db42251d675da83286b1cce702)
Start importing Assets/Sprites/Objects/Items & Collectables/Collectable.png using Guid(dc151eb1fd4003e4d9c3c51ae38b4bcf) Importer(2089858483,192608db42251d675da83286b1cce702) (ScriptedImporter) -> (artifact id: '28065675fe0170be846a2318c2847f74') in 0.0508199 seconds
Number of updated asset objects reloaded before import = 0Number of asset objects unloaded after import = 3

========================================================================
Received Import Request.
  Time since last request: 0.000075 seconds.
  path: Assets/Tilemap/Tilesets/Tileset Fase 1/Tileset_ground.png
  artifactKey: Guid(4f2db9bcefa4cf24b8e8a063e5d2ca0c) Importer(2089858483,192608db42251d675da83286b1cce702)
Start importing Assets/Tilemap/Tilesets/Tileset Fase 1/Tileset_ground.png using Guid(4f2db9bcefa4cf24b8e8a063e5d2ca0c) Importer(2089858483,192608db42251d675da83286b1cce702) (ScriptedImporter) -> (artifact id: '319d0e4e09bfc94776d21609c95cba4a') in 0.3626193 seconds
Number of updated asset objects reloaded before import = 0Number of asset objects unloaded after import = 86

========================================================================
Received Import Request.
  Time since last request: 0.000053 seconds.
  path: Assets/Sprites/Objects/Boss 1/Cannon.png
  artifactKey: Guid(bdc0206f2d2bce3429ae7c6b900e462f) Importer(2089858483,192608db42251d675da83286b1cce702)
Start importing Assets/Sprites/Objects/Boss 1/Cannon.png using Guid(bdc0206f2d2bce3429ae7c6b900e462f) Importer(2089858483,192608db42251d675da83286b1cce702) (ScriptedImporter) -> (artifact id: '31aa790fcdc8873f7663da093dd49078') in 0.0562803 seconds
Number of updated asset objects reloaded before import = 0Number of asset objects unloaded after import = 3

========================================================================
Received Import Request.
  Time since last request: 0.000074 seconds.
  path: Assets/Tilemap/Tilesets/Tileset Fase 1/Tileset_ground_1.asset
  artifactKey: Guid(840161834fa1a984291b711838f34a73) Importer(2089858483,192608db42251d675da83286b1cce702)
Start importing Assets/Tilemap/Tilesets/Tileset Fase 1/Tileset_ground_1.asset using Guid(840161834fa1a984291b711838f34a73) Importer(2089858483,192608db42251d675da83286b1cce702) (ScriptedImporter) -> (artifact id: '87fb4af553f1b0f4466a14ef8705d251') in 0.039365 seconds
Number of updated asset objects reloaded before import = 0Number of asset objects unloaded after import = 2

========================================================================
Received Import Request.
  Time since last request: 0.000030 seconds.
  path: Assets/Tilemap/Tilesets/Tileset Fase 1/Tileset_ground_10 1.asset
  artifactKey: Guid(5547bd84c089f0740b8ee908bb97bcb9) Importer(2089858483,192608db42251d675da83286b1cce702)
Start importing Assets/Tilemap/Tilesets/Tileset Fase 1/Tileset_ground_10 1.asset using Guid(5547bd84c089f0740b8ee908bb97bcb9) Importer(2089858483,192608db42251d675da83286b1cce702) (ScriptedImporter) -> (artifact id: 'baeec35823ab42d7ec016f548003ec47') in 0.0341134 seconds
Number of updated asset objects reloaded before import = 0Number of asset objects unloaded after import = 2

========================================================================
Received Import Request.
  Time since last request: 0.000038 seconds.
  path: Assets/TextMesh Pro/Examples & Extras/Fonts/Oswald-Bold - OFL.txt
  artifactKey: Guid(d2cf87a8a7a94aa8b80dff1c807c1178) Importer(2089858483,192608db42251d675da83286b1cce702)
Start importing Assets/TextMesh Pro/Examples & Extras/Fonts/Oswald-Bold - OFL.txt using Guid(d2cf87a8a7a94aa8b80dff1c807c1178) Importer(2089858483,192608db42251d675da83286b1cce702) (ScriptedImporter) -> (artifact id: 'a52cc232630e929abf2be6440ea01961') in 0.0301999 seconds
Number of updated asset objects reloaded before import = 0Number of asset objects unloaded after import = 1

========================================================================
Received Import Request.
  Time since last request: 0.000062 seconds.
  path: Assets/Tilemap/Tilesets/Tileset Fase 1/Terrain-01_7.asset
  artifactKey: Guid(c4600ecd6128e5e4ca5c0016080cf78b) Importer(2089858483,192608db42251d675da83286b1cce702)
Start importing Assets/Tilemap/Tilesets/Tileset Fase 1/Terrain-01_7.asset using Guid(c4600ecd6128e5e4ca5c0016080cf78b) Importer(2089858483,192608db42251d675da83286b1cce702) (ScriptedImporter) -> (artifact id: '08037b43c08b6e3f8c64fe8ab2695bf0') in 0.0330762 seconds
Number of updated asset objects reloaded before import = 0Number of asset objects unloaded after import = 1

========================================================================
Received Import Request.
  Time since last request: 0.000053 seconds.
  path: Assets/TextMesh Pro/Shaders/TMP_SDF-Mobile Overlay.shader
  artifactKey: Guid(a02a7d8c237544f1962732b55a9aebf1) Importer(2089858483,192608db42251d675da83286b1cce702)
Start importing Assets/TextMesh Pro/Shaders/TMP_SDF-Mobile Overlay.shader using Guid(a02a7d8c237544f1962732b55a9aebf1) Importer(2089858483,192608db42251d675da83286b1cce702) (ScriptedImporter) -> (artifact id: '241c8f00e725526e3046092b9b853225') in 0.0345944 seconds
Number of updated asset objects reloaded before import = 0Number of asset objects unloaded after import = 1

========================================================================
Received Import Request.
  Time since last request: 0.000048 seconds.
  path: Assets/Tilemap/Tilesets/Tileset Fase 1/Tileset_ground_17.asset
  artifactKey: Guid(d906b71c5b7dc644f893e8c15347ea1e) Importer(2089858483,192608db42251d675da83286b1cce702)
Start importing Assets/Tilemap/Tilesets/Tileset Fase 1/Tileset_ground_17.asset using Guid(d906b71c5b7dc644f893e8c15347ea1e) Importer(2089858483,192608db42251d675da83286b1cce702) (ScriptedImporter) -> (artifact id: 'edbce03ae7f07cedb3ec53e31200d86a') in 0.046092 seconds
Number of updated asset objects reloaded before import = 0Number of asset objects unloaded after import = 2

========================================================================
Received Import Request.
  Time since last request: 0.000126 seconds.
  path: Assets/Tilemap/Tilesets/Tileset Fase 1/Tileset_ground_14.asset
  artifactKey: Guid(2ba87aa6f4c0c7c46b2853d54cb4b7a0) Importer(2089858483,192608db42251d675da83286b1cce702)
Start importing Assets/Tilemap/Tilesets/Tileset Fase 1/Tileset_ground_14.asset using Guid(2ba87aa6f4c0c7c46b2853d54cb4b7a0) Importer(2089858483,192608db42251d675da83286b1cce702) (ScriptedImporter) -> (artifact id: 'f16c6339c58256498f20408b3fef7efa') in 0.0396976 seconds
Number of updated asset objects reloaded before import = 0Number of asset objects unloaded after import = 2

========================================================================
Received Import Request.
  Time since last request: 0.000056 seconds.
  path: Assets/Tilemap/Tilesets/Tileset Fase 1/Tileset_ground_19.asset
  artifactKey: Guid(6df5fe4165c153e4b9e082cdbdce1386) Importer(2089858483,192608db42251d675da83286b1cce702)
Start importing Assets/Tilemap/Tilesets/Tileset Fase 1/Tileset_ground_19.asset using Guid(6df5fe4165c153e4b9e082cdbdce1386) Importer(2089858483,192608db42251d675da83286b1cce702) (ScriptedImporter) -> (artifact id: '4805e0f5c75d37db2f87171465b05b84') in 0.0387541 seconds
Number of updated asset objects reloaded before import = 0Number of asset objects unloaded after import = 2

========================================================================
Received Import Request.
  Time since last request: 0.000036 seconds.
  path: Assets/Tilemap/Tilesets/Tileset Fase 1/Tileset_ground_2.asset
  artifactKey: Guid(ff4656e44c9c6b1419a1e4ca3b7416c4) Importer(2089858483,192608db42251d675da83286b1cce702)
Start importing Assets/Tilemap/Tilesets/Tileset Fase 1/Tileset_ground_2.asset using Guid(ff4656e44c9c6b1419a1e4ca3b7416c4) Importer(2089858483,192608db42251d675da83286b1cce702) (ScriptedImporter) -> (artifact id: 'ed81f5e7eb147f756049b8cf1f7cdc61') in 0.0420888 seconds
Number of updated asset objects reloaded before import = 0Number of asset objects unloaded after import = 2

========================================================================
Received Import Request.
  Time since last request: 0.000084 seconds.
  path: Assets/Scripts/UI Scripts/Screens/PauseScreen.cs
  artifactKey: Guid(1da2111d04e3a2b4ba95939b997cb9fc) Importer(2089858483,192608db42251d675da83286b1cce702)
Start importing Assets/Scripts/UI Scripts/Screens/PauseScreen.cs using Guid(1da2111d04e3a2b4ba95939b997cb9fc) Importer(2089858483,192608db42251d675da83286b1cce702) (ScriptedImporter) -> (artifact id: '935768357fa1aa99e0e0c6411db166fe') in 0.044367 seconds
Number of updated asset objects reloaded before import = 0Number of asset objects unloaded after import = 0

========================================================================
Received Import Request.
  Time since last request: 0.000031 seconds.
  path: Assets/Tilemap/Tilesets/Tileset Fase 1/Tileset_ground_22.asset
  artifactKey: Guid(2942943495adb644fa18643165d76f88) Importer(2089858483,192608db42251d675da83286b1cce702)
Start importing Assets/Tilemap/Tilesets/Tileset Fase 1/Tileset_ground_22.asset using Guid(2942943495adb644fa18643165d76f88) Importer(2089858483,192608db42251d675da83286b1cce702) (ScriptedImporter) -> (artifact id: 'b901e3b2cd91317ab4ee11d9d71f2312') in 0.0504463 seconds
Number of updated asset objects reloaded before import = 0Number of asset objects unloaded after import = 2

========================================================================
Received Import Request.
  Time since last request: 0.000039 seconds.
  path: Assets/Tilemap/Tilesets/Tileset Fase 1/Tileset_ground_26 1.asset
  artifactKey: Guid(4b5f78cbded24d04d834ef5f3b421cb1) Importer(2089858483,192608db42251d675da83286b1cce702)
Start importing Assets/Tilemap/Tilesets/Tileset Fase 1/Tileset_ground_26 1.asset using Guid(4b5f78cbded24d04d834ef5f3b421cb1) Importer(2089858483,192608db42251d675da83286b1cce702) (ScriptedImporter) -> (artifact id: 'a0d1365a52ec266110b51e89358afbd7') in 0.048251 seconds
Number of updated asset objects reloaded before import = 0Number of asset objects unloaded after import = 2

========================================================================
Received Import Request.
  Time since last request: 0.000061 seconds.
  path: Assets/Tilemap/Tilesets/Tileset Fase 1/Tileset_ground_25 1.asset
  artifactKey: Guid(ba00d935cd2f2064c8cb04a695dc0909) Importer(2089858483,192608db42251d675da83286b1cce702)
Start importing Assets/Tilemap/Tilesets/Tileset Fase 1/Tileset_ground_25 1.asset using Guid(ba00d935cd2f2064c8cb04a695dc0909) Importer(2089858483,192608db42251d675da83286b1cce702) (ScriptedImporter) -> (artifact id: 'a9e2d302655498828f3f510c2c507bc6') in 0.0410043 seconds
Number of updated asset objects reloaded before import = 0Number of asset objects unloaded after import = 2

========================================================================
Received Import Request.
  Time since last request: 0.000034 seconds.
  path: Assets/Tilemap/Tilesets/Tileset Fase 1/Tileset_ground_23 1.asset
  artifactKey: Guid(1f8d25256765bbe4fa7bb2895f536ce2) Importer(2089858483,192608db42251d675da83286b1cce702)
Start importing Assets/Tilemap/Tilesets/Tileset Fase 1/Tileset_ground_23 1.asset using Guid(1f8d25256765bbe4fa7bb2895f536ce2) Importer(2089858483,192608db42251d675da83286b1cce702) (ScriptedImporter) -> (artifact id: '8017a192a40b5578eb85c7ba7ccbdd3c') in 0.0392052 seconds
Number of updated asset objects reloaded before import = 0Number of asset objects unloaded after import = 2

========================================================================
Received Import Request.
  Time since last request: 0.000040 seconds.
  path: Assets/Tilemap/Tilesets/Tileset Fase 1/Tileset_ground_3.asset
  artifactKey: Guid(3a4d8b66fef472341a1c7d83ecfbb83e) Importer(2089858483,192608db42251d675da83286b1cce702)
Start importing Assets/Tilemap/Tilesets/Tileset Fase 1/Tileset_ground_3.asset using Guid(3a4d8b66fef472341a1c7d83ecfbb83e) Importer(2089858483,192608db42251d675da83286b1cce702) (ScriptedImporter) -> (artifact id: '11609ab310786924871dc1088bec5874') in 0.0497461 seconds
Number of updated asset objects reloaded before import = 0Number of asset objects unloaded after import = 2

========================================================================
Received Import Request.
  Time since last request: 0.000052 seconds.
  path: Assets/Tilemap/Tilesets/Tileset Fase 1/Tileset_ground_28 1.asset
  artifactKey: Guid(83160485b04a7644daddb74b8ce3a78b) Importer(2089858483,192608db42251d675da83286b1cce702)
Start importing Assets/Tilemap/Tilesets/Tileset Fase 1/Tileset_ground_28 1.asset using Guid(83160485b04a7644daddb74b8ce3a78b) Importer(2089858483,192608db42251d675da83286b1cce702) (ScriptedImporter) -> (artifact id: 'df4cdec1e1936a29e828d596e9c885ef') in 0.0511739 seconds
Number of updated asset objects reloaded before import = 0Number of asset objects unloaded after import = 2

========================================================================
Received Import Request.
  Time since last request: 0.000030 seconds.
  path: Assets/Tilemap/Tilesets/Tileset Fase 1/Tileset_ground_29 1.asset
  artifactKey: Guid(6c0a68f60bba08447abd57a03fb8eeb7) Importer(2089858483,192608db42251d675da83286b1cce702)
Start importing Assets/Tilemap/Tilesets/Tileset Fase 1/Tileset_ground_29 1.asset using Guid(6c0a68f60bba08447abd57a03fb8eeb7) Importer(2089858483,192608db42251d675da83286b1cce702) (ScriptedImporter) -> (artifact id: '895c43769c1a412f6794f17c6a85cc82') in 0.0473706 seconds
Number of updated asset objects reloaded before import = 0Number of asset objects unloaded after import = 2

========================================================================
Received Import Request.
  Time since last request: 0.000035 seconds.
  path: Assets/Tilemap/Tilesets/Tileset Fase 1/Tileset_ground_24.asset
  artifactKey: Guid(8193f2e7aca1fee46bb69f8a4b6ea50c) Importer(2089858483,192608db42251d675da83286b1cce702)
Start importing Assets/Tilemap/Tilesets/Tileset Fase 1/Tileset_ground_24.asset using Guid(8193f2e7aca1fee46bb69f8a4b6ea50c) Importer(2089858483,192608db42251d675da83286b1cce702) (ScriptedImporter) -> (artifact id: '4bff0f4e115cb655d0b2a7b9023c2f6f') in 0.0423009 seconds
Number of updated asset objects reloaded before import = 0Number of asset objects unloaded after import = 2

========================================================================
Received Import Request.
  Time since last request: 0.000271 seconds.
  path: Assets/Tilemap/Tilesets/Tileset Fase 1/Tileset_ground_34.asset
  artifactKey: Guid(5d36ceaa6c87d40468cbb68f3d781072) Importer(2089858483,192608db42251d675da83286b1cce702)
Start importing Assets/Tilemap/Tilesets/Tileset Fase 1/Tileset_ground_34.asset using Guid(5d36ceaa6c87d40468cbb68f3d781072) Importer(2089858483,192608db42251d675da83286b1cce702) (ScriptedImporter) -> (artifact id: 'e212b0babc4cbe64014df89ac55a5b94') in 0.0404914 seconds
Number of updated asset objects reloaded before import = 0Number of asset objects unloaded after import = 2

========================================================================
Received Import Request.
  Time since last request: 0.000056 seconds.
  path: Assets/Tilemap/Tilesets/Tileset Fase 1/Tileset_ground_33 1.asset
  artifactKey: Guid(84e37f4335079964d8b861f14dfa2fa5) Importer(2089858483,192608db42251d675da83286b1cce702)
Start importing Assets/Tilemap/Tilesets/Tileset Fase 1/Tileset_ground_33 1.asset using Guid(84e37f4335079964d8b861f14dfa2fa5) Importer(2089858483,192608db42251d675da83286b1cce702) (ScriptedImporter) -> (artifact id: '97da85908ee87d9d051991bbbbc0e0be') in 0.0419197 seconds
Number of updated asset objects reloaded before import = 0Number of asset objects unloaded after import = 2

========================================================================
Received Import Request.
  Time since last request: 0.000050 seconds.
  path: Assets/Tilemap/Tilesets/Tileset Fase 1/Tileset_ground_35.asset
  artifactKey: Guid(66ff7c35aaa92e9479214c9fe1b04037) Importer(2089858483,192608db42251d675da83286b1cce702)
Start importing Assets/Tilemap/Tilesets/Tileset Fase 1/Tileset_ground_35.asset using Guid(66ff7c35aaa92e9479214c9fe1b04037) Importer(2089858483,192608db42251d675da83286b1cce702) (ScriptedImporter) -> (artifact id: 'c42628a13dbcc4b4bba270588510e58e') in 0.0384232 seconds
Number of updated asset objects reloaded before import = 0Number of asset objects unloaded after import = 2

========================================================================
Received Import Request.
  Time since last request: 0.000053 seconds.
  path: Assets/Tilemap/Tilesets/Tileset Fase 1/Tileset_ground_37 1.asset
  artifactKey: Guid(7079a5946a5ec234ea32df1e4132001e) Importer(2089858483,192608db42251d675da83286b1cce702)
Start importing Assets/Tilemap/Tilesets/Tileset Fase 1/Tileset_ground_37 1.asset using Guid(7079a5946a5ec234ea32df1e4132001e) Importer(2089858483,192608db42251d675da83286b1cce702) (ScriptedImporter) -> (artifact id: '4b54607a19f26628722c8eb1f593031d') in 0.0479965 seconds
Number of updated asset objects reloaded before import = 0Number of asset objects unloaded after import = 2

========================================================================
Received Import Request.
  Time since last request: 0.000041 seconds.
  path: Assets/Tilemap/Tilesets/Tileset Fase 1/Tileset_ground_41.asset
  artifactKey: Guid(af9842f39f677c746b479feb032a3b9c) Importer(2089858483,192608db42251d675da83286b1cce702)
Start importing Assets/Tilemap/Tilesets/Tileset Fase 1/Tileset_ground_41.asset using Guid(af9842f39f677c746b479feb032a3b9c) Importer(2089858483,192608db42251d675da83286b1cce702) (ScriptedImporter) -> (artifact id: '78d36f89a043aacf8ce26aad2892612b') in 0.0479265 seconds
Number of updated asset objects reloaded before import = 0Number of asset objects unloaded after import = 2

========================================================================
Received Import Request.
  Time since last request: 0.000045 seconds.
  path: Assets/Tilemap/Tilesets/Tileset Fase 1/Tileset_ground_40.asset
  artifactKey: Guid(080350f25c2de9147b9b86bc998a260a) Importer(2089858483,192608db42251d675da83286b1cce702)
Start importing Assets/Tilemap/Tilesets/Tileset Fase 1/Tileset_ground_40.asset using Guid(080350f25c2de9147b9b86bc998a260a) Importer(2089858483,192608db42251d675da83286b1cce702) (ScriptedImporter) -> (artifact id: 'dcb1b0daab0e9e35fbd202835973281a') in 0.0429232 seconds
Number of updated asset objects reloaded before import = 0Number of asset objects unloaded after import = 2

========================================================================
Received Import Request.
  Time since last request: 0.000052 seconds.
  path: Assets/Sprites/Objects/Boss 1/Projectile.png
  artifactKey: Guid(0866897d049c7cb42925f8b918f45c14) Importer(2089858483,192608db42251d675da83286b1cce702)
Start importing Assets/Sprites/Objects/Boss 1/Projectile.png using Guid(0866897d049c7cb42925f8b918f45c14) Importer(2089858483,192608db42251d675da83286b1cce702) (ScriptedImporter) -> (artifact id: 'efd2c20c423890b43f7c4226691f7dcf') in 0.0878879 seconds
Number of updated asset objects reloaded before import = 0Number of asset objects unloaded after import = 3

========================================================================
Received Import Request.
  Time since last request: 0.000032 seconds.
  path: Assets/Tilemap/Tilesets/Tileset Fase 1/07 1.png
  artifactKey: Guid(06003d64f2250a445accd097d22b6e95) Importer(2089858483,192608db42251d675da83286b1cce702)
Start importing Assets/Tilemap/Tilesets/Tileset Fase 1/07 1.png using Guid(06003d64f2250a445accd097d22b6e95) Importer(2089858483,192608db42251d675da83286b1cce702) (ScriptedImporter) -> (artifact id: '25bba08e91cc5726de86520eb41d9bca') in 0.0538558 seconds
Number of updated asset objects reloaded before import = 0Number of asset objects unloaded after import = 3

========================================================================
Received Import Request.
  Time since last request: 0.000063 seconds.
  path: Assets/Sprites/Habilities/Hability 1 & 2/Metal Door.png
  artifactKey: Guid(8864b4cc272bfd541b98bb97996709a1) Importer(2089858483,192608db42251d675da83286b1cce702)
Start importing Assets/Sprites/Habilities/Hability 1 & 2/Metal Door.png using Guid(8864b4cc272bfd541b98bb97996709a1) Importer(2089858483,192608db42251d675da83286b1cce702) (ScriptedImporter) -> (artifact id: '8ba57a48f5329cb07523897da1e14347') in 0.0525127 seconds
Number of updated asset objects reloaded before import = 0Number of asset objects unloaded after import = 3

========================================================================
Received Import Request.
  Time since last request: 0.000116 seconds.
  path: Assets/Tilemap/Tilesets/Tileset Fase 1/Tileset_ground_49.asset
  artifactKey: Guid(3e4c060a3de47864bb68fe3574a79776) Importer(2089858483,192608db42251d675da83286b1cce702)
Start importing Assets/Tilemap/Tilesets/Tileset Fase 1/Tileset_ground_49.asset using Guid(3e4c060a3de47864bb68fe3574a79776) Importer(2089858483,192608db42251d675da83286b1cce702) (ScriptedImporter) -> (artifact id: '9c3d117939abc3fc6f36f218bbd86d32') in 0.0408637 seconds
Number of updated asset objects reloaded before import = 0Number of asset objects unloaded after import = 2

========================================================================
Received Import Request.
  Time since last request: 0.000054 seconds.
  path: Assets/Tilemap/Tilesets/Tileset Fase 1/Tileset_ground_5 1.asset
  artifactKey: Guid(c6400ac7bd2eaf843a7d4477820c045c) Importer(2089858483,192608db42251d675da83286b1cce702)
Start importing Assets/Tilemap/Tilesets/Tileset Fase 1/Tileset_ground_5 1.asset using Guid(c6400ac7bd2eaf843a7d4477820c045c) Importer(2089858483,192608db42251d675da83286b1cce702) (ScriptedImporter) -> (artifact id: 'c1cccc609e296f76b468d0b6fadf06f0') in 0.0508054 seconds
Number of updated asset objects reloaded before import = 0Number of asset objects unloaded after import = 2

========================================================================
Received Import Request.
  Time since last request: 0.000048 seconds.
  path: Assets/Tilemap/Tilesets/Tileset Fase 1/Tileset_ground_44.asset
  artifactKey: Guid(c720ddf72b750684f920cfaf8c3241bb) Importer(2089858483,192608db42251d675da83286b1cce702)
Start importing Assets/Tilemap/Tilesets/Tileset Fase 1/Tileset_ground_44.asset using Guid(c720ddf72b750684f920cfaf8c3241bb) Importer(2089858483,192608db42251d675da83286b1cce702) (ScriptedImporter) -> (artifact id: '5b9e48d7f8951bb92335b035dabe9bbc') in 0.0409224 seconds
Number of updated asset objects reloaded before import = 0Number of asset objects unloaded after import = 2

========================================================================
Received Import Request.
  Time since last request: 0.000078 seconds.
  path: Assets/Tilemap/Tilesets/Tileset Fase 1/Tileset_ground_45 1.asset
  artifactKey: Guid(74cdf1939af00124eba553605efcf530) Importer(2089858483,192608db42251d675da83286b1cce702)
Start importing Assets/Tilemap/Tilesets/Tileset Fase 1/Tileset_ground_45 1.asset using Guid(74cdf1939af00124eba553605efcf530) Importer(2089858483,192608db42251d675da83286b1cce702) (ScriptedImporter) -> (artifact id: 'f2410896695bf76efd3f08620c6ae852') in 0.0438076 seconds
Number of updated asset objects reloaded before import = 0Number of asset objects unloaded after import = 2

========================================================================
Received Import Request.
  Time since last request: 0.000057 seconds.
  path: Assets/Tilemap/Tilesets/Tileset Fase 1/Tileset_ground_54.asset
  artifactKey: Guid(f2812baaef751b84eaeb9432cd35cce3) Importer(2089858483,192608db42251d675da83286b1cce702)
Start importing Assets/Tilemap/Tilesets/Tileset Fase 1/Tileset_ground_54.asset using Guid(f2812baaef751b84eaeb9432cd35cce3) Importer(2089858483,192608db42251d675da83286b1cce702) (ScriptedImporter) -> (artifact id: 'c29984f7ec7f171e1ba53c4a0d8973dc') in 0.0416709 seconds
Number of updated asset objects reloaded before import = 0Number of asset objects unloaded after import = 2

========================================================================
Received Import Request.
  Time since last request: 0.000049 seconds.
  path: Assets/Tilemap/Tilesets/Tileset Fase 1/Tileset_ground_54 1.asset
  artifactKey: Guid(021888ca35115354e8589539fd1c849d) Importer(2089858483,192608db42251d675da83286b1cce702)
Start importing Assets/Tilemap/Tilesets/Tileset Fase 1/Tileset_ground_54 1.asset using Guid(021888ca35115354e8589539fd1c849d) Importer(2089858483,192608db42251d675da83286b1cce702) (ScriptedImporter) -> (artifact id: 'c930d60ceb38f05eae98c7e0371758df') in 0.0416973 seconds
Number of updated asset objects reloaded before import = 0Number of asset objects unloaded after import = 2

========================================================================
Received Import Request.
  Time since last request: 0.000087 seconds.
  path: Assets/Tilemap/Tilesets/Tileset Fase 1/Tileset_ground_53.asset
  artifactKey: Guid(96e4d964e01e69f48a74bbf799c8ea13) Importer(2089858483,192608db42251d675da83286b1cce702)
Start importing Assets/Tilemap/Tilesets/Tileset Fase 1/Tileset_ground_53.asset using Guid(96e4d964e01e69f48a74bbf799c8ea13) Importer(2089858483,192608db42251d675da83286b1cce702) (ScriptedImporter) -> (artifact id: '5835adc415b8b8badbc80bcdeb5f716b') in 0.0426459 seconds
Number of updated asset objects reloaded before import = 0Number of asset objects unloaded after import = 2

========================================================================
Received Import Request.
  Time since last request: 0.000039 seconds.
  path: Assets/Tilemap/Tilesets/Tileset Fase 1/Tileset_ground_50.asset
  artifactKey: Guid(604683146489f714485495752c8ac058) Importer(2089858483,192608db42251d675da83286b1cce702)
Start importing Assets/Tilemap/Tilesets/Tileset Fase 1/Tileset_ground_50.asset using Guid(604683146489f714485495752c8ac058) Importer(2089858483,192608db42251d675da83286b1cce702) (ScriptedImporter) -> (artifact id: '0c55288c23a2864a71042423aa74c3e3') in 0.0420925 seconds
Number of updated asset objects reloaded before import = 0Number of asset objects unloaded after import = 2

========================================================================
Received Import Request.
  Time since last request: 0.000058 seconds.
  path: Assets/Tilemap/Tilesets/Tileset Fase 1/Tileset_ground_60 1.asset
  artifactKey: Guid(5de68b525b0223f43a6b4307d3e7dac3) Importer(2089858483,192608db42251d675da83286b1cce702)
Start importing Assets/Tilemap/Tilesets/Tileset Fase 1/Tileset_ground_60 1.asset using Guid(5de68b525b0223f43a6b4307d3e7dac3) Importer(2089858483,192608db42251d675da83286b1cce702) (ScriptedImporter) -> (artifact id: 'cc9e89832873cac3d9c6dc385277ca3b') in 0.0391202 seconds
Number of updated asset objects reloaded before import = 0Number of asset objects unloaded after import = 2

========================================================================
Received Import Request.
  Time since last request: 0.000064 seconds.
  path: Assets/Tilemap/Tilesets/Tileset Fase 1/Tileset_ground_58.asset
  artifactKey: Guid(d83e615253d7c3f49a07dfa8468d5ac6) Importer(2089858483,192608db42251d675da83286b1cce702)
Start importing Assets/Tilemap/Tilesets/Tileset Fase 1/Tileset_ground_58.asset using Guid(d83e615253d7c3f49a07dfa8468d5ac6) Importer(2089858483,192608db42251d675da83286b1cce702) (ScriptedImporter) -> (artifact id: '0cf51038a9fb5efad284a53d249fc7ae') in 0.038183 seconds
Number of updated asset objects reloaded before import = 0Number of asset objects unloaded after import = 2

========================================================================
Received Import Request.
  Time since last request: 0.000033 seconds.
  path: Assets/Tilemap/Tilesets/Tileset Fase 1/Tileset_ground_61 1.asset
  artifactKey: Guid(fee8aaa4aa94a234fa6865f6614893e0) Importer(2089858483,192608db42251d675da83286b1cce702)
Start importing Assets/Tilemap/Tilesets/Tileset Fase 1/Tileset_ground_61 1.asset using Guid(fee8aaa4aa94a234fa6865f6614893e0) Importer(2089858483,192608db42251d675da83286b1cce702) (ScriptedImporter) -> (artifact id: '8c2b680a6782a0414fb768e5efda20cd') in 0.0314276 seconds
Number of updated asset objects reloaded before import = 0Number of asset objects unloaded after import = 2

========================================================================
Received Import Request.
  Time since last request: 0.000061 seconds.
  path: Assets/Tilemap/Tilesets/Tileset Fase 1/Tileset_ground_61.asset
  artifactKey: Guid(c4724f134502ff64fb61238152c9f844) Importer(2089858483,192608db42251d675da83286b1cce702)
Start importing Assets/Tilemap/Tilesets/Tileset Fase 1/Tileset_ground_61.asset using Guid(c4724f134502ff64fb61238152c9f844) Importer(2089858483,192608db42251d675da83286b1cce702) (ScriptedImporter) -> (artifact id: 'a591e77f61d3ae2461f0f0ed9a1bd8e5') in 0.0397891 seconds
Number of updated asset objects reloaded before import = 0Number of asset objects unloaded after import = 2

========================================================================
Received Import Request.
  Time since last request: 0.000056 seconds.
  path: Assets/Sprites/Habilities/Hability 5 & 6/VideoRenderTexture.renderTexture
  artifactKey: Guid(f90a5b5c38b581b488c30aa15fd34ca6) Importer(2089858483,192608db42251d675da83286b1cce702)
Start importing Assets/Sprites/Habilities/Hability 5 & 6/VideoRenderTexture.renderTexture using Guid(f90a5b5c38b581b488c30aa15fd34ca6) Importer(2089858483,192608db42251d675da83286b1cce702) (ScriptedImporter) -> (artifact id: 'd7d1c5abf7db7df76fc408865d4d35be') in 0.0533225 seconds
Number of updated asset objects reloaded before import = 0Number of asset objects unloaded after import = 1

========================================================================
Received Import Request.
  Time since last request: 0.000029 seconds.
  path: Assets/Tilemap/Tilesets/Tileset Fase 1/Tileset_ground_63.asset
  artifactKey: Guid(e6993c512b1aa84448c8fe7438145a97) Importer(2089858483,192608db42251d675da83286b1cce702)
Start importing Assets/Tilemap/Tilesets/Tileset Fase 1/Tileset_ground_63.asset using Guid(e6993c512b1aa84448c8fe7438145a97) Importer(2089858483,192608db42251d675da83286b1cce702) (ScriptedImporter) -> (artifact id: 'ac0ea6b1b99e777207299a76d716c13d') in 0.0445006 seconds
Number of updated asset objects reloaded before import = 0Number of asset objects unloaded after import = 2

========================================================================
Received Import Request.
  Time since last request: 0.000040 seconds.
  path: Assets/Tilemap/Tilesets/Tileset Fase 1/Tileset_ground_67 1.asset
  artifactKey: Guid(5b3c65d10b9c50644a220f04ff2baa7a) Importer(2089858483,192608db42251d675da83286b1cce702)
Start importing Assets/Tilemap/Tilesets/Tileset Fase 1/Tileset_ground_67 1.asset using Guid(5b3c65d10b9c50644a220f04ff2baa7a) Importer(2089858483,192608db42251d675da83286b1cce702) (ScriptedImporter) -> (artifact id: '88c270bfe727beba5dce439de3c04d0a') in 0.0451449 seconds
Number of updated asset objects reloaded before import = 0Number of asset objects unloaded after import = 2

========================================================================
Received Import Request.
  Time since last request: 0.000067 seconds.
  path: Assets/Tilemap/Tilesets/Tileset Fase 1/Tileset_ground_64 1.asset
  artifactKey: Guid(41e2205409e17134b8d723a984e22e51) Importer(2089858483,192608db42251d675da83286b1cce702)
Start importing Assets/Tilemap/Tilesets/Tileset Fase 1/Tileset_ground_64 1.asset using Guid(41e2205409e17134b8d723a984e22e51) Importer(2089858483,192608db42251d675da83286b1cce702) (ScriptedImporter) -> (artifact id: 'eaaeff43ad253cb39c51343febadc30e') in 0.0422176 seconds
Number of updated asset objects reloaded before import = 0Number of asset objects unloaded after import = 2

========================================================================
Received Import Request.
  Time since last request: 0.000029 seconds.
  path: Assets/Tilemap/Tilesets/Tileset Fase 1/Tileset_ground_66 1.asset
  artifactKey: Guid(dd9628345eef48d4b862771d93a0eb8a) Importer(2089858483,192608db42251d675da83286b1cce702)
Start importing Assets/Tilemap/Tilesets/Tileset Fase 1/Tileset_ground_66 1.asset using Guid(dd9628345eef48d4b862771d93a0eb8a) Importer(2089858483,192608db42251d675da83286b1cce702) (ScriptedImporter) -> (artifact id: '8eff4051b5622e90590f0bbc69f9cb16') in 0.0442194 seconds
Number of updated asset objects reloaded before import = 0Number of asset objects unloaded after import = 2

========================================================================
Received Import Request.
  Time since last request: 0.000039 seconds.
  path: Assets/Tilemap/Tilesets/Tileset Fase 1/Tileset_ground_70.asset
  artifactKey: Guid(46d0bbcc1fc26ca4c8e1ed0315f7dce2) Importer(2089858483,192608db42251d675da83286b1cce702)
Start importing Assets/Tilemap/Tilesets/Tileset Fase 1/Tileset_ground_70.asset using Guid(46d0bbcc1fc26ca4c8e1ed0315f7dce2) Importer(2089858483,192608db42251d675da83286b1cce702) (ScriptedImporter) -> (artifact id: 'ce923a4da1af40fd244aca801cc04a64') in 0.0452366 seconds
Number of updated asset objects reloaded before import = 0Number of asset objects unloaded after import = 2

========================================================================
Received Import Request.
  Time since last request: 0.000074 seconds.
  path: Assets/Tilemap/Tilesets/Tileset Fase 1/Tileset_ground_7.asset
  artifactKey: Guid(0f30b376d7fc1cc43b7f0e7914b78ee0) Importer(2089858483,192608db42251d675da83286b1cce702)
Start importing Assets/Tilemap/Tilesets/Tileset Fase 1/Tileset_ground_7.asset using Guid(0f30b376d7fc1cc43b7f0e7914b78ee0) Importer(2089858483,192608db42251d675da83286b1cce702) (ScriptedImporter) -> (artifact id: '0a9993050841556450d5c104ef176197') in 0.040752 seconds
Number of updated asset objects reloaded before import = 0Number of asset objects unloaded after import = 2

========================================================================
Received Import Request.
  Time since last request: 0.000037 seconds.
  path: Assets/Tilemap/Tilesets/Tileset Fase 1/Tileset_ground_7 1.asset
  artifactKey: Guid(965b8394cd0fb1b4e9e1f3465665d361) Importer(2089858483,192608db42251d675da83286b1cce702)
Start importing Assets/Tilemap/Tilesets/Tileset Fase 1/Tileset_ground_7 1.asset using Guid(965b8394cd0fb1b4e9e1f3465665d361) Importer(2089858483,192608db42251d675da83286b1cce702) (ScriptedImporter) -> (artifact id: '27f52bef13ca48fbeb278c635e5423a4') in 0.0369644 seconds
Number of updated asset objects reloaded before import = 0Number of asset objects unloaded after import = 2

========================================================================
Received Import Request.
  Time since last request: 0.000027 seconds.
  path: Assets/Tilemap/Tilesets/Tileset Fase 1/Tileset_ground_69.asset
  artifactKey: Guid(609c9aab123b54043bdc0df853ab87ef) Importer(2089858483,192608db42251d675da83286b1cce702)
Start importing Assets/Tilemap/Tilesets/Tileset Fase 1/Tileset_ground_69.asset using Guid(609c9aab123b54043bdc0df853ab87ef) Importer(2089858483,192608db42251d675da83286b1cce702) (ScriptedImporter) -> (artifact id: '10703d2535babcf6fef05256b55cd3b1') in 0.0357955 seconds
Number of updated asset objects reloaded before import = 0Number of asset objects unloaded after import = 2

========================================================================
Received Import Request.
  Time since last request: 0.000160 seconds.
  path: Assets/Tilemap/Tilesets/Tileset Fase 1/Tileset_ground_74 1.asset
  artifactKey: Guid(a079b697dbc04044e895de7515b1eb74) Importer(2089858483,192608db42251d675da83286b1cce702)
Start importing Assets/Tilemap/Tilesets/Tileset Fase 1/Tileset_ground_74 1.asset using Guid(a079b697dbc04044e895de7515b1eb74) Importer(2089858483,192608db42251d675da83286b1cce702) (ScriptedImporter) -> (artifact id: '0c1de543d1f68cb9fab55a2e4ab601c3') in 0.0343197 seconds
Number of updated asset objects reloaded before import = 0Number of asset objects unloaded after import = 2

========================================================================
Received Import Request.
  Time since last request: 0.000063 seconds.
  path: Assets/Tilemap/Tilesets/Tileset Fase 1/Tileset_ground_80 1.asset
  artifactKey: Guid(63da0bf86519f97439734aa62cb2cfff) Importer(2089858483,192608db42251d675da83286b1cce702)
Start importing Assets/Tilemap/Tilesets/Tileset Fase 1/Tileset_ground_80 1.asset using Guid(63da0bf86519f97439734aa62cb2cfff) Importer(2089858483,192608db42251d675da83286b1cce702) (ScriptedImporter) -> (artifact id: '12ce7f4007eb3d0e687ae776769b6e6d') in 0.037807 seconds
Number of updated asset objects reloaded before import = 0Number of asset objects unloaded after import = 2

========================================================================
Received Import Request.
  Time since last request: 0.000041 seconds.
  path: Assets/Tilemap/Tilesets/Tileset Fase 1/Tileset_ground_78 1.asset
  artifactKey: Guid(7b9f42215b2c43f478a57bc110ae5738) Importer(2089858483,192608db42251d675da83286b1cce702)
Start importing Assets/Tilemap/Tilesets/Tileset Fase 1/Tileset_ground_78 1.asset using Guid(7b9f42215b2c43f478a57bc110ae5738) Importer(2089858483,192608db42251d675da83286b1cce702) (ScriptedImporter) -> (artifact id: 'ec676fa3ba22e01ffa30e8a7b5daa893') in 0.0443218 seconds
Number of updated asset objects reloaded before import = 0Number of asset objects unloaded after import = 2

========================================================================
Received Import Request.
  Time since last request: 0.000036 seconds.
  path: Assets/Tilemap/Tilesets/Tileset Fase 1/Tileset_ground_76.asset
  artifactKey: Guid(90d521b65f825234194403d23821adb1) Importer(2089858483,192608db42251d675da83286b1cce702)
Start importing Assets/Tilemap/Tilesets/Tileset Fase 1/Tileset_ground_76.asset using Guid(90d521b65f825234194403d23821adb1) Importer(2089858483,192608db42251d675da83286b1cce702) (ScriptedImporter) -> (artifact id: '9f4be343602bb41dcb8e69871f8b306b') in 0.0487452 seconds
Number of updated asset objects reloaded before import = 0Number of asset objects unloaded after import = 2

========================================================================
Received Import Request.
  Time since last request: 0.000105 seconds.
  path: Assets/Tilemap/Tilesets/Tileset Fase 1/Tileset_ground_75 1.asset
  artifactKey: Guid(341b3bca2301fc8489a762e9d0d4d635) Importer(2089858483,192608db42251d675da83286b1cce702)
Start importing Assets/Tilemap/Tilesets/Tileset Fase 1/Tileset_ground_75 1.asset using Guid(341b3bca2301fc8489a762e9d0d4d635) Importer(2089858483,192608db42251d675da83286b1cce702) (ScriptedImporter) -> (artifact id: '23fdf6a7cd5ebd4815dc8dd390ac4099') in 0.0361377 seconds
Number of updated asset objects reloaded before import = 0Number of asset objects unloaded after import = 2

========================================================================
Received Import Request.
  Time since last request: 0.000030 seconds.
  path: Assets/Tilemap/Tilesets/Tileset Fase 1/Tileset_ground_11.asset
  artifactKey: Guid(df92794b349b73b4ca82b637a9d99ef1) Importer(2089858483,192608db42251d675da83286b1cce702)
Start importing Assets/Tilemap/Tilesets/Tileset Fase 1/Tileset_ground_11.asset using Guid(df92794b349b73b4ca82b637a9d99ef1) Importer(2089858483,192608db42251d675da83286b1cce702) (ScriptedImporter) -> (artifact id: '9ef43bd7ea83ec0db620b243b3d720d0') in 0.036634 seconds
Number of updated asset objects reloaded before import = 0Number of asset objects unloaded after import = 2

========================================================================
Received Import Request.
  Time since last request: 0.000040 seconds.
  path: Assets/Tilemap/Tilesets/Tileset Fase 1/Tileset_ground_83.asset
  artifactKey: Guid(43f78f2d9c161bc4eae4b693fa5575e5) Importer(2089858483,192608db42251d675da83286b1cce702)
Start importing Assets/Tilemap/Tilesets/Tileset Fase 1/Tileset_ground_83.asset using Guid(43f78f2d9c161bc4eae4b693fa5575e5) Importer(2089858483,192608db42251d675da83286b1cce702) (ScriptedImporter) -> (artifact id: '6176c965095076163f120f0e58ad414a') in 0.044611 seconds
Number of updated asset objects reloaded before import = 0Number of asset objects unloaded after import = 2

========================================================================
Received Import Request.
  Time since last request: 0.000060 seconds.
  path: Assets/Tilemap/Tilesets/Tileset Fase 1/Tileset_ground_81 1.asset
  artifactKey: Guid(24be38f5f1359e145a73b1edd75d5fb0) Importer(2089858483,192608db42251d675da83286b1cce702)
Start importing Assets/Tilemap/Tilesets/Tileset Fase 1/Tileset_ground_81 1.asset using Guid(24be38f5f1359e145a73b1edd75d5fb0) Importer(2089858483,192608db42251d675da83286b1cce702) (ScriptedImporter) -> (artifact id: '706eb5faeaa22508282fbd552366acf9') in 0.0383655 seconds
Number of updated asset objects reloaded before import = 0Number of asset objects unloaded after import = 2

========================================================================
Received Import Request.
  Time since last request: 0.000040 seconds.
  path: Assets/Tilemap/Tilesets/Tileset Fase 1/Tileset_ground_9.asset
  artifactKey: Guid(bb8a9faa2d133a84e8da264754b18eba) Importer(2089858483,192608db42251d675da83286b1cce702)
Start importing Assets/Tilemap/Tilesets/Tileset Fase 1/Tileset_ground_9.asset using Guid(bb8a9faa2d133a84e8da264754b18eba) Importer(2089858483,192608db42251d675da83286b1cce702) (ScriptedImporter) -> (artifact id: '6413beb32b7b3cd2b5a88113ba79b893') in 0.045472 seconds
Number of updated asset objects reloaded before import = 0Number of asset objects unloaded after import = 2

========================================================================
Received Import Request.
  Time since last request: 0.000037 seconds.
  path: Assets/Tilemap/Tilesets/Tileset Fase 1/Tileset_ground_82.asset
  artifactKey: Guid(2bfae80373ab75f40a6868c17b4d2ec5) Importer(2089858483,192608db42251d675da83286b1cce702)
Start importing Assets/Tilemap/Tilesets/Tileset Fase 1/Tileset_ground_82.asset using Guid(2bfae80373ab75f40a6868c17b4d2ec5) Importer(2089858483,192608db42251d675da83286b1cce702) (ScriptedImporter) -> (artifact id: '900f2d7046005f57f690b2df32592be9') in 0.0344571 seconds
Number of updated asset objects reloaded before import = 0Number of asset objects unloaded after import = 2

========================================================================
Received Import Request.
  Time since last request: 0.000075 seconds.
  path: Assets/Tilemap/Tilesets/Tileset Fase 2/0002.png
  artifactKey: Guid(a5ed851ddf7f9c44aa48ac547139b45e) Importer(2089858483,192608db42251d675da83286b1cce702)
Start importing Assets/Tilemap/Tilesets/Tileset Fase 2/0002.png using Guid(a5ed851ddf7f9c44aa48ac547139b45e) Importer(2089858483,192608db42251d675da83286b1cce702) (ScriptedImporter) -> (artifact id: '89571218b34591997f4e60101c191d30') in 0.0456487 seconds
Number of updated asset objects reloaded before import = 0Number of asset objects unloaded after import = 3

========================================================================
Received Import Request.
  Time since last request: 0.000038 seconds.
  path: Assets/Tilemap/Tilesets/Tileset Fase 2/04.jpg
  artifactKey: Guid(d552a476130683f4fa5028ee69f97d63) Importer(2089858483,192608db42251d675da83286b1cce702)
Start importing Assets/Tilemap/Tilesets/Tileset Fase 2/04.jpg using Guid(d552a476130683f4fa5028ee69f97d63) Importer(2089858483,192608db42251d675da83286b1cce702) (ScriptedImporter) -> (artifact id: 'f90f0eab4397ce66ec2072ddead94934') in 0.0740253 seconds
Number of updated asset objects reloaded before import = 0Number of asset objects unloaded after import = 3

========================================================================
Received Import Request.
  Time since last request: 0.000036 seconds.
  path: Assets/Tilemap/Tilesets/Tileset Fase 2/0006_0.asset
  artifactKey: Guid(f176015be46d3bd4fbfd289d0c8f4297) Importer(2089858483,192608db42251d675da83286b1cce702)
Start importing Assets/Tilemap/Tilesets/Tileset Fase 2/0006_0.asset using Guid(f176015be46d3bd4fbfd289d0c8f4297) Importer(2089858483,192608db42251d675da83286b1cce702) (ScriptedImporter) -> (artifact id: '727bd41b4b24909acf41873ec389bfab') in 0.0498948 seconds
Number of updated asset objects reloaded before import = 0Number of asset objects unloaded after import = 2

========================================================================
Received Import Request.
  Time since last request: 0.000208 seconds.
  path: Assets/Tilemap/Tilesets/Tileset Fase 2/01.jpg
  artifactKey: Guid(a6af4bd8be696cd4083f8557d1185600) Importer(2089858483,192608db42251d675da83286b1cce702)
Start importing Assets/Tilemap/Tilesets/Tileset Fase 2/01.jpg using Guid(a6af4bd8be696cd4083f8557d1185600) Importer(2089858483,192608db42251d675da83286b1cce702) (ScriptedImporter) -> (artifact id: '481ed576380e61f513a7ac639225489b') in 0.0460025 seconds
Number of updated asset objects reloaded before import = 0Number of asset objects unloaded after import = 3

========================================================================
Received Import Request.
  Time since last request: 0.000036 seconds.
  path: Assets/Tilemap/Tilesets/Tileset Fase 2/08 (1).jpg
  artifactKey: Guid(84afcd125f70f5649b9d4e45ba925f43) Importer(2089858483,192608db42251d675da83286b1cce702)
Start importing Assets/Tilemap/Tilesets/Tileset Fase 2/08 (1).jpg using Guid(84afcd125f70f5649b9d4e45ba925f43) Importer(2089858483,192608db42251d675da83286b1cce702) (ScriptedImporter) -> (artifact id: 'a13b5cb04fca06e85373daa6f7bbf75b') in 0.0428005 seconds
Number of updated asset objects reloaded before import = 0Number of asset objects unloaded after import = 3

========================================================================
Received Import Request.
  Time since last request: 0.000038 seconds.
  path: Assets/Tilemap/Tilesets/Tileset Fase 2/05_0.asset
  artifactKey: Guid(fccfc8d33d2a91749a54dbd3ef22d6d5) Importer(2089858483,192608db42251d675da83286b1cce702)
Start importing Assets/Tilemap/Tilesets/Tileset Fase 2/05_0.asset using Guid(fccfc8d33d2a91749a54dbd3ef22d6d5) Importer(2089858483,192608db42251d675da83286b1cce702) (ScriptedImporter) -> (artifact id: 'a39575e16a16451638ab2e2bb106db5c') in 0.041655 seconds
Number of updated asset objects reloaded before import = 0Number of asset objects unloaded after import = 2

========================================================================
Received Import Request.
  Time since last request: 0.000097 seconds.
  path: Assets/Tilemap/Tilesets/Tileset Fase 2/05.jpg
  artifactKey: Guid(bc4884694520ce54e86ac0907af8a422) Importer(2089858483,192608db42251d675da83286b1cce702)
Start importing Assets/Tilemap/Tilesets/Tileset Fase 2/05.jpg using Guid(bc4884694520ce54e86ac0907af8a422) Importer(2089858483,192608db42251d675da83286b1cce702) (ScriptedImporter) -> (artifact id: '40320443c84da77536f84a323431a77e') in 0.0524056 seconds
Number of updated asset objects reloaded before import = 0Number of asset objects unloaded after import = 3

========================================================================
Received Import Request.
  Time since last request: 0.000041 seconds.
  path: Assets/Tilemap/Tilesets/Tileset Fase 2/06 (1).jpg
  artifactKey: Guid(7dfec0dc6647fb845ad5aec62f4aee94) Importer(2089858483,192608db42251d675da83286b1cce702)
Start importing Assets/Tilemap/Tilesets/Tileset Fase 2/06 (1).jpg using Guid(7dfec0dc6647fb845ad5aec62f4aee94) Importer(2089858483,192608db42251d675da83286b1cce702) (ScriptedImporter) -> (artifact id: 'f247265ce174428fd7ecb395c9727967') in 0.065961 seconds
Number of updated asset objects reloaded before import = 0Number of asset objects unloaded after import = 3

========================================================================
Received Import Request.
  Time since last request: 0.000051 seconds.
  path: Assets/Tilemap/Tilesets/Tileset Fase 2/0005.png
  artifactKey: Guid(7660c9fb5ceca9c408cb78eeeab78832) Importer(2089858483,192608db42251d675da83286b1cce702)
Start importing Assets/Tilemap/Tilesets/Tileset Fase 2/0005.png using Guid(7660c9fb5ceca9c408cb78eeeab78832) Importer(2089858483,192608db42251d675da83286b1cce702) (ScriptedImporter) -> (artifact id: '5a202c13b1c52f19914f5d2a3017e3de') in 0.0810858 seconds
Number of updated asset objects reloaded before import = 0Number of asset objects unloaded after import = 3

========================================================================
Received Import Request.
  Time since last request: 0.000097 seconds.
  path: Assets/Tilemap/Tilesets/Tileset Fase 3/0000006-1_0.asset
  artifactKey: Guid(dd34ae06fb44d62458dc55ac1b2c30a6) Importer(2089858483,192608db42251d675da83286b1cce702)
Start importing Assets/Tilemap/Tilesets/Tileset Fase 3/0000006-1_0.asset using Guid(dd34ae06fb44d62458dc55ac1b2c30a6) Importer(2089858483,192608db42251d675da83286b1cce702) (ScriptedImporter) -> (artifact id: '0544acea40b49014222bb6bbc35d81fc') in 0.0417822 seconds
Number of updated asset objects reloaded before import = 0Number of asset objects unloaded after import = 2

========================================================================
Received Import Request.
  Time since last request: 0.000029 seconds.
  path: Assets/Tilemap/Tilesets/Tileset Fase 3/Fase 3.prefab
  artifactKey: Guid(8884a1801e46ccc4fb29cda37a02591d) Importer(2089858483,192608db42251d675da83286b1cce702)
Start importing Assets/Tilemap/Tilesets/Tileset Fase 3/Fase 3.prefab using Guid(8884a1801e46ccc4fb29cda37a02591d) Importer(2089858483,192608db42251d675da83286b1cce702) (ScriptedImporter) -> (artifact id: '15305d025f71026830ada44782a11fd6') in 0.0545667 seconds
Number of updated asset objects reloaded before import = 0Number of asset objects unloaded after import = 10

========================================================================
Received Import Request.
  Time since last request: 0.000042 seconds.
  path: Assets/Tilemap/Tilesets/Tileset Fase 3/03 - Asset.png
  artifactKey: Guid(31d806458c8fef54e84898628e8b0b60) Importer(2089858483,192608db42251d675da83286b1cce702)
Start importing Assets/Tilemap/Tilesets/Tileset Fase 3/03 - Asset.png using Guid(31d806458c8fef54e84898628e8b0b60) Importer(2089858483,192608db42251d675da83286b1cce702) (ScriptedImporter) -> (artifact id: '24ec285ab1bc3bb55afc83d9841fd80c') in 0.0605116 seconds
Number of updated asset objects reloaded before import = 0Number of asset objects unloaded after import = 3

========================================================================
Received Import Request.
  Time since last request: 0.000091 seconds.
  path: Assets/Tilemap/Tilesets/Tileset Fase 3/0000006-2.png
  artifactKey: Guid(f536a818605a7ee48935ab27aef4d5ce) Importer(2089858483,192608db42251d675da83286b1cce702)
Start importing Assets/Tilemap/Tilesets/Tileset Fase 3/0000006-2.png using Guid(f536a818605a7ee48935ab27aef4d5ce) Importer(2089858483,192608db42251d675da83286b1cce702) (ScriptedImporter) -> (artifact id: '12ccd31d0b916fe991dcbfeb1aa0e745') in 0.0545097 seconds
Number of updated asset objects reloaded before import = 0Number of asset objects unloaded after import = 3

========================================================================
Received Import Request.
  Time since last request: 0.000033 seconds.
  path: Assets/Tilemap/Tilesets/Tileset Fase 3/ROUNDBRICKS 1_0.asset
  artifactKey: Guid(83cc3d6a6f3830041adb31b9b2f9c371) Importer(2089858483,192608db42251d675da83286b1cce702)
Start importing Assets/Tilemap/Tilesets/Tileset Fase 3/ROUNDBRICKS 1_0.asset using Guid(83cc3d6a6f3830041adb31b9b2f9c371) Importer(2089858483,192608db42251d675da83286b1cce702) (ScriptedImporter) -> (artifact id: 'd349a5712c65667b882b222f21d59320') in 0.0353553 seconds
Number of updated asset objects reloaded before import = 0Number of asset objects unloaded after import = 2

========================================================================
Received Import Request.
  Time since last request: 0.000051 seconds.
  path: Assets/Tilemap/Tilesets/Tileset Fase 3/PATHROCKS.png
  artifactKey: Guid(43735b9eb6c45c54f8b8f942690270fe) Importer(2089858483,192608db42251d675da83286b1cce702)
Start importing Assets/Tilemap/Tilesets/Tileset Fase 3/PATHROCKS.png using Guid(43735b9eb6c45c54f8b8f942690270fe) Importer(2089858483,192608db42251d675da83286b1cce702) (ScriptedImporter) -> (artifact id: '9d5a45163cf124e3d54be6f8fca0ccba') in 0.0713178 seconds
Number of updated asset objects reloaded before import = 0Number of asset objects unloaded after import = 3

========================================================================
Received Import Request.
  Time since last request: 0.000069 seconds.
  path: Assets/Tilemap/Tilesets/Tileset Tutorial/BRICKSBOTLEFT.png
  artifactKey: Guid(c93154d4bc336d841a3e54ee2bd25b39) Importer(2089858483,192608db42251d675da83286b1cce702)
Start importing Assets/Tilemap/Tilesets/Tileset Tutorial/BRICKSBOTLEFT.png using Guid(c93154d4bc336d841a3e54ee2bd25b39) Importer(2089858483,192608db42251d675da83286b1cce702) (ScriptedImporter) -> (artifact id: 'd3ce61c7cb24c5dec6335dc1da9b285d') in 0.0602509 seconds
Number of updated asset objects reloaded before import = 0Number of asset objects unloaded after import = 3

========================================================================
Received Import Request.
  Time since last request: 0.000037 seconds.
  path: Assets/Tilemap/Tilesets/Tileset Fase 1/Tileset_ground_39.asset
  artifactKey: Guid(088f341628766354a9a17d9e916ea4e8) Importer(2089858483,192608db42251d675da83286b1cce702)
Start importing Assets/Tilemap/Tilesets/Tileset Fase 1/Tileset_ground_39.asset using Guid(088f341628766354a9a17d9e916ea4e8) Importer(2089858483,192608db42251d675da83286b1cce702) (ScriptedImporter) -> (artifact id: '0a5d7ad7ac1d7dedf511fe72fdaf95fb') in 0.0442541 seconds
Number of updated asset objects reloaded before import = 0Number of asset objects unloaded after import = 2

========================================================================
Received Import Request.
  Time since last request: 0.000062 seconds.
  path: Assets/Tilemap/Tilesets/Tileset Tutorial/BRICKSBOTMID_0.asset
  artifactKey: Guid(68ed14d4606376b4ab3328b75388ea10) Importer(2089858483,192608db42251d675da83286b1cce702)
Start importing Assets/Tilemap/Tilesets/Tileset Tutorial/BRICKSBOTMID_0.asset using Guid(68ed14d4606376b4ab3328b75388ea10) Importer(2089858483,192608db42251d675da83286b1cce702) (ScriptedImporter) -> (artifact id: '8ee3ef0243952c401cb1b33104e04fb3') in 0.0429785 seconds
Number of updated asset objects reloaded before import = 0Number of asset objects unloaded after import = 2

========================================================================
Received Import Request.
  Time since last request: 0.000053 seconds.
  path: Assets/Tilemap/Tilesets/Tileset Tutorial/DECIDA (1) 1.png
  artifactKey: Guid(b13c6adc506e38c46b243007baa31a73) Importer(2089858483,192608db42251d675da83286b1cce702)
Start importing Assets/Tilemap/Tilesets/Tileset Tutorial/DECIDA (1) 1.png using Guid(b13c6adc506e38c46b243007baa31a73) Importer(2089858483,192608db42251d675da83286b1cce702) (ScriptedImporter) -> (artifact id: '9a7c1b70e837d03e07f5b68f547b9379') in 0.0583971 seconds
Number of updated asset objects reloaded before import = 0Number of asset objects unloaded after import = 3

========================================================================
Received Import Request.
  Time since last request: 0.000034 seconds.
  path: Assets/Tilemap/Tilesets/Tileset Tutorial/BRICKSTOPLEFT.png
  artifactKey: Guid(599b8faf0e7cbc24c9d81275a8be1876) Importer(2089858483,192608db42251d675da83286b1cce702)
Start importing Assets/Tilemap/Tilesets/Tileset Tutorial/BRICKSTOPLEFT.png using Guid(599b8faf0e7cbc24c9d81275a8be1876) Importer(2089858483,192608db42251d675da83286b1cce702) (ScriptedImporter) -> (artifact id: 'ce96114172a1e318fad706058f8ddea0') in 0.0489711 seconds
Number of updated asset objects reloaded before import = 0Number of asset objects unloaded after import = 3

========================================================================
Received Import Request.
  Time since last request: 0.000048 seconds.
  path: Assets/Tilemap/Tilesets/Tileset Fase 3/ROUNDBRICKS 1.png
  artifactKey: Guid(5dfcd3afcce45524585634aa8fe08e9a) Importer(2089858483,192608db42251d675da83286b1cce702)
Start importing Assets/Tilemap/Tilesets/Tileset Fase 3/ROUNDBRICKS 1.png using Guid(5dfcd3afcce45524585634aa8fe08e9a) Importer(2089858483,192608db42251d675da83286b1cce702) (ScriptedImporter) -> (artifact id: 'e9f90116d254e81702d6caedd9898c43') in 0.0583292 seconds
Number of updated asset objects reloaded before import = 0Number of asset objects unloaded after import = 3

========================================================================
Received Import Request.
  Time since last request: 0.000045 seconds.
  path: Assets/Tilemap/Tilesets/Tileset Tutorial/RAMPA-1.jpg
  artifactKey: Guid(7e7cf6d908d767b49adc878bb607fd85) Importer(2089858483,192608db42251d675da83286b1cce702)
Start importing Assets/Tilemap/Tilesets/Tileset Tutorial/RAMPA-1.jpg using Guid(7e7cf6d908d767b49adc878bb607fd85) Importer(2089858483,192608db42251d675da83286b1cce702) (ScriptedImporter) -> (artifact id: '0ccfe4c86ae1f76270c8120c8e1197f8') in 0.0542789 seconds
Number of updated asset objects reloaded before import = 0Number of asset objects unloaded after import = 3

========================================================================
Received Import Request.
  Time since last request: 0.000057 seconds.
  path: Assets/UI/Figma/Level Selector/Fases nome.png
  artifactKey: Guid(4fed0e81a69ed144b812d8bf763d6992) Importer(2089858483,192608db42251d675da83286b1cce702)
Start importing Assets/UI/Figma/Level Selector/Fases nome.png using Guid(4fed0e81a69ed144b812d8bf763d6992) Importer(2089858483,192608db42251d675da83286b1cce702) (ScriptedImporter) -> (artifact id: '567af67897b1cd49d351a50a47d04b23') in 0.0485736 seconds
Number of updated asset objects reloaded before import = 0Number of asset objects unloaded after import = 3

========================================================================
Received Import Request.
  Time since last request: 0.000048 seconds.
  path: Assets/UI/Figma/Level Selector/Segunda fase.png
  artifactKey: Guid(5dcae9dd2158679469fe21f273165472) Importer(2089858483,192608db42251d675da83286b1cce702)
Start importing Assets/UI/Figma/Level Selector/Segunda fase.png using Guid(5dcae9dd2158679469fe21f273165472) Importer(2089858483,192608db42251d675da83286b1cce702) (ScriptedImporter) -> (artifact id: '620d0f88e56e4435220c71c7834f1b4a') in 0.04593 seconds
Number of updated asset objects reloaded before import = 0Number of asset objects unloaded after import = 3

========================================================================
Received Import Request.
  Time since last request: 0.000109 seconds.
  path: Assets/UI/Figma/Level Selector/Primeira fase.png
  artifactKey: Guid(b81981f24a75b08459fe50d70941f6a2) Importer(2089858483,192608db42251d675da83286b1cce702)
Start importing Assets/UI/Figma/Level Selector/Primeira fase.png using Guid(b81981f24a75b08459fe50d70941f6a2) Importer(2089858483,192608db42251d675da83286b1cce702) (ScriptedImporter) -> (artifact id: 'a8d35d824c45b87bf5cc68361c30ff24') in 0.0570934 seconds
Number of updated asset objects reloaded before import = 0Number of asset objects unloaded after import = 3

========================================================================
Received Import Request.
  Time since last request: 0.000043 seconds.
  path: Assets/UI/Figma/Main Menu/InputRectangle.png
  artifactKey: Guid(512b3045e56f7e547b88c5f973fa4623) Importer(2089858483,192608db42251d675da83286b1cce702)
Start importing Assets/UI/Figma/Main Menu/InputRectangle.png using Guid(512b3045e56f7e547b88c5f973fa4623) Importer(2089858483,192608db42251d675da83286b1cce702) (ScriptedImporter) -> (artifact id: 'd91604c2340c599871c6414b837721a8') in 0.0496518 seconds
Number of updated asset objects reloaded before import = 0Number of asset objects unloaded after import = 3

========================================================================
Received Import Request.
  Time since last request: 0.000042 seconds.
  path: Assets/UI/Figma/Main Menu/BGOpacity60%.png
  artifactKey: Guid(3b6c5fb2c973497408ac759e479c1b2f) Importer(2089858483,192608db42251d675da83286b1cce702)
Start importing Assets/UI/Figma/Main Menu/BGOpacity60%.png using Guid(3b6c5fb2c973497408ac759e479c1b2f) Importer(2089858483,192608db42251d675da83286b1cce702) (ScriptedImporter) -> (artifact id: '6b470fb4dd295110a4aa9531bd9193d1') in 0.0858998 seconds
Number of updated asset objects reloaded before import = 0Number of asset objects unloaded after import = 3

========================================================================
Received Import Request.
  Time since last request: 0.000090 seconds.
  path: Assets/UI/Figma/Main Menu/Créditos background.png
  artifactKey: Guid(c441be807be3f8343afc48557fdec7e5) Importer(2089858483,192608db42251d675da83286b1cce702)
Start importing Assets/UI/Figma/Main Menu/Créditos background.png using Guid(c441be807be3f8343afc48557fdec7e5) Importer(2089858483,192608db42251d675da83286b1cce702) (ScriptedImporter) -> (artifact id: '71b1f7b7ee2138c722a8dd278bc9c0f4') in 0.0768249 seconds
Number of updated asset objects reloaded before import = 0Number of asset objects unloaded after import = 3

========================================================================
Received Import Request.
  Time since last request: 0.000044 seconds.
  path: Assets/UI/Figma/Main Menu/fundoBTNs.png
  artifactKey: Guid(24813ad33be011a4f833f50b74aef2cc) Importer(2089858483,192608db42251d675da83286b1cce702)
Start importing Assets/UI/Figma/Main Menu/fundoBTNs.png using Guid(24813ad33be011a4f833f50b74aef2cc) Importer(2089858483,192608db42251d675da83286b1cce702) (ScriptedImporter) -> (artifact id: 'b77eeb66b61e1166e12e633ed5c06271') in 0.0475316 seconds
Number of updated asset objects reloaded before import = 0Number of asset objects unloaded after import = 3

========================================================================
Received Import Request.
  Time since last request: 0.000961 seconds.
  path: Assets/UI/Store/Checkpoints/computer.png
  artifactKey: Guid(874b51bccaf86c24c970e0cb1fe9bb80) Importer(2089858483,192608db42251d675da83286b1cce702)
Start importing Assets/UI/Store/Checkpoints/computer.png using Guid(874b51bccaf86c24c970e0cb1fe9bb80) Importer(2089858483,192608db42251d675da83286b1cce702) (ScriptedImporter) -> (artifact id: 'b0cd6120ec08922cf9fbcd48007e9c32') in 0.0825499 seconds
Number of updated asset objects reloaded before import = 0Number of asset objects unloaded after import = 3

========================================================================
Received Import Request.
  Time since last request: 0.000074 seconds.
  path: Assets/UI/Figma/Main Menu/StoreScreen.png
  artifactKey: Guid(7f33db82ec3f75244b7abacf262004e5) Importer(2089858483,192608db42251d675da83286b1cce702)
Start importing Assets/UI/Figma/Main Menu/StoreScreen.png using Guid(7f33db82ec3f75244b7abacf262004e5) Importer(2089858483,192608db42251d675da83286b1cce702) (ScriptedImporter) -> (artifact id: 'b10752da49e59f30fd58669671489b48') in 0.0661355 seconds
Number of updated asset objects reloaded before import = 0Number of asset objects unloaded after import = 3

========================================================================
Received Import Request.
  Time since last request: 0.000058 seconds.
  path: Assets/UI/Store/Checkpoints/Old Computer 2.gif
  artifactKey: Guid(982fb81f2aad93d41861c7052970d937) Importer(2089858483,192608db42251d675da83286b1cce702)
Start importing Assets/UI/Store/Checkpoints/Old Computer 2.gif using Guid(982fb81f2aad93d41861c7052970d937) Importer(2089858483,192608db42251d675da83286b1cce702) (ScriptedImporter) -> (artifact id: 'a6afcc87e14b34e698a1534b5dc5085a') in 0.0705281 seconds
Number of updated asset objects reloaded before import = 0Number of asset objects unloaded after import = 3

========================================================================
Received Import Request.
  Time since last request: 0.000069 seconds.
  path: Assets/UI/Figma/Main Menu/nome_do_mermas.png
  artifactKey: Guid(a5152736e35d3e941a6da8a93c242cc7) Importer(2089858483,192608db42251d675da83286b1cce702)
Start importing Assets/UI/Figma/Main Menu/nome_do_mermas.png using Guid(a5152736e35d3e941a6da8a93c242cc7) Importer(2089858483,192608db42251d675da83286b1cce702) (ScriptedImporter) -> (artifact id: 'edb987f746da0ad41269f13940d733a5') in 0.0513667 seconds
Number of updated asset objects reloaded before import = 0Number of asset objects unloaded after import = 3

========================================================================
Received Import Request.
  Time since last request: 0.000056 seconds.
  path: Assets/Sprites/Objects/Boss 1/Animations/idle.anim
  artifactKey: Guid(80fb48cd317dcff4b9a5741798248616) Importer(2089858483,192608db42251d675da83286b1cce702)
Start importing Assets/Sprites/Objects/Boss 1/Animations/idle.anim using Guid(80fb48cd317dcff4b9a5741798248616) Importer(2089858483,192608db42251d675da83286b1cce702) (ScriptedImporter) -> (artifact id: '05c537ecfa7f9214373d1f27f3c2a785') in 0.0490566 seconds
Number of updated asset objects reloaded before import = 0Number of asset objects unloaded after import = 1

========================================================================
Received Import Request.
  Time since last request: 0.000027 seconds.
  path: Assets/UI/Store/Checkpoints/updated computer.png
  artifactKey: Guid(1c55ad3cb0cada7458c1c997f0061b62) Importer(2089858483,192608db42251d675da83286b1cce702)
Start importing Assets/UI/Store/Checkpoints/updated computer.png using Guid(1c55ad3cb0cada7458c1c997f0061b62) Importer(2089858483,192608db42251d675da83286b1cce702) (ScriptedImporter) -> (artifact id: 'd64034e2c5e82a2290d9692eccde4fdd') in 0.070527 seconds
Number of updated asset objects reloaded before import = 0Number of asset objects unloaded after import = 3

========================================================================
Received Import Request.
  Time since last request: 0.000030 seconds.
  path: Assets/UI/Store/Checkpoints/saved-checkpoint.png
  artifactKey: Guid(ed6db0cd891b51a4d891f44c4d10fb21) Importer(2089858483,192608db42251d675da83286b1cce702)
Start importing Assets/UI/Store/Checkpoints/saved-checkpoint.png using Guid(ed6db0cd891b51a4d891f44c4d10fb21) Importer(2089858483,192608db42251d675da83286b1cce702) (ScriptedImporter) -> (artifact id: 'ac7ed4c9045064bfa2a1647fb61102f8') in 0.0818694 seconds
Number of updated asset objects reloaded before import = 0Number of asset objects unloaded after import = 3

========================================================================
Received Import Request.
  Time since last request: 0.000047 seconds.
  path: Assets/TextMesh Pro/Examples & Extras/Scenes/28 - HDRP Shader Example.unity
  artifactKey: Guid(eea2b7206368b444e84fbec4ec32b64a) Importer(2089858483,192608db42251d675da83286b1cce702)
Start importing Assets/TextMesh Pro/Examples & Extras/Scenes/28 - HDRP Shader Example.unity using Guid(eea2b7206368b444e84fbec4ec32b64a) Importer(2089858483,192608db42251d675da83286b1cce702) (ScriptedImporter) -> (artifact id: 'd8ca19361cd01e17757bfeaea7276e14') in 0.0363057 seconds
Number of updated asset objects reloaded before import = 0Number of asset objects unloaded after import = 1

========================================================================
Received Import Request.
  Time since last request: 0.000028 seconds.
  path: Assets/Sprites/Objects/Boss 3/Animations/ILoveYou.controller
  artifactKey: Guid(26ccd7c2b3f28a84b96bdcfbec123f6c) Importer(2089858483,192608db42251d675da83286b1cce702)
Start importing Assets/Sprites/Objects/Boss 3/Animations/ILoveYou.controller using Guid(26ccd7c2b3f28a84b96bdcfbec123f6c) Importer(2089858483,192608db42251d675da83286b1cce702) (ScriptedImporter) -> (artifact id: '90087b2e0cd14b11d187fbf22f2c24e4') in 0.0433842 seconds
Number of updated asset objects reloaded before import = 0Number of asset objects unloaded after import = 21

========================================================================
Received Import Request.
  Time since last request: 0.000039 seconds.
  path: Assets/Sprites/Objects/Boss 3/Animations/preparingToAttack.anim
  artifactKey: Guid(6d9ff0a4b4ec30f46b171a17dd116da5) Importer(2089858483,192608db42251d675da83286b1cce702)
Start importing Assets/Sprites/Objects/Boss 3/Animations/preparingToAttack.anim using Guid(6d9ff0a4b4ec30f46b171a17dd116da5) Importer(2089858483,192608db42251d675da83286b1cce702) (ScriptedImporter) -> (artifact id: '2c99dfa47048811a64bb19fad20d0b7e') in 0.0434268 seconds
Number of updated asset objects reloaded before import = 0Number of asset objects unloaded after import = 1

========================================================================
Received Import Request.
  Time since last request: 0.000046 seconds.
  path: Assets/Sprites/Objects/Boss 2/Animations/hitted.anim
  artifactKey: Guid(60351d9684c00874386e87ed8bc3c187) Importer(2089858483,192608db42251d675da83286b1cce702)
Start importing Assets/Sprites/Objects/Boss 2/Animations/hitted.anim using Guid(60351d9684c00874386e87ed8bc3c187) Importer(2089858483,192608db42251d675da83286b1cce702) (ScriptedImporter) -> (artifact id: '939baadac00d8de70c311c64023f94c9') in 0.0448945 seconds
Number of updated asset objects reloaded before import = 0Number of asset objects unloaded after import = 1

========================================================================
Received Import Request.
  Time since last request: 0.000036 seconds.
  path: Assets/Sprites/Objects/Boss 3/Animations/Attack_Item.anim
  artifactKey: Guid(cfac1a6e18a93dc43b7c80c8383e75b1) Importer(2089858483,192608db42251d675da83286b1cce702)
Start importing Assets/Sprites/Objects/Boss 3/Animations/Attack_Item.anim using Guid(cfac1a6e18a93dc43b7c80c8383e75b1) Importer(2089858483,192608db42251d675da83286b1cce702) (ScriptedImporter) -> (artifact id: '0756f1bea6b87ef5398c9ef327e9ddf6') in 0.0475347 seconds
Number of updated asset objects reloaded before import = 0Number of asset objects unloaded after import = 1

========================================================================
Received Import Request.
  Time since last request: 0.000140 seconds.
  path: Assets/Sprites/Objects/Robot/Animations/walking.anim
  artifactKey: Guid(eeb8f86e13c3a554781bf5a2ac6e4f37) Importer(2089858483,192608db42251d675da83286b1cce702)
Start importing Assets/Sprites/Objects/Robot/Animations/walking.anim using Guid(eeb8f86e13c3a554781bf5a2ac6e4f37) Importer(2089858483,192608db42251d675da83286b1cce702) (ScriptedImporter) -> (artifact id: 'de60f089efda7266945568caa2f73d5d') in 0.0386314 seconds
Number of updated asset objects reloaded before import = 0Number of asset objects unloaded after import = 1

========================================================================
Received Import Request.
  Time since last request: 0.000053 seconds.
  path: Assets/Sprites/Objects/Player/Animations/jumping.anim
  artifactKey: Guid(afb7c27918db89b408386875efd510f9) Importer(2089858483,192608db42251d675da83286b1cce702)
Start importing Assets/Sprites/Objects/Player/Animations/jumping.anim using Guid(afb7c27918db89b408386875efd510f9) Importer(2089858483,192608db42251d675da83286b1cce702) (ScriptedImporter) -> (artifact id: '7276fe59c723e793f080ab44996c1fb1') in 0.0369129 seconds
Number of updated asset objects reloaded before import = 0Number of asset objects unloaded after import = 1

========================================================================
Received Import Request.
  Time since last request: 0.000029 seconds.
  path: Assets/Sprites/Objects/Player/Animations/walk.anim
  artifactKey: Guid(135470e637e5f6b47a0bc97ad171f244) Importer(2089858483,192608db42251d675da83286b1cce702)
Start importing Assets/Sprites/Objects/Player/Animations/walk.anim using Guid(135470e637e5f6b47a0bc97ad171f244) Importer(2089858483,192608db42251d675da83286b1cce702) (ScriptedImporter) -> (artifact id: '4ef6f29d5b9681c1065420e7fe4ebf8d') in 0.0397031 seconds
Number of updated asset objects reloaded before import = 0Number of asset objects unloaded after import = 1

========================================================================
Received Import Request.
  Time since last request: 0.000041 seconds.
  path: Assets/TextMesh Pro/Examples & Extras/Resources/Color Gradient Presets/Light to Dark Green - Vertical.asset
  artifactKey: Guid(5cf8ae092ca54931b443bec5148f3c59) Importer(2089858483,192608db42251d675da83286b1cce702)
Start importing Assets/TextMesh Pro/Examples & Extras/Resources/Color Gradient Presets/Light to Dark Green - Vertical.asset using Guid(5cf8ae092ca54931b443bec5148f3c59) Importer(2089858483,192608db42251d675da83286b1cce702) (ScriptedImporter) -> (artifact id: '29261e42d36711f75b603f77a235621b') in 0.0378613 seconds
Number of updated asset objects reloaded before import = 0Number of asset objects unloaded after import = 1

========================================================================
Received Import Request.
  Time since last request: 0.000048 seconds.
  path: Assets/Sprites/Objects/Robot/Animations/idle.anim
  artifactKey: Guid(f4c5245a1ecd9a745aebf0f26f516fb3) Importer(2089858483,192608db42251d675da83286b1cce702)
Start importing Assets/Sprites/Objects/Robot/Animations/idle.anim using Guid(f4c5245a1ecd9a745aebf0f26f516fb3) Importer(2089858483,192608db42251d675da83286b1cce702) (ScriptedImporter) -> (artifact id: '67ed2dd7863749190ee57c1a5649b37e') in 0.0454412 seconds
Number of updated asset objects reloaded before import = 0Number of asset objects unloaded after import = 1

========================================================================
Received Import Request.
  Time since last request: 0.000041 seconds.
  path: Assets/TextMesh Pro/Examples & Extras/Resources/Fonts & Materials/Anton SDF - Sunny Days.mat
  artifactKey: Guid(6522f30e342599e4e9dd4cc2cc03c830) Importer(2089858483,192608db42251d675da83286b1cce702)
Start importing Assets/TextMesh Pro/Examples & Extras/Resources/Fonts & Materials/Anton SDF - Sunny Days.mat using Guid(6522f30e342599e4e9dd4cc2cc03c830) Importer(2089858483,192608db42251d675da83286b1cce702) (ScriptedImporter) -> (artifact id: '477dc1d1ed05e0ffe7e63bbc2b509703') in 0.0575066 seconds
Number of updated asset objects reloaded before import = 0Number of asset objects unloaded after import = 4

========================================================================
Received Import Request.
  Time since last request: 0.000048 seconds.
  path: Assets/TextMesh Pro/Examples & Extras/Resources/Fonts & Materials/Bangers SDF Logo.mat
  artifactKey: Guid(f4e195ac1e204eff960149d1cb34e18c) Importer(2089858483,192608db42251d675da83286b1cce702)
Start importing Assets/TextMesh Pro/Examples & Extras/Resources/Fonts & Materials/Bangers SDF Logo.mat using Guid(f4e195ac1e204eff960149d1cb34e18c) Importer(2089858483,192608db42251d675da83286b1cce702) (ScriptedImporter) -> (artifact id: '4c45149d76b524695e1e8be521d0cef7') in 0.0505778 seconds
Number of updated asset objects reloaded before import = 0Number of asset objects unloaded after import = 4

========================================================================
Received Import Request.
  Time since last request: 0.000063 seconds.
  path: Assets/TextMesh Pro/Examples & Extras/Resources/Fonts & Materials/Anton SDF.asset
  artifactKey: Guid(8a89fa14b10d46a99122fd4f73fca9a2) Importer(2089858483,192608db42251d675da83286b1cce702)
Start importing Assets/TextMesh Pro/Examples & Extras/Resources/Fonts & Materials/Anton SDF.asset using Guid(8a89fa14b10d46a99122fd4f73fca9a2) Importer(2089858483,192608db42251d675da83286b1cce702) (ScriptedImporter) -> (artifact id: 'fbc1ac6216425af2779c9301814468c6') in 0.0701688 seconds
Number of updated asset objects reloaded before import = 0Number of asset objects unloaded after import = 5

========================================================================
Received Import Request.
  Time since last request: 0.000042 seconds.
  path: Assets/Sprites/Objects/Enemy/Animations/walk.anim
  artifactKey: Guid(736245a53a8303f479d83a06519f0df6) Importer(2089858483,192608db42251d675da83286b1cce702)
Start importing Assets/Sprites/Objects/Enemy/Animations/walk.anim using Guid(736245a53a8303f479d83a06519f0df6) Importer(2089858483,192608db42251d675da83286b1cce702) (ScriptedImporter) -> (artifact id: '745cc381e3b952751b904d0c6d7d97eb') in 0.035596 seconds
Number of updated asset objects reloaded before import = 0Number of asset objects unloaded after import = 1

========================================================================
Received Import Request.
  Time since last request: 0.000031 seconds.
  path: Assets/TextMesh Pro/Examples & Extras/Resources/Fonts & Materials/LiberationSans SDF - Soft Mask.mat
  artifactKey: Guid(42df1c7856584b6b8db9a509b6b10074) Importer(2089858483,192608db42251d675da83286b1cce702)
Start importing Assets/TextMesh Pro/Examples & Extras/Resources/Fonts & Materials/LiberationSans SDF - Soft Mask.mat using Guid(42df1c7856584b6b8db9a509b6b10074) Importer(2089858483,192608db42251d675da83286b1cce702) (ScriptedImporter) -> (artifact id: '1cbdadc13f05b1cdef0d787d867d345e') in 0.0647039 seconds
Number of updated asset objects reloaded before import = 0Number of asset objects unloaded after import = 3

========================================================================
Received Import Request.
  Time since last request: 0.000216 seconds.
  path: Assets/TextMesh Pro/Examples & Extras/Resources/Fonts & Materials/Roboto-Bold SDF - URP.mat
  artifactKey: Guid(90722b8bd74d9aa49958562aff7bdf76) Importer(2089858483,192608db42251d675da83286b1cce702)
Start importing Assets/TextMesh Pro/Examples & Extras/Resources/Fonts & Materials/Roboto-Bold SDF - URP.mat using Guid(90722b8bd74d9aa49958562aff7bdf76) Importer(2089858483,192608db42251d675da83286b1cce702) (ScriptedImporter) -> (artifact id: '87246941a5c36ee441a83fcfe053303a') in 0.0551958 seconds
Number of updated asset objects reloaded before import = 0Number of asset objects unloaded after import = 3

========================================================================
Received Import Request.
  Time since last request: 0.000036 seconds.
  path: Assets/TextMesh Pro/Examples & Extras/Resources/Fonts & Materials/Unity SDF - HDRP LIT - Outline.mat
  artifactKey: Guid(967f61bb1e3e28645a39e0cb647cc79e) Importer(2089858483,192608db42251d675da83286b1cce702)
Start importing Assets/TextMesh Pro/Examples & Extras/Resources/Fonts & Materials/Unity SDF - HDRP LIT - Outline.mat using Guid(967f61bb1e3e28645a39e0cb647cc79e) Importer(2089858483,192608db42251d675da83286b1cce702) (ScriptedImporter) -> (artifact id: '8f239823d78d99477b6f84d9fbe57bef') in 0.0689409 seconds
Number of updated asset objects reloaded before import = 0Number of asset objects unloaded after import = 3

========================================================================
Received Import Request.
  Time since last request: 0.000050 seconds.
  path: Assets/TextMesh Pro/Examples & Extras/Resources/Fonts & Materials/LiberationSans SDF - Overlay.mat
  artifactKey: Guid(9ad269c99dcf42b7aedefd83dd5a7b9d) Importer(2089858483,192608db42251d675da83286b1cce702)
Start importing Assets/TextMesh Pro/Examples & Extras/Resources/Fonts & Materials/LiberationSans SDF - Overlay.mat using Guid(9ad269c99dcf42b7aedefd83dd5a7b9d) Importer(2089858483,192608db42251d675da83286b1cce702) (ScriptedImporter) -> (artifact id: '36e249bdcdd77bff0eb1a08bba8e6c2f') in 0.0614339 seconds
Number of updated asset objects reloaded before import = 0Number of asset objects unloaded after import = 2

========================================================================
Received Import Request.
  Time since last request: 0.000054 seconds.
  path: Assets/Sprites/Habilities/Hability 1 & 2/Animated/Animated Padlock/Sturdy Padlock - RED - 0005.png
  artifactKey: Guid(a9a2254d256abe648b158ff2d4d82a8a) Importer(2089858483,192608db42251d675da83286b1cce702)
Start importing Assets/Sprites/Habilities/Hability 1 & 2/Animated/Animated Padlock/Sturdy Padlock - RED - 0005.png using Guid(a9a2254d256abe648b158ff2d4d82a8a) Importer(2089858483,192608db42251d675da83286b1cce702) (ScriptedImporter) -> (artifact id: 'c077172bced2819a535317f47b889946') in 0.0737666 seconds
Number of updated asset objects reloaded before import = 0Number of asset objects unloaded after import = 3

========================================================================
Received Import Request.
  Time since last request: 0.000078 seconds.
  path: Assets/Sprites/Habilities/Hability 1 & 2/Animated/Animated Padlock/Sturdy Padlock - RED - 0001.png
  artifactKey: Guid(0ee5fbf0ee0c68a4ebb77ddccb7d937c) Importer(2089858483,192608db42251d675da83286b1cce702)
Start importing Assets/Sprites/Habilities/Hability 1 & 2/Animated/Animated Padlock/Sturdy Padlock - RED - 0001.png using Guid(0ee5fbf0ee0c68a4ebb77ddccb7d937c) Importer(2089858483,192608db42251d675da83286b1cce702) (ScriptedImporter) -> (artifact id: '675ebc2b42739c4d782d61d9860b8c76') in 0.0861988 seconds
Number of updated asset objects reloaded before import = 0Number of asset objects unloaded after import = 3

========================================================================
Received Import Request.
  Time since last request: 0.000043 seconds.
  path: Assets/Sprites/Habilities/Hability 1 & 2/Animated/Animated Padlock/Sturdy Padlock - RED - 0004.png
  artifactKey: Guid(abf2ca82de529394fb73b062a0d2ccdc) Importer(2089858483,192608db42251d675da83286b1cce702)
Start importing Assets/Sprites/Habilities/Hability 1 & 2/Animated/Animated Padlock/Sturdy Padlock - RED - 0004.png using Guid(abf2ca82de529394fb73b062a0d2ccdc) Importer(2089858483,192608db42251d675da83286b1cce702) (ScriptedImporter) -> (artifact id: 'aca648419cae2bbbfc46f35a897386b7') in 0.0759077 seconds
Number of updated asset objects reloaded before import = 0Number of asset objects unloaded after import = 3

========================================================================
Received Import Request.
  Time since last request: 0.000076 seconds.
  path: Assets/Sprites/Habilities/Hability 1 & 2/Animated/Animated Padlock/Sturdy Padlock - RED - 0011.png
  artifactKey: Guid(222e6dbd1c1eca44896671523b786016) Importer(2089858483,192608db42251d675da83286b1cce702)
Start importing Assets/Sprites/Habilities/Hability 1 & 2/Animated/Animated Padlock/Sturdy Padlock - RED - 0011.png using Guid(222e6dbd1c1eca44896671523b786016) Importer(2089858483,192608db42251d675da83286b1cce702) (ScriptedImporter) -> (artifact id: '93b8174d086980dceb6118db1792afe3') in 0.0813697 seconds
Number of updated asset objects reloaded before import = 0Number of asset objects unloaded after import = 3

========================================================================
Received Import Request.
  Time since last request: 0.000029 seconds.
  path: Assets/Sprites/Habilities/Hability 1 & 2/Animated/Animated Padlock/Sturdy Padlock - RED - 0016.png
  artifactKey: Guid(770864bf4175eda449cb71bc806724db) Importer(2089858483,192608db42251d675da83286b1cce702)
Start importing Assets/Sprites/Habilities/Hability 1 & 2/Animated/Animated Padlock/Sturdy Padlock - RED - 0016.png using Guid(770864bf4175eda449cb71bc806724db) Importer(2089858483,192608db42251d675da83286b1cce702) (ScriptedImporter) -> (artifact id: 'e6f271ec1feced2ffc13d948aae91003') in 0.0792509 seconds
Number of updated asset objects reloaded before import = 0Number of asset objects unloaded after import = 3

========================================================================
Received Import Request.
  Time since last request: 0.000062 seconds.
  path: Assets/Sprites/Habilities/Hability 1 & 2/Animated/Animated Padlock/Sturdy Padlock - RED - 0009.png
  artifactKey: Guid(8ecb305fcabb99f498ff2e7e6e5ba241) Importer(2089858483,192608db42251d675da83286b1cce702)
Start importing Assets/Sprites/Habilities/Hability 1 & 2/Animated/Animated Padlock/Sturdy Padlock - RED - 0009.png using Guid(8ecb305fcabb99f498ff2e7e6e5ba241) Importer(2089858483,192608db42251d675da83286b1cce702) (ScriptedImporter) -> (artifact id: 'e25ccee43216e432b27a1a01e069c032') in 0.08293 seconds
Number of updated asset objects reloaded before import = 0Number of asset objects unloaded after import = 3

========================================================================
Received Import Request.
  Time since last request: 0.000046 seconds.
  path: Assets/Sprites/Objects/Doors/Animation/Door 1/Padlock/PadLock.controller
  artifactKey: Guid(aeb3c74626cc27f49ba651f7e230dc88) Importer(2089858483,192608db42251d675da83286b1cce702)
Start importing Assets/Sprites/Objects/Doors/Animation/Door 1/Padlock/PadLock.controller using Guid(aeb3c74626cc27f49ba651f7e230dc88) Importer(2089858483,192608db42251d675da83286b1cce702) (ScriptedImporter) -> (artifact id: '3b06f54ce2dff9aad1ebf7426c01d5ef') in 0.0347549 seconds
Number of updated asset objects reloaded before import = 0Number of asset objects unloaded after import = 6

========================================================================
Received Import Request.
  Time since last request: 0.000031 seconds.
  path: Assets/Sprites/Objects/Doors/Animation/Door 1/Door 1.controller
  artifactKey: Guid(22d08c23228d68548ae5a36d6ccaa46c) Importer(2089858483,192608db42251d675da83286b1cce702)
Start importing Assets/Sprites/Objects/Doors/Animation/Door 1/Door 1.controller using Guid(22d08c23228d68548ae5a36d6ccaa46c) Importer(2089858483,192608db42251d675da83286b1cce702) (ScriptedImporter) -> (artifact id: 'dfac0ffd28d1b45074887ba9530b6286') in 0.0429548 seconds
Number of updated asset objects reloaded before import = 0Number of asset objects unloaded after import = 7

========================================================================
Received Import Request.
  Time since last request: 0.000041 seconds.
  path: Assets/Scripts/UI Scripts/Habilities/Hability4.cs
  artifactKey: Guid(d4dc1c09a1e8ccb48b8601e9b70f5978) Importer(2089858483,192608db42251d675da83286b1cce702)
Start importing Assets/Scripts/UI Scripts/Habilities/Hability4.cs using Guid(d4dc1c09a1e8ccb48b8601e9b70f5978) Importer(2089858483,192608db42251d675da83286b1cce702) (ScriptedImporter) -> (artifact id: '0c2723a64002926ae1e2c59f721596a4') in 0.044545 seconds
Number of updated asset objects reloaded before import = 0Number of asset objects unloaded after import = 0

========================================================================
Received Import Request.
  Time since last request: 0.000078 seconds.
  path: Assets/UI/HUD/Arrow down.png
  artifactKey: Guid(c07a8eac525973d4593b71e258673205) Importer(2089858483,192608db42251d675da83286b1cce702)
Start importing Assets/UI/HUD/Arrow down.png using Guid(c07a8eac525973d4593b71e258673205) Importer(2089858483,192608db42251d675da83286b1cce702) (ScriptedImporter) -> (artifact id: '44aad01c7761ae949d8ec04c5f85e679') in 0.0544941 seconds
Number of updated asset objects reloaded before import = 0Number of asset objects unloaded after import = 3

========================================================================
Received Import Request.
  Time since last request: 0.000048 seconds.
  path: Assets/TextMesh Pro/Examples & Extras/Materials/Ground - Logo Scene.mat
  artifactKey: Guid(c719e38f25a9480abd2480ab621a2949) Importer(2089858483,192608db42251d675da83286b1cce702)
Start importing Assets/TextMesh Pro/Examples & Extras/Materials/Ground - Logo Scene.mat using Guid(c719e38f25a9480abd2480ab621a2949) Importer(2089858483,192608db42251d675da83286b1cce702) (ScriptedImporter) -> (artifact id: '34c454d72840894f926f464407aa5986') in 0.0472808 seconds
Number of updated asset objects reloaded before import = 0Number of asset objects unloaded after import = 2

========================================================================
Received Import Request.
  Time since last request: 0.000085 seconds.
  path: Assets/Scripts/UI Scripts/Habilities/Hability3.cs
  artifactKey: Guid(9ab9e878742fa314db0259f687534947) Importer(2089858483,192608db42251d675da83286b1cce702)
Start importing Assets/Scripts/UI Scripts/Habilities/Hability3.cs using Guid(9ab9e878742fa314db0259f687534947) Importer(2089858483,192608db42251d675da83286b1cce702) (ScriptedImporter) -> (artifact id: '08885de8e8619a0f766447eb085e5e9a') in 0.0514628 seconds
Number of updated asset objects reloaded before import = 0Number of asset objects unloaded after import = 0

========================================================================
Received Import Request.
  Time since last request: 0.000087 seconds.
  path: Assets/Sprites/Habilities/Hability 3 & 4/pixel_cactus.png
  artifactKey: Guid(3ea31e72fb1df9e4baf728755c5dbdbf) Importer(2089858483,192608db42251d675da83286b1cce702)
Start importing Assets/Sprites/Habilities/Hability 3 & 4/pixel_cactus.png using Guid(3ea31e72fb1df9e4baf728755c5dbdbf) Importer(2089858483,192608db42251d675da83286b1cce702) (ScriptedImporter) -> (artifact id: 'fb430106ff8af4d109d24ce2774f7ac4') in 0.0777138 seconds
Number of updated asset objects reloaded before import = 0Number of asset objects unloaded after import = 8

========================================================================
Received Import Request.
  Time since last request: 0.000045 seconds.
  path: Assets/Tilemap/Tilesets/Tileset Fase 1/Tileset_ground_31.asset
  artifactKey: Guid(b68ae1758892afb4c89051b39f2da1af) Importer(2089858483,192608db42251d675da83286b1cce702)
Start importing Assets/Tilemap/Tilesets/Tileset Fase 1/Tileset_ground_31.asset using Guid(b68ae1758892afb4c89051b39f2da1af) Importer(2089858483,192608db42251d675da83286b1cce702) (ScriptedImporter) -> (artifact id: '01046d649530149c948abb41816bd4a7') in 0.0407161 seconds
Number of updated asset objects reloaded before import = 0Number of asset objects unloaded after import = 2

========================================================================
Received Import Request.
  Time since last request: 0.000502 seconds.
  path: Assets/TextMesh Pro/Examples & Extras/Textures/Brushed Metal 3.jpg
  artifactKey: Guid(f88677df267a41d6be1e7a6133e7d227) Importer(2089858483,192608db42251d675da83286b1cce702)
Start importing Assets/TextMesh Pro/Examples & Extras/Textures/Brushed Metal 3.jpg using Guid(f88677df267a41d6be1e7a6133e7d227) Importer(2089858483,192608db42251d675da83286b1cce702) (ScriptedImporter) -> (artifact id: 'c56f2b57451f07c526135f7b1f5ccdf9') in 0.0919466 seconds
Number of updated asset objects reloaded before import = 0Number of asset objects unloaded after import = 1

========================================================================
Received Import Request.
  Time since last request: 0.000093 seconds.
  path: Assets/Tilemap/Tilesets/Tileset Tutorial/BRICKS.png
  artifactKey: Guid(2eebb0d2dea4805409351d176f2ced3f) Importer(2089858483,192608db42251d675da83286b1cce702)
Start importing Assets/Tilemap/Tilesets/Tileset Tutorial/BRICKS.png using Guid(2eebb0d2dea4805409351d176f2ced3f) Importer(2089858483,192608db42251d675da83286b1cce702) (ScriptedImporter) -> (artifact id: 'f0dabb15622429cc357ed65b05262b71') in 0.1048618 seconds
Number of updated asset objects reloaded before import = 0Number of asset objects unloaded after import = 3

========================================================================
Received Import Request.
  Time since last request: 0.000057 seconds.
  path: Assets/Tilemap/Tilesets/Tileset Fase 1/Tileset_ground_29.asset
  artifactKey: Guid(716b5bcf06938de4bbabc266afb924d5) Importer(2089858483,192608db42251d675da83286b1cce702)
Start importing Assets/Tilemap/Tilesets/Tileset Fase 1/Tileset_ground_29.asset using Guid(716b5bcf06938de4bbabc266afb924d5) Importer(2089858483,192608db42251d675da83286b1cce702) (ScriptedImporter) -> (artifact id: '00f678a037004849b666f2faaeb9a65a') in 0.051644 seconds
Number of updated asset objects reloaded before import = 0Number of asset objects unloaded after import = 2

========================================================================
Received Import Request.
  Time since last request: 0.000174 seconds.
  path: Assets/Tilemap/Tilesets/Tileset Fase 1/Tileset_ground_48.asset
  artifactKey: Guid(99b9fcae729050f40bdeeaafc32801c4) Importer(2089858483,192608db42251d675da83286b1cce702)
Start importing Assets/Tilemap/Tilesets/Tileset Fase 1/Tileset_ground_48.asset using Guid(99b9fcae729050f40bdeeaafc32801c4) Importer(2089858483,192608db42251d675da83286b1cce702) (ScriptedImporter) -> (artifact id: 'fbaa1b784d80e829e2c46479b6f44f08') in 0.068722 seconds
Number of updated asset objects reloaded before import = 0Number of asset objects unloaded after import = 2

========================================================================
Received Import Request.
  Time since last request: 0.000080 seconds.
  path: Assets/TextMesh Pro/Examples & Extras/Scripts/TMP_TextEventCheck.cs
  artifactKey: Guid(d736ce056cf444ca96e424f4d9c42b76) Importer(2089858483,192608db42251d675da83286b1cce702)
Start importing Assets/TextMesh Pro/Examples & Extras/Scripts/TMP_TextEventCheck.cs using Guid(d736ce056cf444ca96e424f4d9c42b76) Importer(2089858483,192608db42251d675da83286b1cce702) (ScriptedImporter) -> (artifact id: 'd5efc93e8ef528ad05703d9b10e9811a') in 0.0654789 seconds
Number of updated asset objects reloaded before import = 0Number of asset objects unloaded after import = 0

========================================================================
Received Import Request.
  Time since last request: 0.000084 seconds.
  path: Assets/Sprites/Habilities/Hability 5 & 6/Carol Shaw 40x40 1.PNG
  artifactKey: Guid(6dd72112d15a52a439c118da32f22fe1) Importer(2089858483,192608db42251d675da83286b1cce702)
Start importing Assets/Sprites/Habilities/Hability 5 & 6/Carol Shaw 40x40 1.PNG using Guid(6dd72112d15a52a439c118da32f22fe1) Importer(2089858483,192608db42251d675da83286b1cce702) (ScriptedImporter) -> (artifact id: 'c8a145916ca85a6d5b912a5a4848d1b6') in 0.051299 seconds
Number of updated asset objects reloaded before import = 0Number of asset objects unloaded after import = 3

========================================================================
Received Import Request.
  Time since last request: 0.000042 seconds.
  path: Assets/Tilemap/Tilesets/Tileset Tutorial/BRICKSBOTMID.png
  artifactKey: Guid(8ed0ec101cce0104c815caa567a88303) Importer(2089858483,192608db42251d675da83286b1cce702)
Start importing Assets/Tilemap/Tilesets/Tileset Tutorial/BRICKSBOTMID.png using Guid(8ed0ec101cce0104c815caa567a88303) Importer(2089858483,192608db42251d675da83286b1cce702) (ScriptedImporter) -> (artifact id: '15d58bb7bb05ab7809137af0b539bad1') in 0.0665846 seconds
Number of updated asset objects reloaded before import = 0Number of asset objects unloaded after import = 3

========================================================================
Received Import Request.
  Time since last request: 0.000038 seconds.
  path: Assets/Sprites/Objects/Boss 1/Animations/defeated.anim
  artifactKey: Guid(d7c51872c19a17e409cfcf3c50a9391b) Importer(2089858483,192608db42251d675da83286b1cce702)
Start importing Assets/Sprites/Objects/Boss 1/Animations/defeated.anim using Guid(d7c51872c19a17e409cfcf3c50a9391b) Importer(2089858483,192608db42251d675da83286b1cce702) (ScriptedImporter) -> (artifact id: '73e28eaee4020d8e8c646b98e4991997') in 0.0463683 seconds
Number of updated asset objects reloaded before import = 0Number of asset objects unloaded after import = 1

========================================================================
Received Import Request.
  Time since last request: 0.000082 seconds.
  path: Assets/Sprites/Habilities/Hability 5 & 6/River Raid Reference_Error.mp4
  artifactKey: Guid(82d93019b56b9ad4995bfc70fd0a3c17) Importer(2089858483,192608db42251d675da83286b1cce702)
Start importing Assets/Sprites/Habilities/Hability 5 & 6/River Raid Reference_Error.mp4 using Guid(82d93019b56b9ad4995bfc70fd0a3c17) Importer(2089858483,192608db42251d675da83286b1cce702) (ScriptedImporter) -> (artifact id: '1d83d6126977314ab299a060aff780e8') in 0.0355539 seconds
Number of updated asset objects reloaded before import = 0Number of asset objects unloaded after import = 1

========================================================================
Received Import Request.
  Time since last request: 0.000044 seconds.
  path: Assets/Scenes/Boss Fase 1.unity
  artifactKey: Guid(c82524926e12d3141bf2dc34660afce3) Importer(2089858483,192608db42251d675da83286b1cce702)
Start importing Assets/Scenes/Boss Fase 1.unity using Guid(c82524926e12d3141bf2dc34660afce3) Importer(2089858483,192608db42251d675da83286b1cce702) (ScriptedImporter) -> (artifact id: 'a831e8649d219a006c569c97157c35b3') in 0.110049 seconds
Number of updated asset objects reloaded before import = 0Number of asset objects unloaded after import = 1

========================================================================
Received Import Request.
  Time since last request: 0.000048 seconds.
  path: Assets/Sprites/Objects/Player/jumping.PNG
  artifactKey: Guid(112fa144250f3ab4da2cbdaff3a5f00e) Importer(2089858483,192608db42251d675da83286b1cce702)
Start importing Assets/Sprites/Objects/Player/jumping.PNG using Guid(112fa144250f3ab4da2cbdaff3a5f00e) Importer(2089858483,192608db42251d675da83286b1cce702) (ScriptedImporter) -> (artifact id: 'b5a2402ae4cea1ff3e6757049cfe265f') in 0.0687403 seconds
Number of updated asset objects reloaded before import = 0Number of asset objects unloaded after import = 6

========================================================================
Received Import Request.
  Time since last request: 0.000072 seconds.
  path: Assets/Tilemap/Tilesets/Tileset Fase 1/Tileset_ground_4.asset
  artifactKey: Guid(a2f056e8d8b26af4d83ed806b866d216) Importer(2089858483,192608db42251d675da83286b1cce702)
Start importing Assets/Tilemap/Tilesets/Tileset Fase 1/Tileset_ground_4.asset using Guid(a2f056e8d8b26af4d83ed806b866d216) Importer(2089858483,192608db42251d675da83286b1cce702) (ScriptedImporter) -> (artifact id: '34ceeac360be8c9c0deab18f64f272a6') in 0.0413943 seconds
Number of updated asset objects reloaded before import = 0Number of asset objects unloaded after import = 2

========================================================================
Received Import Request.
  Time since last request: 0.000247 seconds.
  path: Assets/Scripts/Bosses/Boss2/Boss2_Attack.cs
  artifactKey: Guid(534ef7c85f845694792faa4c4698a6e5) Importer(2089858483,192608db42251d675da83286b1cce702)
Start importing Assets/Scripts/Bosses/Boss2/Boss2_Attack.cs using Guid(534ef7c85f845694792faa4c4698a6e5) Importer(2089858483,192608db42251d675da83286b1cce702) (ScriptedImporter) -> (artifact id: 'c64fbd7f68064fd969dafcdd9769fbf3') in 0.0330853 seconds
Number of updated asset objects reloaded before import = 0Number of asset objects unloaded after import = 0

========================================================================
Received Import Request.
  Time since last request: 0.000039 seconds.
  path: Assets/UI/Fonts/PaytoneOne-Regular SDF.asset
  artifactKey: Guid(aef4f7eebd342cd4e9f1eb7b8a541c97) Importer(2089858483,192608db42251d675da83286b1cce702)
Start importing Assets/UI/Fonts/PaytoneOne-Regular SDF.asset using Guid(aef4f7eebd342cd4e9f1eb7b8a541c97) Importer(2089858483,192608db42251d675da83286b1cce702) (ScriptedImporter) -> (artifact id: '836d60185b24ef3b2828c46b0b26a8e2') in 0.2596149 seconds
Number of updated asset objects reloaded before import = 0Number of asset objects unloaded after import = 3

========================================================================
Received Import Request.
  Time since last request: 0.000071 seconds.
  path: Assets/Scripts/Bosses/Boss1/ArrowDown.cs
  artifactKey: Guid(399b7c9b44383d84ab05f9b8df777844) Importer(2089858483,192608db42251d675da83286b1cce702)
Start importing Assets/Scripts/Bosses/Boss1/ArrowDown.cs using Guid(399b7c9b44383d84ab05f9b8df777844) Importer(2089858483,192608db42251d675da83286b1cce702) (ScriptedImporter) -> (artifact id: '3397d6235f8a86b20b209a14b9740ba7') in 0.0301998 seconds
Number of updated asset objects reloaded before import = 0Number of asset objects unloaded after import = 0

========================================================================
Received Import Request.
  Time since last request: 0.000036 seconds.
  path: Assets/Tilemap/Tilesets/Tileset Fase 1/Tileset_ground_43.asset
  artifactKey: Guid(02686a2964f942e4bb9f5d34b43b88c1) Importer(2089858483,192608db42251d675da83286b1cce702)
Start importing Assets/Tilemap/Tilesets/Tileset Fase 1/Tileset_ground_43.asset using Guid(02686a2964f942e4bb9f5d34b43b88c1) Importer(2089858483,192608db42251d675da83286b1cce702) (ScriptedImporter) -> (artifact id: '256619c81f7052ab9ce8dba8f2856576') in 0.0416661 seconds
Number of updated asset objects reloaded before import = 0Number of asset objects unloaded after import = 2

========================================================================
Received Import Request.
  Time since last request: 0.000033 seconds.
  path: Assets/Scripts/Player/PlayerAnimation.cs
  artifactKey: Guid(a2003e0f58ad9d64483793428122aeb3) Importer(2089858483,192608db42251d675da83286b1cce702)
Start importing Assets/Scripts/Player/PlayerAnimation.cs using Guid(a2003e0f58ad9d64483793428122aeb3) Importer(2089858483,192608db42251d675da83286b1cce702) (ScriptedImporter) -> (artifact id: '3c18ba415731dfc6de6b9ad6296298ab') in 0.0362851 seconds
Number of updated asset objects reloaded before import = 0Number of asset objects unloaded after import = 0

========================================================================
Received Import Request.
  Time since last request: 0.000059 seconds.
  path: Assets/Tilemap/Tilesets/Tileset Fase 2/slope_sheet.png
  artifactKey: Guid(9cbdd78ba619da44fa558b12fab87bea) Importer(2089858483,192608db42251d675da83286b1cce702)
Start importing Assets/Tilemap/Tilesets/Tileset Fase 2/slope_sheet.png using Guid(9cbdd78ba619da44fa558b12fab87bea) Importer(2089858483,192608db42251d675da83286b1cce702) (ScriptedImporter) -> (artifact id: 'd5e8d8079006505d5edebf5756cb99fa') in 0.0654909 seconds
Number of updated asset objects reloaded before import = 0Number of asset objects unloaded after import = 3

========================================================================
Received Import Request.
  Time since last request: 0.000028 seconds.
  path: Assets/Scripts/Items & Collectables/CollectableCard.cs
  artifactKey: Guid(b5a2eab57ba01654191c5ee6ef101add) Importer(2089858483,192608db42251d675da83286b1cce702)
Start importing Assets/Scripts/Items & Collectables/CollectableCard.cs using Guid(b5a2eab57ba01654191c5ee6ef101add) Importer(2089858483,192608db42251d675da83286b1cce702) (ScriptedImporter) -> (artifact id: 'a4e54379b773a2a1c00cbd23759e085c') in 0.0331275 seconds
Number of updated asset objects reloaded before import = 0Number of asset objects unloaded after import = 0

========================================================================
Received Import Request.
  Time since last request: 0.000032 seconds.
  path: Assets/TextMesh Pro/Examples & Extras/Textures/Small Crate_diffuse.jpg
  artifactKey: Guid(602cb87b6a29443b8636370ea0751574) Importer(2089858483,192608db42251d675da83286b1cce702)
Start importing Assets/TextMesh Pro/Examples & Extras/Textures/Small Crate_diffuse.jpg using Guid(602cb87b6a29443b8636370ea0751574) Importer(2089858483,192608db42251d675da83286b1cce702) (ScriptedImporter) -> (artifact id: '863429ae66be73c5d8c4e36a17264c9c') in 0.0501647 seconds
Number of updated asset objects reloaded before import = 0Number of asset objects unloaded after import = 1

========================================================================
Received Import Request.
  Time since last request: 0.000068 seconds.
  path: Assets/TextMesh Pro/Shaders/TMPro_Surface.cginc
  artifactKey: Guid(d930090c0cd643c7b55f19a38538c162) Importer(2089858483,192608db42251d675da83286b1cce702)
Start importing Assets/TextMesh Pro/Shaders/TMPro_Surface.cginc using Guid(d930090c0cd643c7b55f19a38538c162) Importer(2089858483,192608db42251d675da83286b1cce702) (ScriptedImporter) -> (artifact id: 'f26b32a4cae24618f71057a62905951c') in 0.0517403 seconds
Number of updated asset objects reloaded before import = 0Number of asset objects unloaded after import = 1

========================================================================
Received Prepare
Assembly reference Packages/com.unity.cinemachine/Editor/Samples/ExposeHDRPInternals/HDRP-Editor-ref.asmref has no target assembly definition
Assembly reference Packages/com.unity.cinemachine/Editor/Samples/ExposeHDRPInternals/HDRP-Editor-ref.asmref has no target assembly definition
Begin MonoManager ReloadAssembly
DirectoryNotFoundException: Could not find a part of the path "C:\Users\joser\OneDrive\Área de Trabalho\PROJETO\mermas-digitais-o-jogo-dev  -[2025_08_28]\mermas-digitais-o-jogo-dev\Mermãs Digitais O Jogo\Library\PackageCache\com.unity.visualscripting\Editor\VisualScripting.Core\Dependencies\YamlDotNet\Unity.VisualScripting.YamlDotNet.dll"
  at System.IO.FileStream..ctor (System.String path, System.IO.FileMode mode, System.IO.FileAccess access, System.IO.FileShare share, System.Int32 bufferSize, System.Boolean anonymous, System.IO.FileOptions options) [0x0019e] in <ed969b0e627d471da4848289f9c322df>:0 
  at System.IO.FileStream..ctor (System.String path, System.IO.FileMode mode, System.IO.FileAccess access, System.IO.FileShare share) [0x00000] in <ed969b0e627d471da4848289f9c322df>:0 
  at (wrapper remoting-invoke-with-check) System.IO.FileStream..ctor(string,System.IO.FileMode,System.IO.FileAccess,System.IO.FileShare)
  at Mono.Cecil.ModuleDefinition.GetFileStream (System.String fileName, System.IO.FileMode mode, System.IO.FileAccess access, System.IO.FileShare share) [0x00006] in <a6860a9f6366437387ebdc1f225b7fd4>:0 
  at Mono.Cecil.ModuleDefinition.ReadModule (System.String fileName, Mono.Cecil.ReaderParameters parameters) [0x00008] in <a6860a9f6366437387ebdc1f225b7fd4>:0 
  at Mono.Cecil.AssemblyDefinition.ReadAssembly (System.String fileName, Mono.Cecil.ReaderParameters parameters) [0x00000] in <a6860a9f6366437387ebdc1f225b7fd4>:0 
  at UnityEditor.AssemblyValidation.LoadAssemblyDefinitions (System.String[] assemblyPaths, System.String[] searchPaths) [0x00048] in <20f98a04ac634cc8bf5f95425bb19bb9>:0 
  at UnityEditor.AssemblyValidation.ValidateAssemblies (System.String[] assemblyPaths, System.Boolean enableLogging) [0x00007] in <20f98a04ac634cc8bf5f95425bb19bb9>:0 

- Loaded All Assemblies, in  1.952 seconds
Assembly reference Packages/com.unity.cinemachine/Editor/Samples/ExposeHDRPInternals/HDRP-Editor-ref.asmref has no target assembly definition
'Packages/com.unity.cinemachine/Editor/Obsolete/CinemachineVirtualCameraBaseEditor.cs' contains partial class of Unity.Object, exactly 1 of the partial classes needs to be in a file with the same filename. This is to know the one that can be referenced from ie. GameObjects
'Packages/com.unity.cinemachine/Editor/Editors/CinemachineVirtualCameraBaseEditor.cs' contains partial class of Unity.Object, exactly 1 of the partial classes needs to be in a file with the same filename. This is to know the one that can be referenced from ie. GameObjects
Refreshing native plugins compatible for Editor in 9.05 ms, found 4 plugins.
Native extension for WindowsStandalone target not found
Assembly reference Packages/com.unity.cinemachine/Editor/Samples/ExposeHDRPInternals/HDRP-Editor-ref.asmref has no target assembly definition
[Package Manager] Failed to launch server process. Reason: Unity was launched with the -noUpm command-line argument
[Package Manager] Unable to send message (not connected to server process).
[Package Manager] Cannot connect to Unity Package Manager local server
Mono: successfully reloaded assembly
- Finished resetting the current domain, in  2.511 seconds
Domain Reload Profiling: 4460ms
	BeginReloadAssembly (683ms)
		ExecutionOrderSort (0ms)
		DisableScriptedObjects (49ms)
		BackupInstance (0ms)
		ReleaseScriptingObjects (1ms)
		CreateAndSetChildDomain (280ms)
	RebuildCommonClasses (103ms)
	RebuildNativeTypeToScriptingClass (24ms)
	initialDomainReloadingComplete (75ms)
	LoadAllAssembliesAndSetupDomain (1063ms)
		LoadAssemblies (657ms)
		RebuildTransferFunctionScriptingTraits (0ms)
		AnalyzeDomain (652ms)
			TypeCache.Refresh (18ms)
				TypeCache.ScanAssembly (0ms)
			BuildScriptInfoCaches (600ms)
			ResolveRequiredComponents (26ms)
	FinalizeReload (2512ms)
		ReleaseScriptCaches (0ms)
		RebuildScriptCaches (0ms)
		SetupLoadedEditorAssemblies (1990ms)
			LogAssemblyErrors (0ms)
			InitializePlatformSupportModulesInManaged (6ms)
			SetLoadedEditorAssemblies (15ms)
			BeforeProcessingInitializeOnLoad (255ms)
			ProcessInitializeOnLoadAttributes (1497ms)
			ProcessInitializeOnLoadMethodAttributes (185ms)
			AfterProcessingInitializeOnLoad (31ms)
			EditorAssembliesLoaded (1ms)
		ExecutionOrderSort2 (0ms)
		AwakeInstancesAfterBackupRestoration (38ms)
Refreshing native plugins compatible for Editor in 3.51 ms, found 4 plugins.
Preloading 0 native plugins for Editor in 0.00 ms.
Unloading 19 Unused Serialized files (Serialized files now loaded: 0)
Unloading 7033 unused Assets / (4.6 MB). Loaded Objects now: 7733.
Memory consumption went from 147.2 MB to 142.6 MB.
Total: 22.507400 ms (FindLiveObjects: 2.401200 ms CreateObjectMapping: 1.926600 ms MarkObjects: 10.689600 ms  DeleteObjects: 7.486800 ms)

Prepare: number of updated asset objects reloaded= 0
========================================================================
Received Import Request.
  Time since last request: 1488.562195 seconds.
  path: Assets/Scenes/Fase 3.unity
  artifactKey: Guid(75e153ae6241a0642adbf199068b9ebf) Importer(815301076,1909f56bfc062723c751e8b465ee728b)
Start importing Assets/Scenes/Fase 3.unity using Guid(75e153ae6241a0642adbf199068b9ebf) Importer(815301076,1909f56bfc062723c751e8b465ee728b) (PreviewImporter) -> (artifact id: '4821bc0be672a2fd95d2b02f05f98a23') in 0.0800013 seconds
Number of updated asset objects reloaded before import = 0Number of asset objects unloaded after import = 0

========================================================================
Received Prepare
Assembly reference Packages/com.unity.cinemachine/Editor/Samples/ExposeHDRPInternals/HDRP-Editor-ref.asmref has no target assembly definition
Assembly reference Packages/com.unity.cinemachine/Editor/Samples/ExposeHDRPInternals/HDRP-Editor-ref.asmref has no target assembly definition
Begin MonoManager ReloadAssembly
DirectoryNotFoundException: Could not find a part of the path "C:\Users\joser\OneDrive\Área de Trabalho\PROJETO\mermas-digitais-o-jogo-dev  -[2025_08_28]\mermas-digitais-o-jogo-dev\Mermãs Digitais O Jogo\Library\PackageCache\com.unity.visualscripting\Editor\VisualScripting.Core\Dependencies\YamlDotNet\Unity.VisualScripting.YamlDotNet.dll"
  at System.IO.FileStream..ctor (System.String path, System.IO.FileMode mode, System.IO.FileAccess access, System.IO.FileShare share, System.Int32 bufferSize, System.Boolean anonymous, System.IO.FileOptions options) [0x0019e] in <ed969b0e627d471da4848289f9c322df>:0 
  at System.IO.FileStream..ctor (System.String path, System.IO.FileMode mode, System.IO.FileAccess access, System.IO.FileShare share) [0x00000] in <ed969b0e627d471da4848289f9c322df>:0 
  at (wrapper remoting-invoke-with-check) System.IO.FileStream..ctor(string,System.IO.FileMode,System.IO.FileAccess,System.IO.FileShare)
  at Mono.Cecil.ModuleDefinition.GetFileStream (System.String fileName, System.IO.FileMode mode, System.IO.FileAccess access, System.IO.FileShare share) [0x00006] in <a6860a9f6366437387ebdc1f225b7fd4>:0 
  at Mono.Cecil.ModuleDefinition.ReadModule (System.String fileName, Mono.Cecil.ReaderParameters parameters) [0x00008] in <a6860a9f6366437387ebdc1f225b7fd4>:0 
  at Mono.Cecil.AssemblyDefinition.ReadAssembly (System.String fileName, Mono.Cecil.ReaderParameters parameters) [0x00000] in <a6860a9f6366437387ebdc1f225b7fd4>:0 
  at UnityEditor.AssemblyValidation.LoadAssemblyDefinitions (System.String[] assemblyPaths, System.String[] searchPaths) [0x00048] in <20f98a04ac634cc8bf5f95425bb19bb9>:0 
  at UnityEditor.AssemblyValidation.ValidateAssemblies (System.String[] assemblyPaths, System.Boolean enableLogging) [0x00007] in <20f98a04ac634cc8bf5f95425bb19bb9>:0 

- Loaded All Assemblies, in  2.471 seconds
Assembly reference Packages/com.unity.cinemachine/Editor/Samples/ExposeHDRPInternals/HDRP-Editor-ref.asmref has no target assembly definition
'Packages/com.unity.cinemachine/Editor/Obsolete/CinemachineVirtualCameraBaseEditor.cs' contains partial class of Unity.Object, exactly 1 of the partial classes needs to be in a file with the same filename. This is to know the one that can be referenced from ie. GameObjects
'Packages/com.unity.cinemachine/Editor/Editors/CinemachineVirtualCameraBaseEditor.cs' contains partial class of Unity.Object, exactly 1 of the partial classes needs to be in a file with the same filename. This is to know the one that can be referenced from ie. GameObjects
Refreshing native plugins compatible for Editor in 6.26 ms, found 4 plugins.
Native extension for WindowsStandalone target not found
Assembly reference Packages/com.unity.cinemachine/Editor/Samples/ExposeHDRPInternals/HDRP-Editor-ref.asmref has no target assembly definition
[Package Manager] Failed to launch server process. Reason: Unity was launched with the -noUpm command-line argument
[Package Manager] Unable to send message (not connected to server process).
[Package Manager] Cannot connect to Unity Package Manager local server
Mono: successfully reloaded assembly
- Finished resetting the current domain, in  2.482 seconds
Domain Reload Profiling: 4958ms
	BeginReloadAssembly (950ms)
		ExecutionOrderSort (0ms)
		DisableScriptedObjects (137ms)
		BackupInstance (0ms)
		ReleaseScriptingObjects (1ms)
		CreateAndSetChildDomain (311ms)
	RebuildCommonClasses (73ms)
	RebuildNativeTypeToScriptingClass (27ms)
	initialDomainReloadingComplete (63ms)
	LoadAllAssembliesAndSetupDomain (1362ms)
		LoadAssemblies (894ms)
		RebuildTransferFunctionScriptingTraits (0ms)
		AnalyzeDomain (743ms)
			TypeCache.Refresh (32ms)
				TypeCache.ScanAssembly (0ms)
			BuildScriptInfoCaches (656ms)
			ResolveRequiredComponents (31ms)
	FinalizeReload (2483ms)
		ReleaseScriptCaches (0ms)
		RebuildScriptCaches (0ms)
		SetupLoadedEditorAssemblies (1957ms)
			LogAssemblyErrors (0ms)
			InitializePlatformSupportModulesInManaged (6ms)
			SetLoadedEditorAssemblies (15ms)
			BeforeProcessingInitializeOnLoad (276ms)
			ProcessInitializeOnLoadAttributes (1446ms)
			ProcessInitializeOnLoadMethodAttributes (189ms)
			AfterProcessingInitializeOnLoad (21ms)
			EditorAssembliesLoaded (3ms)
		ExecutionOrderSort2 (0ms)
		AwakeInstancesAfterBackupRestoration (35ms)
Refreshing native plugins compatible for Editor in 5.87 ms, found 4 plugins.
Preloading 0 native plugins for Editor in 0.00 ms.
Unloading 19 Unused Serialized files (Serialized files now loaded: 0)
Unloading 7032 unused Assets / (5.5 MB). Loaded Objects now: 7735.
Memory consumption went from 147.2 MB to 141.7 MB.
Total: 29.044900 ms (FindLiveObjects: 3.826300 ms CreateObjectMapping: 2.289000 ms MarkObjects: 14.439900 ms  DeleteObjects: 8.483100 ms)

Prepare: number of updated asset objects reloaded= 0
========================================================================
Received Prepare
'Packages/com.unity.cinemachine/Editor/Obsolete/CinemachineVirtualCameraBaseEditor.cs' contains partial class of Unity.Object, exactly 1 of the partial classes needs to be in a file with the same filename. This is to know the one that can be referenced from ie. GameObjects
'Packages/com.unity.cinemachine/Editor/Editors/CinemachineVirtualCameraBaseEditor.cs' contains partial class of Unity.Object, exactly 1 of the partial classes needs to be in a file with the same filename. This is to know the one that can be referenced from ie. GameObjects
Refreshing native plugins compatible for Editor in 8.01 ms, found 4 plugins.
Preloading 0 native plugins for Editor in 0.00 ms.
Unloading 14 Unused Serialized files (Serialized files now loaded: 0)
Unloading 7021 unused Assets / (5.0 MB). Loaded Objects now: 7735.
Memory consumption went from 147.2 MB to 142.2 MB.
Total: 132.157700 ms (FindLiveObjects: 5.446800 ms CreateObjectMapping: 1.967100 ms MarkObjects: 114.444900 ms  DeleteObjects: 10.291200 ms)

Prepare: number of updated asset objects reloaded= 0
========================================================================
Received Prepare
Assembly reference Packages/com.unity.cinemachine/Editor/Samples/ExposeHDRPInternals/HDRP-Editor-ref.asmref has no target assembly definition
Assembly reference Packages/com.unity.cinemachine/Editor/Samples/ExposeHDRPInternals/HDRP-Editor-ref.asmref has no target assembly definition
Begin MonoManager ReloadAssembly
DirectoryNotFoundException: Could not find a part of the path "C:\Users\joser\OneDrive\Área de Trabalho\PROJETO\mermas-digitais-o-jogo-dev  -[2025_08_28]\mermas-digitais-o-jogo-dev\Mermãs Digitais O Jogo\Library\PackageCache\com.unity.visualscripting\Editor\VisualScripting.Core\Dependencies\YamlDotNet\Unity.VisualScripting.YamlDotNet.dll"
  at System.IO.FileStream..ctor (System.String path, System.IO.FileMode mode, System.IO.FileAccess access, System.IO.FileShare share, System.Int32 bufferSize, System.Boolean anonymous, System.IO.FileOptions options) [0x0019e] in <ed969b0e627d471da4848289f9c322df>:0 
  at System.IO.FileStream..ctor (System.String path, System.IO.FileMode mode, System.IO.FileAccess access, System.IO.FileShare share) [0x00000] in <ed969b0e627d471da4848289f9c322df>:0 
  at (wrapper remoting-invoke-with-check) System.IO.FileStream..ctor(string,System.IO.FileMode,System.IO.FileAccess,System.IO.FileShare)
  at Mono.Cecil.ModuleDefinition.GetFileStream (System.String fileName, System.IO.FileMode mode, System.IO.FileAccess access, System.IO.FileShare share) [0x00006] in <a6860a9f6366437387ebdc1f225b7fd4>:0 
  at Mono.Cecil.ModuleDefinition.ReadModule (System.String fileName, Mono.Cecil.ReaderParameters parameters) [0x00008] in <a6860a9f6366437387ebdc1f225b7fd4>:0 
  at Mono.Cecil.AssemblyDefinition.ReadAssembly (System.String fileName, Mono.Cecil.ReaderParameters parameters) [0x00000] in <a6860a9f6366437387ebdc1f225b7fd4>:0 
  at UnityEditor.AssemblyValidation.LoadAssemblyDefinitions (System.String[] assemblyPaths, System.String[] searchPaths) [0x00048] in <20f98a04ac634cc8bf5f95425bb19bb9>:0 
  at UnityEditor.AssemblyValidation.ValidateAssemblies (System.String[] assemblyPaths, System.Boolean enableLogging) [0x00007] in <20f98a04ac634cc8bf5f95425bb19bb9>:0 

- Loaded All Assemblies, in  2.471 seconds
Assembly reference Packages/com.unity.cinemachine/Editor/Samples/ExposeHDRPInternals/HDRP-Editor-ref.asmref has no target assembly definition
'Packages/com.unity.cinemachine/Editor/Obsolete/CinemachineVirtualCameraBaseEditor.cs' contains partial class of Unity.Object, exactly 1 of the partial classes needs to be in a file with the same filename. This is to know the one that can be referenced from ie. GameObjects
'Packages/com.unity.cinemachine/Editor/Editors/CinemachineVirtualCameraBaseEditor.cs' contains partial class of Unity.Object, exactly 1 of the partial classes needs to be in a file with the same filename. This is to know the one that can be referenced from ie. GameObjects
Refreshing native plugins compatible for Editor in 7.45 ms, found 4 plugins.
Native extension for WindowsStandalone target not found
Assembly reference Packages/com.unity.cinemachine/Editor/Samples/ExposeHDRPInternals/HDRP-Editor-ref.asmref has no target assembly definition
[Package Manager] Failed to launch server process. Reason: Unity was launched with the -noUpm command-line argument
[Package Manager] Unable to send message (not connected to server process).
[Package Manager] Cannot connect to Unity Package Manager local server
Mono: successfully reloaded assembly
- Finished resetting the current domain, in  2.603 seconds
Domain Reload Profiling: 5080ms
	BeginReloadAssembly (886ms)
		ExecutionOrderSort (0ms)
		DisableScriptedObjects (84ms)
		BackupInstance (0ms)
		ReleaseScriptingObjects (1ms)
		CreateAndSetChildDomain (317ms)
	RebuildCommonClasses (68ms)
	RebuildNativeTypeToScriptingClass (24ms)
	initialDomainReloadingComplete (65ms)
	LoadAllAssembliesAndSetupDomain (1432ms)
		LoadAssemblies (900ms)
		RebuildTransferFunctionScriptingTraits (0ms)
		AnalyzeDomain (877ms)
			TypeCache.Refresh (57ms)
				TypeCache.ScanAssembly (3ms)
			BuildScriptInfoCaches (745ms)
			ResolveRequiredComponents (32ms)
	FinalizeReload (2605ms)
		ReleaseScriptCaches (0ms)
		RebuildScriptCaches (0ms)
		SetupLoadedEditorAssemblies (2049ms)
			LogAssemblyErrors (0ms)
			InitializePlatformSupportModulesInManaged (10ms)
			SetLoadedEditorAssemblies (18ms)
			BeforeProcessingInitializeOnLoad (320ms)
			ProcessInitializeOnLoadAttributes (1490ms)
			ProcessInitializeOnLoadMethodAttributes (178ms)
			AfterProcessingInitializeOnLoad (29ms)
			EditorAssembliesLoaded (4ms)
		ExecutionOrderSort2 (0ms)
		AwakeInstancesAfterBackupRestoration (35ms)
Refreshing native plugins compatible for Editor in 5.74 ms, found 4 plugins.
Preloading 0 native plugins for Editor in 0.00 ms.
Unloading 19 Unused Serialized files (Serialized files now loaded: 0)
Unloading 7032 unused Assets / (5.0 MB). Loaded Objects now: 7737.
Memory consumption went from 147.2 MB to 142.2 MB.
Total: 20.994700 ms (FindLiveObjects: 1.813800 ms CreateObjectMapping: 1.835100 ms MarkObjects: 11.245000 ms  DeleteObjects: 6.096600 ms)

Prepare: number of updated asset objects reloaded= 0
========================================================================
Received Import Request.
  Time since last request: 925.135763 seconds.
  path: Assets/Tilemap/Backgrounds/CutsceneBG.png
  artifactKey: Guid(e4d1ce5cb9403054cbd6f8b517c80a99) Importer(815301076,1909f56bfc062723c751e8b465ee728b)
Start importing Assets/Tilemap/Backgrounds/CutsceneBG.png using Guid(e4d1ce5cb9403054cbd6f8b517c80a99) Importer(815301076,1909f56bfc062723c751e8b465ee728b) (PreviewImporter) -> (artifact id: '6cff38572ed1ef92e1af7917358e8f5f') in 0.6543358 seconds
Number of updated asset objects reloaded before import = 0Number of asset objects unloaded after import = 3

========================================================================
Received Import Request.
  Time since last request: 0.000048 seconds.
  path: Assets/Tilemap/Backgrounds/Tutorial.png
  artifactKey: Guid(2974ca63afb4a4d4ea7998986b700547) Importer(815301076,1909f56bfc062723c751e8b465ee728b)
Start importing Assets/Tilemap/Backgrounds/Tutorial.png using Guid(2974ca63afb4a4d4ea7998986b700547) Importer(815301076,1909f56bfc062723c751e8b465ee728b) (PreviewImporter) -> (artifact id: 'bb507329038a6a80d57539bc6709eb3a') in 0.0693846 seconds
Number of updated asset objects reloaded before import = 0Number of asset objects unloaded after import = 3

========================================================================
Received Import Request.
  Time since last request: 0.000050 seconds.
  path: Assets/Tilemap/Backgrounds/Fase 3.PNG
  artifactKey: Guid(ffbb2d958ca3d6b46922c42f379acf45) Importer(815301076,1909f56bfc062723c751e8b465ee728b)
Start importing Assets/Tilemap/Backgrounds/Fase 3.PNG using Guid(ffbb2d958ca3d6b46922c42f379acf45) Importer(815301076,1909f56bfc062723c751e8b465ee728b) (PreviewImporter) -> (artifact id: 'ca6324eed0d5ca4318aada3ed2d2b2b1') in 0.0597232 seconds
Number of updated asset objects reloaded before import = 0Number of asset objects unloaded after import = 3

Editor requested this worker to shutdown with reason: Scaling down because of idle timeout
AssetImportWorker is now disconnected from the server
Process exiting
Exiting without the bug reporter. Application will terminate with return code 0