Using pre-set license
Built from '6000.0/release' branch; Version is '6000.0.29f1 (9fafe5c9db65) revision 10465253'; Using compiler version '193933523'; Build Type 'Release'
OS: 'Windows 11  (10.0.26100) 64bit CoreSingleLanguage' Language: 'pt' Physical Memory: 7916 MB
BatchMode: 1, IsHumanControllingUs: 0, StartBugReporterOnCrash: 0, Is64bit: 1, IsPro: 1

COMMAND LINE ARGUMENTS:
C:\Program Files\Unity 6000.0.29f1\Editor\Unity.exe
-adb2
-batchMode
-noUpm
-name
AssetImportWorker2
-projectPath
C:/Users/joser/OneDrive/Área de Trabalho/PROJETO/mermas-digitais-o-jogo-dev  -[2025_08_28]/mermas-digitais-o-jogo-dev/Mermãs Digitais O Jogo
-logFile
Logs/AssetImportWorker2.log
-srvPort
51128
-job-worker-count
5
-background-job-worker-count
8
-asset-garbage-collectors
1
Successfully changed project path to: C:/Users/joser/OneDrive/Área de Trabalho/PROJETO/mermas-digitais-o-jogo-dev  -[2025_08_28]/mermas-digitais-o-jogo-dev/Mermãs Digitais O Jogo
C:/Users/joser/OneDrive/Área de Trabalho/PROJETO/mermas-digitais-o-jogo-dev  -[2025_08_28]/mermas-digitais-o-jogo-dev/Mermãs Digitais O Jogo
[UnityMemory] Configuration Parameters - Can be set up in boot.config
    "memorysetup-bucket-allocator-granularity=16"
    "memorysetup-bucket-allocator-bucket-count=8"
    "memorysetup-bucket-allocator-block-size=33554432"
    "memorysetup-bucket-allocator-block-count=8"
    "memorysetup-main-allocator-block-size=16777216"
    "memorysetup-thread-allocator-block-size=16777216"
    "memorysetup-gfx-main-allocator-block-size=16777216"
    "memorysetup-gfx-thread-allocator-block-size=16777216"
    "memorysetup-cache-allocator-block-size=4194304"
    "memorysetup-typetree-allocator-block-size=2097152"
    "memorysetup-profiler-bucket-allocator-granularity=16"
    "memorysetup-profiler-bucket-allocator-bucket-count=8"
    "memorysetup-profiler-bucket-allocator-block-size=33554432"
    "memorysetup-profiler-bucket-allocator-block-count=8"
    "memorysetup-profiler-allocator-block-size=16777216"
    "memorysetup-profiler-editor-allocator-block-size=1048576"
    "memorysetup-temp-allocator-size-main=16777216"
    "memorysetup-job-temp-allocator-block-size=2097152"
    "memorysetup-job-temp-allocator-block-size-background=1048576"
    "memorysetup-job-temp-allocator-reduction-small-platforms=262144"
    "memorysetup-allocator-temp-initial-block-size-main=262144"
    "memorysetup-allocator-temp-initial-block-size-worker=262144"
    "memorysetup-temp-allocator-size-background-worker=32768"
    "memorysetup-temp-allocator-size-job-worker=262144"
    "memorysetup-temp-allocator-size-preload-manager=33554432"
    "memorysetup-temp-allocator-size-nav-mesh-worker=65536"
    "memorysetup-temp-allocator-size-audio-worker=65536"
    "memorysetup-temp-allocator-size-cloud-worker=32768"
    "memorysetup-temp-allocator-size-gi-baking-worker=262144"
    "memorysetup-temp-allocator-size-gi-baking-worker=262144"
    "memorysetup-temp-allocator-size-gi-baking-worker=262144"
    "memorysetup-temp-allocator-size-gi-baking-worker=262144"
    "memorysetup-temp-allocator-size-gi-baking-worker=262144"
    "memorysetup-temp-allocator-size-gfx=262144"
Player connection [19836]  Target information:

Player connection [19836]  * "[IP] 172.29.160.1 [Port] 0 [Flags] 2 [Guid] 1522519348 [EditorId] 1522519348 [Version] 1048832 [Id] WindowsEditor(7,Junior) [Debug] 1 [PackageName] WindowsEditor [ProjectName] Editor" 

Player connection [19836]  * "[IP] 10.0.0.196 [Port] 0 [Flags] 2 [Guid] 1522519348 [EditorId] 1522519348 [Version] 1048832 [Id] WindowsEditor(7,Junior) [Debug] 1 [PackageName] WindowsEditor [ProjectName] Editor" 

Player connection [19836] Host joined multi-casting on [225.0.0.222:54997]...
Player connection [19836] Host joined alternative multi-casting on [225.0.0.222:34997]...
JobSystem: Creating JobQueue using job-worker-count value 5
[Physics::Module] Initialized fallback backend.
[Physics::Module] Id: 0xdecafbad
Library Redirect Path: Library/
[Physics::Module] Selected backend.
[Physics::Module] Name: PhysX
[Physics::Module] Id: 0xf2b8ea05
[Physics::Module] SDK Version: 4.1.2
[Physics::Module] Integration Version: 1.0.0
[Physics::Module] Threading Mode: Multi-Threaded
Refreshing native plugins compatible for Editor in 541.60 ms, found 4 plugins.
Preloading 0 native plugins for Editor in 0.00 ms.
Initialize engine version: 6000.0.29f1 (9fafe5c9db65)
[Subsystems] Discovering subsystems at path C:/Program Files/Unity 6000.0.29f1/Editor/Data/Resources/UnitySubsystems
[Subsystems] Discovering subsystems at path C:/Users/joser/OneDrive/Área de Trabalho/PROJETO/mermas-digitais-o-jogo-dev  -[2025_08_28]/mermas-digitais-o-jogo-dev/Mermãs Digitais O Jogo/Assets
GfxDevice: creating device client; kGfxThreadingModeNonThreaded
Direct3D:
    Version:  Direct3D 11.0 [level 11.1]
    Renderer: Intel(R) UHD Graphics (ID=0x4628)
    Vendor:   Intel
    VRAM:     3958 MB
    Driver:   32.0.101.6314
Initialize mono
Mono path[0] = 'C:/Program Files/Unity 6000.0.29f1/Editor/Data/Managed'
Mono path[1] = 'C:/Program Files/Unity 6000.0.29f1/Editor/Data/MonoBleedingEdge/lib/mono/unityjit-win32'
Mono config path = 'C:/Program Files/Unity 6000.0.29f1/Editor/Data/MonoBleedingEdge/etc'
Using monoOptions --debugger-agent=transport=dt_socket,embedding=1,server=y,suspend=n,address=127.0.0.1:56768
Begin MonoManager ReloadAssembly
Registering precompiled unity dll's ...
Register platform support module: C:/Program Files/Unity 6000.0.29f1/Editor/Data/PlaybackEngines/WindowsStandaloneSupport/UnityEditor.WindowsStandalone.Extensions.dll
Registered in 0.320867 seconds.
- Loaded All Assemblies, in 20.789 seconds
Native extension for WindowsStandalone target not found
Mono: successfully reloaded assembly
- Finished resetting the current domain, in  0.780 seconds
Domain Reload Profiling: 21564ms
	BeginReloadAssembly (19827ms)
		ExecutionOrderSort (0ms)
		DisableScriptedObjects (0ms)
		BackupInstance (0ms)
		ReleaseScriptingObjects (0ms)
		CreateAndSetChildDomain (2ms)
	RebuildCommonClasses (71ms)
	RebuildNativeTypeToScriptingClass (25ms)
	initialDomainReloadingComplete (407ms)
	LoadAllAssembliesAndSetupDomain (452ms)
		LoadAssemblies (19812ms)
		RebuildTransferFunctionScriptingTraits (0ms)
		AnalyzeDomain (446ms)
			TypeCache.Refresh (442ms)
				TypeCache.ScanAssembly (411ms)
			BuildScriptInfoCaches (0ms)
			ResolveRequiredComponents (1ms)
	FinalizeReload (781ms)
		ReleaseScriptCaches (0ms)
		RebuildScriptCaches (0ms)
		SetupLoadedEditorAssemblies (701ms)
			LogAssemblyErrors (0ms)
			InitializePlatformSupportModulesInManaged (54ms)
			SetLoadedEditorAssemblies (8ms)
			BeforeProcessingInitializeOnLoad (10ms)
			ProcessInitializeOnLoadAttributes (507ms)
			ProcessInitializeOnLoadMethodAttributes (115ms)
			AfterProcessingInitializeOnLoad (6ms)
			EditorAssembliesLoaded (0ms)
		ExecutionOrderSort2 (0ms)
		AwakeInstancesAfterBackupRestoration (0ms)
Assembly reference Packages/com.unity.cinemachine/Editor/Samples/ExposeHDRPInternals/HDRP-Editor-ref.asmref has no target assembly definition
========================================================================
Worker process is ready to serve import requests
Import Worker Mode flag is 0x00
Assembly reference Packages/com.unity.cinemachine/Editor/Samples/ExposeHDRPInternals/HDRP-Editor-ref.asmref has no target assembly definition
Assembly reference Packages/com.unity.cinemachine/Editor/Samples/ExposeHDRPInternals/HDRP-Editor-ref.asmref has no target assembly definition
Begin MonoManager ReloadAssembly
DirectoryNotFoundException: Could not find a part of the path "C:\Users\joser\OneDrive\Área de Trabalho\PROJETO\mermas-digitais-o-jogo-dev  -[2025_08_28]\mermas-digitais-o-jogo-dev\Mermãs Digitais O Jogo\Library\PackageCache\com.unity.visualscripting\Editor\VisualScripting.Core\Dependencies\YamlDotNet\Unity.VisualScripting.YamlDotNet.dll"
  at System.IO.FileStream..ctor (System.String path, System.IO.FileMode mode, System.IO.FileAccess access, System.IO.FileShare share, System.Int32 bufferSize, System.Boolean anonymous, System.IO.FileOptions options) [0x0019e] in <ed969b0e627d471da4848289f9c322df>:0 
  at System.IO.FileStream..ctor (System.String path, System.IO.FileMode mode, System.IO.FileAccess access, System.IO.FileShare share) [0x00000] in <ed969b0e627d471da4848289f9c322df>:0 
  at (wrapper remoting-invoke-with-check) System.IO.FileStream..ctor(string,System.IO.FileMode,System.IO.FileAccess,System.IO.FileShare)
  at Mono.Cecil.ModuleDefinition.GetFileStream (System.String fileName, System.IO.FileMode mode, System.IO.FileAccess access, System.IO.FileShare share) [0x00006] in <a6860a9f6366437387ebdc1f225b7fd4>:0 
  at Mono.Cecil.ModuleDefinition.ReadModule (System.String fileName, Mono.Cecil.ReaderParameters parameters) [0x00008] in <a6860a9f6366437387ebdc1f225b7fd4>:0 
  at Mono.Cecil.AssemblyDefinition.ReadAssembly (System.String fileName, Mono.Cecil.ReaderParameters parameters) [0x00000] in <a6860a9f6366437387ebdc1f225b7fd4>:0 
  at UnityEditor.AssemblyValidation.LoadAssemblyDefinitions (System.String[] assemblyPaths, System.String[] searchPaths) [0x00048] in <20f98a04ac634cc8bf5f95425bb19bb9>:0 
  at UnityEditor.AssemblyValidation.ValidateAssemblies (System.String[] assemblyPaths, System.Boolean enableLogging) [0x00007] in <20f98a04ac634cc8bf5f95425bb19bb9>:0 

- Loaded All Assemblies, in  7.999 seconds
Assembly reference Packages/com.unity.cinemachine/Editor/Samples/ExposeHDRPInternals/HDRP-Editor-ref.asmref has no target assembly definition
'Packages/com.unity.cinemachine/Editor/Obsolete/CinemachineVirtualCameraBaseEditor.cs' contains partial class of Unity.Object, exactly 1 of the partial classes needs to be in a file with the same filename. This is to know the one that can be referenced from ie. GameObjects
'Packages/com.unity.cinemachine/Editor/Editors/CinemachineVirtualCameraBaseEditor.cs' contains partial class of Unity.Object, exactly 1 of the partial classes needs to be in a file with the same filename. This is to know the one that can be referenced from ie. GameObjects
Refreshing native plugins compatible for Editor in 10.95 ms, found 4 plugins.
Native extension for WindowsStandalone target not found
Assembly reference Packages/com.unity.cinemachine/Editor/Samples/ExposeHDRPInternals/HDRP-Editor-ref.asmref has no target assembly definition
Package Manager log level set to [2]
[Package Manager] Failed to launch server process. Reason: Unity was launched with the -noUpm command-line argument
[Package Manager] Unable to send message (not connected to server process).
[Package Manager] Cannot connect to Unity Package Manager local server
Mono: successfully reloaded assembly
- Finished resetting the current domain, in  2.431 seconds
Domain Reload Profiling: 10422ms
	BeginReloadAssembly (426ms)
		ExecutionOrderSort (0ms)
		DisableScriptedObjects (14ms)
		BackupInstance (0ms)
		ReleaseScriptingObjects (0ms)
		CreateAndSetChildDomain (63ms)
	RebuildCommonClasses (85ms)
	RebuildNativeTypeToScriptingClass (29ms)
	initialDomainReloadingComplete (92ms)
	LoadAllAssembliesAndSetupDomain (7357ms)
		LoadAssemblies (6886ms)
		RebuildTransferFunctionScriptingTraits (0ms)
		AnalyzeDomain (751ms)
			TypeCache.Refresh (446ms)
				TypeCache.ScanAssembly (412ms)
			BuildScriptInfoCaches (281ms)
			ResolveRequiredComponents (17ms)
	FinalizeReload (2432ms)
		ReleaseScriptCaches (0ms)
		RebuildScriptCaches (0ms)
		SetupLoadedEditorAssemblies (1870ms)
			LogAssemblyErrors (0ms)
			InitializePlatformSupportModulesInManaged (3ms)
			SetLoadedEditorAssemblies (13ms)
			BeforeProcessingInitializeOnLoad (308ms)
			ProcessInitializeOnLoadAttributes (1258ms)
			ProcessInitializeOnLoadMethodAttributes (259ms)
			AfterProcessingInitializeOnLoad (28ms)
			EditorAssembliesLoaded (1ms)
		ExecutionOrderSort2 (0ms)
		AwakeInstancesAfterBackupRestoration (17ms)
Launched and connected shader compiler UnityShaderCompiler.exe after 0.07 seconds
Refreshing native plugins compatible for Editor in 3.76 ms, found 4 plugins.
Preloading 0 native plugins for Editor in 0.00 ms.
Unloading 221 Unused Serialized files (Serialized files now loaded: 0)
Unloading 7034 unused Assets / (3.2 MB). Loaded Objects now: 7718.
Memory consumption went from 178.6 MB to 175.4 MB.
Total: 25.697500 ms (FindLiveObjects: 2.870600 ms CreateObjectMapping: 1.554300 ms MarkObjects: 12.006900 ms  DeleteObjects: 9.260400 ms)

========================================================================
Received Prepare
Assembly reference Packages/com.unity.cinemachine/Editor/Samples/ExposeHDRPInternals/HDRP-Editor-ref.asmref has no target assembly definition
Assembly reference Packages/com.unity.cinemachine/Editor/Samples/ExposeHDRPInternals/HDRP-Editor-ref.asmref has no target assembly definition
Begin MonoManager ReloadAssembly
DirectoryNotFoundException: Could not find a part of the path "C:\Users\joser\OneDrive\Área de Trabalho\PROJETO\mermas-digitais-o-jogo-dev  -[2025_08_28]\mermas-digitais-o-jogo-dev\Mermãs Digitais O Jogo\Library\PackageCache\com.unity.visualscripting\Editor\VisualScripting.Core\Dependencies\YamlDotNet\Unity.VisualScripting.YamlDotNet.dll"
  at System.IO.FileStream..ctor (System.String path, System.IO.FileMode mode, System.IO.FileAccess access, System.IO.FileShare share, System.Int32 bufferSize, System.Boolean anonymous, System.IO.FileOptions options) [0x0019e] in <ed969b0e627d471da4848289f9c322df>:0 
  at System.IO.FileStream..ctor (System.String path, System.IO.FileMode mode, System.IO.FileAccess access, System.IO.FileShare share) [0x00000] in <ed969b0e627d471da4848289f9c322df>:0 
  at (wrapper remoting-invoke-with-check) System.IO.FileStream..ctor(string,System.IO.FileMode,System.IO.FileAccess,System.IO.FileShare)
  at Mono.Cecil.ModuleDefinition.GetFileStream (System.String fileName, System.IO.FileMode mode, System.IO.FileAccess access, System.IO.FileShare share) [0x00006] in <a6860a9f6366437387ebdc1f225b7fd4>:0 
  at Mono.Cecil.ModuleDefinition.ReadModule (System.String fileName, Mono.Cecil.ReaderParameters parameters) [0x00008] in <a6860a9f6366437387ebdc1f225b7fd4>:0 
  at Mono.Cecil.AssemblyDefinition.ReadAssembly (System.String fileName, Mono.Cecil.ReaderParameters parameters) [0x00000] in <a6860a9f6366437387ebdc1f225b7fd4>:0 
  at UnityEditor.AssemblyValidation.LoadAssemblyDefinitions (System.String[] assemblyPaths, System.String[] searchPaths) [0x00048] in <20f98a04ac634cc8bf5f95425bb19bb9>:0 
  at UnityEditor.AssemblyValidation.ValidateAssemblies (System.String[] assemblyPaths, System.Boolean enableLogging) [0x00007] in <20f98a04ac634cc8bf5f95425bb19bb9>:0 

- Loaded All Assemblies, in  1.527 seconds
Assembly reference Packages/com.unity.cinemachine/Editor/Samples/ExposeHDRPInternals/HDRP-Editor-ref.asmref has no target assembly definition
'Packages/com.unity.cinemachine/Editor/Obsolete/CinemachineVirtualCameraBaseEditor.cs' contains partial class of Unity.Object, exactly 1 of the partial classes needs to be in a file with the same filename. This is to know the one that can be referenced from ie. GameObjects
'Packages/com.unity.cinemachine/Editor/Editors/CinemachineVirtualCameraBaseEditor.cs' contains partial class of Unity.Object, exactly 1 of the partial classes needs to be in a file with the same filename. This is to know the one that can be referenced from ie. GameObjects
Refreshing native plugins compatible for Editor in 5.38 ms, found 4 plugins.
Native extension for WindowsStandalone target not found
Assembly reference Packages/com.unity.cinemachine/Editor/Samples/ExposeHDRPInternals/HDRP-Editor-ref.asmref has no target assembly definition
[Package Manager] Failed to launch server process. Reason: Unity was launched with the -noUpm command-line argument
[Package Manager] Unable to send message (not connected to server process).
[Package Manager] Cannot connect to Unity Package Manager local server
Mono: successfully reloaded assembly
- Finished resetting the current domain, in  2.029 seconds
Domain Reload Profiling: 3548ms
	BeginReloadAssembly (465ms)
		ExecutionOrderSort (0ms)
		DisableScriptedObjects (24ms)
		BackupInstance (0ms)
		ReleaseScriptingObjects (0ms)
		CreateAndSetChildDomain (103ms)
	RebuildCommonClasses (73ms)
	RebuildNativeTypeToScriptingClass (29ms)
	initialDomainReloadingComplete (71ms)
	LoadAllAssembliesAndSetupDomain (880ms)
		LoadAssemblies (593ms)
		RebuildTransferFunctionScriptingTraits (0ms)
		AnalyzeDomain (540ms)
			TypeCache.Refresh (17ms)
				TypeCache.ScanAssembly (0ms)
			BuildScriptInfoCaches (493ms)
			ResolveRequiredComponents (23ms)
	FinalizeReload (2031ms)
		ReleaseScriptCaches (0ms)
		RebuildScriptCaches (0ms)
		SetupLoadedEditorAssemblies (1609ms)
			LogAssemblyErrors (0ms)
			InitializePlatformSupportModulesInManaged (5ms)
			SetLoadedEditorAssemblies (11ms)
			BeforeProcessingInitializeOnLoad (231ms)
			ProcessInitializeOnLoadAttributes (1181ms)
			ProcessInitializeOnLoadMethodAttributes (156ms)
			AfterProcessingInitializeOnLoad (24ms)
			EditorAssembliesLoaded (1ms)
		ExecutionOrderSort2 (0ms)
		AwakeInstancesAfterBackupRestoration (30ms)
Refreshing native plugins compatible for Editor in 6.52 ms, found 4 plugins.
Preloading 0 native plugins for Editor in 0.00 ms.
Unloading 19 Unused Serialized files (Serialized files now loaded: 0)
Unloading 7032 unused Assets / (4.9 MB). Loaded Objects now: 7721.
Memory consumption went from 146.0 MB to 141.2 MB.
Total: 24.520000 ms (FindLiveObjects: 1.363100 ms CreateObjectMapping: 3.328400 ms MarkObjects: 11.087700 ms  DeleteObjects: 8.738500 ms)

Prepare: number of updated asset objects reloaded= 0
========================================================================
Received Import Request.
  Time since last request: 833705.209282 seconds.
  path: Assets/Scenes/Main Menu.unity
  artifactKey: Guid(e3bca3043d43f17468d67e6b2d822978) Importer(815301076,1909f56bfc062723c751e8b465ee728b)
Start importing Assets/Scenes/Main Menu.unity using Guid(e3bca3043d43f17468d67e6b2d822978) Importer(815301076,1909f56bfc062723c751e8b465ee728b) (PreviewImporter) -> (artifact id: '08471f89aa298fe383ce2d2785255580') in 0.0234587 seconds
Number of updated asset objects reloaded before import = 0Number of asset objects unloaded after import = 0

========================================================================
Received Import Request.
  Time since last request: 402.176893 seconds.
  path: Assets/Scenes/Fase 3.unity
  artifactKey: Guid(75e153ae6241a0642adbf199068b9ebf) Importer(815301076,1909f56bfc062723c751e8b465ee728b)
Start importing Assets/Scenes/Fase 3.unity using Guid(75e153ae6241a0642adbf199068b9ebf) Importer(815301076,1909f56bfc062723c751e8b465ee728b) (PreviewImporter) -> (artifact id: 'ea5542d089787a4474ce2c74c9caa780') in 0.0042088 seconds
Number of updated asset objects reloaded before import = 0Number of asset objects unloaded after import = 0

========================================================================
Received Import Request.
  Time since last request: 1090.696267 seconds.
  path: Assets/Scenes/Tutorial.unity
  artifactKey: Guid(8c9cfa26abfee488c85f1582747f6a02) Importer(815301076,1909f56bfc062723c751e8b465ee728b)
Start importing Assets/Scenes/Tutorial.unity using Guid(8c9cfa26abfee488c85f1582747f6a02) Importer(815301076,1909f56bfc062723c751e8b465ee728b) (PreviewImporter) -> (artifact id: '8c00e853fabdc5720caf2a179fd10fca') in 0.0123853 seconds
Number of updated asset objects reloaded before import = 0Number of asset objects unloaded after import = 0

========================================================================
Received Prepare
Assembly reference Packages/com.unity.cinemachine/Editor/Samples/ExposeHDRPInternals/HDRP-Editor-ref.asmref has no target assembly definition
Assembly reference Packages/com.unity.cinemachine/Editor/Samples/ExposeHDRPInternals/HDRP-Editor-ref.asmref has no target assembly definition
Begin MonoManager ReloadAssembly
DirectoryNotFoundException: Could not find a part of the path "C:\Users\joser\OneDrive\Área de Trabalho\PROJETO\mermas-digitais-o-jogo-dev  -[2025_08_28]\mermas-digitais-o-jogo-dev\Mermãs Digitais O Jogo\Library\PackageCache\com.unity.visualscripting\Editor\VisualScripting.Core\Dependencies\YamlDotNet\Unity.VisualScripting.YamlDotNet.dll"
  at System.IO.FileStream..ctor (System.String path, System.IO.FileMode mode, System.IO.FileAccess access, System.IO.FileShare share, System.Int32 bufferSize, System.Boolean anonymous, System.IO.FileOptions options) [0x0019e] in <ed969b0e627d471da4848289f9c322df>:0 
  at System.IO.FileStream..ctor (System.String path, System.IO.FileMode mode, System.IO.FileAccess access, System.IO.FileShare share) [0x00000] in <ed969b0e627d471da4848289f9c322df>:0 
  at (wrapper remoting-invoke-with-check) System.IO.FileStream..ctor(string,System.IO.FileMode,System.IO.FileAccess,System.IO.FileShare)
  at Mono.Cecil.ModuleDefinition.GetFileStream (System.String fileName, System.IO.FileMode mode, System.IO.FileAccess access, System.IO.FileShare share) [0x00006] in <a6860a9f6366437387ebdc1f225b7fd4>:0 
  at Mono.Cecil.ModuleDefinition.ReadModule (System.String fileName, Mono.Cecil.ReaderParameters parameters) [0x00008] in <a6860a9f6366437387ebdc1f225b7fd4>:0 
  at Mono.Cecil.AssemblyDefinition.ReadAssembly (System.String fileName, Mono.Cecil.ReaderParameters parameters) [0x00000] in <a6860a9f6366437387ebdc1f225b7fd4>:0 
  at UnityEditor.AssemblyValidation.LoadAssemblyDefinitions (System.String[] assemblyPaths, System.String[] searchPaths) [0x00048] in <20f98a04ac634cc8bf5f95425bb19bb9>:0 
  at UnityEditor.AssemblyValidation.ValidateAssemblies (System.String[] assemblyPaths, System.Boolean enableLogging) [0x00007] in <20f98a04ac634cc8bf5f95425bb19bb9>:0 

- Loaded All Assemblies, in  3.245 seconds
Assembly reference Packages/com.unity.cinemachine/Editor/Samples/ExposeHDRPInternals/HDRP-Editor-ref.asmref has no target assembly definition
'Packages/com.unity.cinemachine/Editor/Obsolete/CinemachineVirtualCameraBaseEditor.cs' contains partial class of Unity.Object, exactly 1 of the partial classes needs to be in a file with the same filename. This is to know the one that can be referenced from ie. GameObjects
'Packages/com.unity.cinemachine/Editor/Editors/CinemachineVirtualCameraBaseEditor.cs' contains partial class of Unity.Object, exactly 1 of the partial classes needs to be in a file with the same filename. This is to know the one that can be referenced from ie. GameObjects
Refreshing native plugins compatible for Editor in 4.31 ms, found 4 plugins.
Native extension for WindowsStandalone target not found
Assembly reference Packages/com.unity.cinemachine/Editor/Samples/ExposeHDRPInternals/HDRP-Editor-ref.asmref has no target assembly definition
[Package Manager] Failed to launch server process. Reason: Unity was launched with the -noUpm command-line argument
[Package Manager] Unable to send message (not connected to server process).
[Package Manager] Cannot connect to Unity Package Manager local server
Mono: successfully reloaded assembly
- Finished resetting the current domain, in  2.281 seconds
Domain Reload Profiling: 5561ms
	BeginReloadAssembly (1211ms)
		ExecutionOrderSort (1ms)
		DisableScriptedObjects (165ms)
		BackupInstance (0ms)
		ReleaseScriptingObjects (5ms)
		CreateAndSetChildDomain (376ms)
	RebuildCommonClasses (80ms)
	RebuildNativeTypeToScriptingClass (28ms)
	initialDomainReloadingComplete (75ms)
	LoadAllAssembliesAndSetupDomain (1886ms)
		LoadAssemblies (942ms)
		RebuildTransferFunctionScriptingTraits (0ms)
		AnalyzeDomain (1261ms)
			TypeCache.Refresh (53ms)
				TypeCache.ScanAssembly (0ms)
			BuildScriptInfoCaches (1067ms)
			ResolveRequiredComponents (84ms)
	FinalizeReload (2282ms)
		ReleaseScriptCaches (0ms)
		RebuildScriptCaches (0ms)
		SetupLoadedEditorAssemblies (1775ms)
			LogAssemblyErrors (0ms)
			InitializePlatformSupportModulesInManaged (7ms)
			SetLoadedEditorAssemblies (13ms)
			BeforeProcessingInitializeOnLoad (275ms)
			ProcessInitializeOnLoadAttributes (1269ms)
			ProcessInitializeOnLoadMethodAttributes (178ms)
			AfterProcessingInitializeOnLoad (31ms)
			EditorAssembliesLoaded (1ms)
		ExecutionOrderSort2 (0ms)
		AwakeInstancesAfterBackupRestoration (36ms)
Refreshing native plugins compatible for Editor in 6.08 ms, found 4 plugins.
Preloading 0 native plugins for Editor in 0.00 ms.
Unloading 19 Unused Serialized files (Serialized files now loaded: 0)
Unloading 7032 unused Assets / (4.7 MB). Loaded Objects now: 7725.
Memory consumption went from 146.6 MB to 141.8 MB.
Total: 29.863700 ms (FindLiveObjects: 2.735700 ms CreateObjectMapping: 3.758000 ms MarkObjects: 15.034100 ms  DeleteObjects: 8.330800 ms)

Prepare: number of updated asset objects reloaded= 0
========================================================================
Received Prepare
'Packages/com.unity.cinemachine/Editor/Obsolete/CinemachineVirtualCameraBaseEditor.cs' contains partial class of Unity.Object, exactly 1 of the partial classes needs to be in a file with the same filename. This is to know the one that can be referenced from ie. GameObjects
'Packages/com.unity.cinemachine/Editor/Editors/CinemachineVirtualCameraBaseEditor.cs' contains partial class of Unity.Object, exactly 1 of the partial classes needs to be in a file with the same filename. This is to know the one that can be referenced from ie. GameObjects
Refreshing native plugins compatible for Editor in 6.39 ms, found 4 plugins.
Preloading 0 native plugins for Editor in 0.00 ms.
Unloading 14 Unused Serialized files (Serialized files now loaded: 0)
Unloading 7021 unused Assets / (3.5 MB). Loaded Objects now: 7725.
Memory consumption went from 146.6 MB to 143.1 MB.
Total: 48.793100 ms (FindLiveObjects: 3.802900 ms CreateObjectMapping: 3.537100 ms MarkObjects: 34.978500 ms  DeleteObjects: 6.471000 ms)

Prepare: number of updated asset objects reloaded= 0
========================================================================
Received Prepare
Assembly reference Packages/com.unity.cinemachine/Editor/Samples/ExposeHDRPInternals/HDRP-Editor-ref.asmref has no target assembly definition
Assembly reference Packages/com.unity.cinemachine/Editor/Samples/ExposeHDRPInternals/HDRP-Editor-ref.asmref has no target assembly definition
Begin MonoManager ReloadAssembly
DirectoryNotFoundException: Could not find a part of the path "C:\Users\joser\OneDrive\Área de Trabalho\PROJETO\mermas-digitais-o-jogo-dev  -[2025_08_28]\mermas-digitais-o-jogo-dev\Mermãs Digitais O Jogo\Library\PackageCache\com.unity.visualscripting\Editor\VisualScripting.Core\Dependencies\YamlDotNet\Unity.VisualScripting.YamlDotNet.dll"
  at System.IO.FileStream..ctor (System.String path, System.IO.FileMode mode, System.IO.FileAccess access, System.IO.FileShare share, System.Int32 bufferSize, System.Boolean anonymous, System.IO.FileOptions options) [0x0019e] in <ed969b0e627d471da4848289f9c322df>:0 
  at System.IO.FileStream..ctor (System.String path, System.IO.FileMode mode, System.IO.FileAccess access, System.IO.FileShare share) [0x00000] in <ed969b0e627d471da4848289f9c322df>:0 
  at (wrapper remoting-invoke-with-check) System.IO.FileStream..ctor(string,System.IO.FileMode,System.IO.FileAccess,System.IO.FileShare)
  at Mono.Cecil.ModuleDefinition.GetFileStream (System.String fileName, System.IO.FileMode mode, System.IO.FileAccess access, System.IO.FileShare share) [0x00006] in <a6860a9f6366437387ebdc1f225b7fd4>:0 
  at Mono.Cecil.ModuleDefinition.ReadModule (System.String fileName, Mono.Cecil.ReaderParameters parameters) [0x00008] in <a6860a9f6366437387ebdc1f225b7fd4>:0 
  at Mono.Cecil.AssemblyDefinition.ReadAssembly (System.String fileName, Mono.Cecil.ReaderParameters parameters) [0x00000] in <a6860a9f6366437387ebdc1f225b7fd4>:0 
  at UnityEditor.AssemblyValidation.LoadAssemblyDefinitions (System.String[] assemblyPaths, System.String[] searchPaths) [0x00048] in <20f98a04ac634cc8bf5f95425bb19bb9>:0 
  at UnityEditor.AssemblyValidation.ValidateAssemblies (System.String[] assemblyPaths, System.Boolean enableLogging) [0x00007] in <20f98a04ac634cc8bf5f95425bb19bb9>:0 

- Loaded All Assemblies, in  2.757 seconds
Assembly reference Packages/com.unity.cinemachine/Editor/Samples/ExposeHDRPInternals/HDRP-Editor-ref.asmref has no target assembly definition
'Packages/com.unity.cinemachine/Editor/Obsolete/CinemachineVirtualCameraBaseEditor.cs' contains partial class of Unity.Object, exactly 1 of the partial classes needs to be in a file with the same filename. This is to know the one that can be referenced from ie. GameObjects
'Packages/com.unity.cinemachine/Editor/Editors/CinemachineVirtualCameraBaseEditor.cs' contains partial class of Unity.Object, exactly 1 of the partial classes needs to be in a file with the same filename. This is to know the one that can be referenced from ie. GameObjects
Refreshing native plugins compatible for Editor in 14.32 ms, found 4 plugins.
Native extension for WindowsStandalone target not found
Assembly reference Packages/com.unity.cinemachine/Editor/Samples/ExposeHDRPInternals/HDRP-Editor-ref.asmref has no target assembly definition
[Package Manager] Failed to launch server process. Reason: Unity was launched with the -noUpm command-line argument
[Package Manager] Unable to send message (not connected to server process).
[Package Manager] Cannot connect to Unity Package Manager local server
Mono: successfully reloaded assembly
- Finished resetting the current domain, in  2.501 seconds
Domain Reload Profiling: 5265ms
	BeginReloadAssembly (707ms)
		ExecutionOrderSort (0ms)
		DisableScriptedObjects (61ms)
		BackupInstance (0ms)
		ReleaseScriptingObjects (0ms)
		CreateAndSetChildDomain (195ms)
	RebuildCommonClasses (59ms)
	RebuildNativeTypeToScriptingClass (19ms)
	initialDomainReloadingComplete (76ms)
	LoadAllAssembliesAndSetupDomain (1902ms)
		LoadAssemblies (1012ms)
		RebuildTransferFunctionScriptingTraits (0ms)
		AnalyzeDomain (1224ms)
			TypeCache.Refresh (53ms)
				TypeCache.ScanAssembly (4ms)
			BuildScriptInfoCaches (1119ms)
			ResolveRequiredComponents (33ms)
	FinalizeReload (2502ms)
		ReleaseScriptCaches (0ms)
		RebuildScriptCaches (0ms)
		SetupLoadedEditorAssemblies (1955ms)
			LogAssemblyErrors (0ms)
			InitializePlatformSupportModulesInManaged (8ms)
			SetLoadedEditorAssemblies (13ms)
			BeforeProcessingInitializeOnLoad (283ms)
			ProcessInitializeOnLoadAttributes (1471ms)
			ProcessInitializeOnLoadMethodAttributes (163ms)
			AfterProcessingInitializeOnLoad (16ms)
			EditorAssembliesLoaded (1ms)
		ExecutionOrderSort2 (0ms)
		AwakeInstancesAfterBackupRestoration (33ms)
Refreshing native plugins compatible for Editor in 3.87 ms, found 4 plugins.
Preloading 0 native plugins for Editor in 0.00 ms.
Unloading 19 Unused Serialized files (Serialized files now loaded: 0)
Unloading 7032 unused Assets / (4.6 MB). Loaded Objects now: 7727.
Memory consumption went from 146.6 MB to 142.0 MB.
Total: 24.663900 ms (FindLiveObjects: 1.632600 ms CreateObjectMapping: 1.610600 ms MarkObjects: 11.573600 ms  DeleteObjects: 9.841700 ms)

Prepare: number of updated asset objects reloaded= 0
========================================================================
Received Prepare
Assembly reference Packages/com.unity.cinemachine/Editor/Samples/ExposeHDRPInternals/HDRP-Editor-ref.asmref has no target assembly definition
Assembly reference Packages/com.unity.cinemachine/Editor/Samples/ExposeHDRPInternals/HDRP-Editor-ref.asmref has no target assembly definition
Begin MonoManager ReloadAssembly
DirectoryNotFoundException: Could not find a part of the path "C:\Users\joser\OneDrive\Área de Trabalho\PROJETO\mermas-digitais-o-jogo-dev  -[2025_08_28]\mermas-digitais-o-jogo-dev\Mermãs Digitais O Jogo\Library\PackageCache\com.unity.visualscripting\Editor\VisualScripting.Core\Dependencies\YamlDotNet\Unity.VisualScripting.YamlDotNet.dll"
  at System.IO.FileStream..ctor (System.String path, System.IO.FileMode mode, System.IO.FileAccess access, System.IO.FileShare share, System.Int32 bufferSize, System.Boolean anonymous, System.IO.FileOptions options) [0x0019e] in <ed969b0e627d471da4848289f9c322df>:0 
  at System.IO.FileStream..ctor (System.String path, System.IO.FileMode mode, System.IO.FileAccess access, System.IO.FileShare share) [0x00000] in <ed969b0e627d471da4848289f9c322df>:0 
  at (wrapper remoting-invoke-with-check) System.IO.FileStream..ctor(string,System.IO.FileMode,System.IO.FileAccess,System.IO.FileShare)
  at Mono.Cecil.ModuleDefinition.GetFileStream (System.String fileName, System.IO.FileMode mode, System.IO.FileAccess access, System.IO.FileShare share) [0x00006] in <a6860a9f6366437387ebdc1f225b7fd4>:0 
  at Mono.Cecil.ModuleDefinition.ReadModule (System.String fileName, Mono.Cecil.ReaderParameters parameters) [0x00008] in <a6860a9f6366437387ebdc1f225b7fd4>:0 
  at Mono.Cecil.AssemblyDefinition.ReadAssembly (System.String fileName, Mono.Cecil.ReaderParameters parameters) [0x00000] in <a6860a9f6366437387ebdc1f225b7fd4>:0 
  at UnityEditor.AssemblyValidation.LoadAssemblyDefinitions (System.String[] assemblyPaths, System.String[] searchPaths) [0x00048] in <20f98a04ac634cc8bf5f95425bb19bb9>:0 
  at UnityEditor.AssemblyValidation.ValidateAssemblies (System.String[] assemblyPaths, System.Boolean enableLogging) [0x00007] in <20f98a04ac634cc8bf5f95425bb19bb9>:0 

- Loaded All Assemblies, in  1.459 seconds
Assembly reference Packages/com.unity.cinemachine/Editor/Samples/ExposeHDRPInternals/HDRP-Editor-ref.asmref has no target assembly definition
'Packages/com.unity.cinemachine/Editor/Obsolete/CinemachineVirtualCameraBaseEditor.cs' contains partial class of Unity.Object, exactly 1 of the partial classes needs to be in a file with the same filename. This is to know the one that can be referenced from ie. GameObjects
'Packages/com.unity.cinemachine/Editor/Editors/CinemachineVirtualCameraBaseEditor.cs' contains partial class of Unity.Object, exactly 1 of the partial classes needs to be in a file with the same filename. This is to know the one that can be referenced from ie. GameObjects
Refreshing native plugins compatible for Editor in 4.19 ms, found 4 plugins.
Native extension for WindowsStandalone target not found
Assembly reference Packages/com.unity.cinemachine/Editor/Samples/ExposeHDRPInternals/HDRP-Editor-ref.asmref has no target assembly definition
[Package Manager] Failed to launch server process. Reason: Unity was launched with the -noUpm command-line argument
[Package Manager] Unable to send message (not connected to server process).
[Package Manager] Cannot connect to Unity Package Manager local server
Mono: successfully reloaded assembly
- Finished resetting the current domain, in  2.235 seconds
Domain Reload Profiling: 3691ms
	BeginReloadAssembly (444ms)
		ExecutionOrderSort (0ms)
		DisableScriptedObjects (23ms)
		BackupInstance (0ms)
		ReleaseScriptingObjects (0ms)
		CreateAndSetChildDomain (100ms)
	RebuildCommonClasses (79ms)
	RebuildNativeTypeToScriptingClass (22ms)
	initialDomainReloadingComplete (51ms)
	LoadAllAssembliesAndSetupDomain (858ms)
		LoadAssemblies (558ms)
		RebuildTransferFunctionScriptingTraits (0ms)
		AnalyzeDomain (537ms)
			TypeCache.Refresh (14ms)
				TypeCache.ScanAssembly (0ms)
			BuildScriptInfoCaches (495ms)
			ResolveRequiredComponents (22ms)
	FinalizeReload (2236ms)
		ReleaseScriptCaches (0ms)
		RebuildScriptCaches (0ms)
		SetupLoadedEditorAssemblies (1704ms)
			LogAssemblyErrors (0ms)
			InitializePlatformSupportModulesInManaged (10ms)
			SetLoadedEditorAssemblies (13ms)
			BeforeProcessingInitializeOnLoad (268ms)
			ProcessInitializeOnLoadAttributes (1222ms)
			ProcessInitializeOnLoadMethodAttributes (168ms)
			AfterProcessingInitializeOnLoad (22ms)
			EditorAssembliesLoaded (1ms)
		ExecutionOrderSort2 (0ms)
		AwakeInstancesAfterBackupRestoration (29ms)
Refreshing native plugins compatible for Editor in 3.44 ms, found 4 plugins.
Preloading 0 native plugins for Editor in 0.00 ms.
Unloading 19 Unused Serialized files (Serialized files now loaded: 0)
Unloading 7032 unused Assets / (5.0 MB). Loaded Objects now: 7729.
Memory consumption went from 146.6 MB to 141.5 MB.
Total: 22.455000 ms (FindLiveObjects: 1.679900 ms CreateObjectMapping: 2.037400 ms MarkObjects: 11.393300 ms  DeleteObjects: 7.341600 ms)

Prepare: number of updated asset objects reloaded= 0
========================================================================
Received Import Request.
  Time since last request: 1557.061373 seconds.
  path: Assets/Scenes/Boss Fase 3.unity
  artifactKey: Guid(4ee514f324c2deb429630bb503d3ee92) Importer(815301076,1909f56bfc062723c751e8b465ee728b)
Start importing Assets/Scenes/Boss Fase 3.unity using Guid(4ee514f324c2deb429630bb503d3ee92) Importer(815301076,1909f56bfc062723c751e8b465ee728b) (PreviewImporter) -> (artifact id: 'f22ef3fcf590957528b18a9505b6075d') in 0.0453143 seconds
Number of updated asset objects reloaded before import = 0Number of asset objects unloaded after import = 0

========================================================================
Received Import Request.
  Time since last request: 304.675951 seconds.
  path: Assets/DefaultVolumeProfile.asset
  artifactKey: Guid(3f9215ea0144899419cfbc0957140d3f) Importer(2089858483,192608db42251d675da83286b1cce702)
Start importing Assets/DefaultVolumeProfile.asset using Guid(3f9215ea0144899419cfbc0957140d3f) Importer(2089858483,192608db42251d675da83286b1cce702) (ScriptedImporter) -> (artifact id: 'bbffec38e85e0e2f409abbe9d2fcb344') in 0.7889245 seconds
Number of updated asset objects reloaded before import = 0Number of asset objects unloaded after import = 0

========================================================================
Received Import Request.
  Time since last request: 0.000053 seconds.
  path: Assets/Tilemap/Backgrounds/CutsceneBG.png
  artifactKey: Guid(e4d1ce5cb9403054cbd6f8b517c80a99) Importer(2089858483,192608db42251d675da83286b1cce702)
Start importing Assets/Tilemap/Backgrounds/CutsceneBG.png using Guid(e4d1ce5cb9403054cbd6f8b517c80a99) Importer(2089858483,192608db42251d675da83286b1cce702) (ScriptedImporter) -> (artifact id: '433cdbaedde53cabe33426a03bae49ad') in 0.2339545 seconds
Number of updated asset objects reloaded before import = 0Number of asset objects unloaded after import = 3

========================================================================
Received Import Request.
  Time since last request: 0.000101 seconds.
  path: Assets/Settings/Renderer2D.asset
  artifactKey: Guid(424799608f7334c24bf367e4bbfa7f9a) Importer(2089858483,192608db42251d675da83286b1cce702)
Start importing Assets/Settings/Renderer2D.asset using Guid(424799608f7334c24bf367e4bbfa7f9a) Importer(2089858483,192608db42251d675da83286b1cce702) (ScriptedImporter) -> (artifact id: '61c96538d00ba61f3aafd5af29f91fbb') in 0.1371033 seconds
Number of updated asset objects reloaded before import = 0Number of asset objects unloaded after import = 1

========================================================================
Received Import Request.
  Time since last request: 0.000038 seconds.
  path: Assets/Scenes/Boss Fase 3.unity
  artifactKey: Guid(4ee514f324c2deb429630bb503d3ee92) Importer(2089858483,192608db42251d675da83286b1cce702)
Start importing Assets/Scenes/Boss Fase 3.unity using Guid(4ee514f324c2deb429630bb503d3ee92) Importer(2089858483,192608db42251d675da83286b1cce702) (ScriptedImporter) -> (artifact id: '35f720b05edd3fc7926bc242d5897227') in 0.0847751 seconds
Number of updated asset objects reloaded before import = 0Number of asset objects unloaded after import = 1

========================================================================
Received Import Request.
  Time since last request: 0.000053 seconds.
  path: Assets/TextMesh Pro/Shaders/TMP_SDF Overlay.shader
  artifactKey: Guid(dd89cf5b9246416f84610a006f916af7) Importer(2089858483,192608db42251d675da83286b1cce702)
Start importing Assets/TextMesh Pro/Shaders/TMP_SDF Overlay.shader using Guid(dd89cf5b9246416f84610a006f916af7) Importer(2089858483,192608db42251d675da83286b1cce702) (ScriptedImporter) -> (artifact id: '327f516cfedb05a1aab0987c2d043462') in 0.0540561 seconds
Number of updated asset objects reloaded before import = 0Number of asset objects unloaded after import = 1

========================================================================
Received Import Request.
  Time since last request: 0.000036 seconds.
  path: Assets/Scenes/Cutscene.unity
  artifactKey: Guid(5f310a3dd4ae66a4aa02140146bb7578) Importer(2089858483,192608db42251d675da83286b1cce702)
Start importing Assets/Scenes/Cutscene.unity using Guid(5f310a3dd4ae66a4aa02140146bb7578) Importer(2089858483,192608db42251d675da83286b1cce702) (ScriptedImporter) -> (artifact id: '14b49e7116cdd8f69c7faed021a160fa') in 0.0387614 seconds
Number of updated asset objects reloaded before import = 0Number of asset objects unloaded after import = 1

========================================================================
Received Import Request.
  Time since last request: 0.000111 seconds.
  path: Assets/Tilemap/Extra Tilesets/Coins.prefab
  artifactKey: Guid(c5578923463011741842c2317e6e81a0) Importer(2089858483,192608db42251d675da83286b1cce702)
Start importing Assets/Tilemap/Extra Tilesets/Coins.prefab using Guid(c5578923463011741842c2317e6e81a0) Importer(2089858483,192608db42251d675da83286b1cce702) (ScriptedImporter) -> (artifact id: '02aa145d2546f3dda1c481a6d68abffa') in 0.0569821 seconds
Number of updated asset objects reloaded before import = 0Number of asset objects unloaded after import = 10

========================================================================
Received Import Request.
  Time since last request: 0.000055 seconds.
  path: Assets/TextMesh Pro/Shaders/TMP_SDF-Mobile SSD.shader
  artifactKey: Guid(c8d12adcee749c344b8117cf7c7eb912) Importer(2089858483,192608db42251d675da83286b1cce702)
Start importing Assets/TextMesh Pro/Shaders/TMP_SDF-Mobile SSD.shader using Guid(c8d12adcee749c344b8117cf7c7eb912) Importer(2089858483,192608db42251d675da83286b1cce702) (ScriptedImporter) -> (artifact id: '9378e061608639dbca960f25c535916f') in 0.0363789 seconds
Number of updated asset objects reloaded before import = 0Number of asset objects unloaded after import = 1

========================================================================
Received Import Request.
  Time since last request: 0.000030 seconds.
  path: Assets/TextMesh Pro/Resources/LineBreaking Following Characters.txt
  artifactKey: Guid(fade42e8bc714b018fac513c043d323b) Importer(2089858483,192608db42251d675da83286b1cce702)
Start importing Assets/TextMesh Pro/Resources/LineBreaking Following Characters.txt using Guid(fade42e8bc714b018fac513c043d323b) Importer(2089858483,192608db42251d675da83286b1cce702) (ScriptedImporter) -> (artifact id: 'bd2b69512644c6dc22f5cc721a6c4d4a') in 0.0260703 seconds
Number of updated asset objects reloaded before import = 0Number of asset objects unloaded after import = 1

========================================================================
Received Import Request.
  Time since last request: 0.000048 seconds.
  path: Assets/Scripts/Checkpoint/Checkpoint.cs
  artifactKey: Guid(26e0cdd2d28404d439a4fdc2297da375) Importer(2089858483,192608db42251d675da83286b1cce702)
Start importing Assets/Scripts/Checkpoint/Checkpoint.cs using Guid(26e0cdd2d28404d439a4fdc2297da375) Importer(2089858483,192608db42251d675da83286b1cce702) (ScriptedImporter) -> (artifact id: '72cbefb614881cf47fdaf966a50d55d9') in 0.0407424 seconds
Number of updated asset objects reloaded before import = 0Number of asset objects unloaded after import = 0

========================================================================
Received Import Request.
  Time since last request: 0.000073 seconds.
  path: Assets/Scenes/Main Menu.unity
  artifactKey: Guid(e3bca3043d43f17468d67e6b2d822978) Importer(2089858483,192608db42251d675da83286b1cce702)
Start importing Assets/Scenes/Main Menu.unity using Guid(e3bca3043d43f17468d67e6b2d822978) Importer(2089858483,192608db42251d675da83286b1cce702) (ScriptedImporter) -> (artifact id: 'de360138efe7be1c286c86123a25da5e') in 0.0790875 seconds
Number of updated asset objects reloaded before import = 0Number of asset objects unloaded after import = 1

========================================================================
Received Import Request.
  Time since last request: 0.000035 seconds.
  path: Assets/Scenes/Boss Fase 2.unity
  artifactKey: Guid(b12c4572f59461a4abd601989057c98a) Importer(2089858483,192608db42251d675da83286b1cce702)
Start importing Assets/Scenes/Boss Fase 2.unity using Guid(b12c4572f59461a4abd601989057c98a) Importer(2089858483,192608db42251d675da83286b1cce702) (ScriptedImporter) -> (artifact id: '340b4c525248f56cba9000a8aa8c380e') in 0.0463344 seconds
Number of updated asset objects reloaded before import = 0Number of asset objects unloaded after import = 1

========================================================================
Received Import Request.
  Time since last request: 0.000036 seconds.
  path: Assets/Scripts/Items & Collectables/PositionAltered.cs
  artifactKey: Guid(0d0c72cddc2f2cd448e017a2cf05dd53) Importer(2089858483,192608db42251d675da83286b1cce702)
Start importing Assets/Scripts/Items & Collectables/PositionAltered.cs using Guid(0d0c72cddc2f2cd448e017a2cf05dd53) Importer(2089858483,192608db42251d675da83286b1cce702) (ScriptedImporter) -> (artifact id: '27fe8902d3862c6e8fea66e49c20e608') in 0.0341258 seconds
Number of updated asset objects reloaded before import = 0Number of asset objects unloaded after import = 0

========================================================================
Received Import Request.
  Time since last request: 0.000055 seconds.
  path: Assets/Sprites/Objects/BossDoor1.png
  artifactKey: Guid(ad55125f1a689bb41ac8227989702888) Importer(2089858483,192608db42251d675da83286b1cce702)
Start importing Assets/Sprites/Objects/BossDoor1.png using Guid(ad55125f1a689bb41ac8227989702888) Importer(2089858483,192608db42251d675da83286b1cce702) (ScriptedImporter) -> (artifact id: '06cf1348808506ded1e962aeb0964026') in 0.0952319 seconds
Number of updated asset objects reloaded before import = 0Number of asset objects unloaded after import = 14

========================================================================
Received Import Request.
  Time since last request: 0.000044 seconds.
  path: Assets/Scripts/Bosses/Boss2/Die4_Boss2.cs
  artifactKey: Guid(391ac58b0a0521947a776cade3b6ebe0) Importer(2089858483,192608db42251d675da83286b1cce702)
Start importing Assets/Scripts/Bosses/Boss2/Die4_Boss2.cs using Guid(391ac58b0a0521947a776cade3b6ebe0) Importer(2089858483,192608db42251d675da83286b1cce702) (ScriptedImporter) -> (artifact id: '96ec17ce7376e191a734ab65ef7869f8') in 0.044547 seconds
Number of updated asset objects reloaded before import = 0Number of asset objects unloaded after import = 0

========================================================================
Received Import Request.
  Time since last request: 0.000141 seconds.
  path: Assets/Resources/PerformanceTestRunInfo.json
  artifactKey: Guid(9a6aae39c3484644cb0692c76820762f) Importer(2089858483,192608db42251d675da83286b1cce702)
Start importing Assets/Resources/PerformanceTestRunInfo.json using Guid(9a6aae39c3484644cb0692c76820762f) Importer(2089858483,192608db42251d675da83286b1cce702) (ScriptedImporter) -> (artifact id: '13b27d6f10486ed3e1e9eb82e0ff3edb') in 0.0439687 seconds
Number of updated asset objects reloaded before import = 0Number of asset objects unloaded after import = 1

========================================================================
Received Import Request.
  Time since last request: 0.000070 seconds.
  path: Assets/TextMesh Pro/Shaders/TMP_SDF-URP Lit.shadergraph
  artifactKey: Guid(a3d800b099a06e0478fb790c5e79057a) Importer(2089858483,192608db42251d675da83286b1cce702)
Start importing Assets/TextMesh Pro/Shaders/TMP_SDF-URP Lit.shadergraph using Guid(a3d800b099a06e0478fb790c5e79057a) Importer(2089858483,192608db42251d675da83286b1cce702) (ScriptedImporter) -> (artifact id: 'e81a36ecf218fa8816e7ea71d3f42fe9') in 0.1217297 seconds
Number of updated asset objects reloaded before import = 0Number of asset objects unloaded after import = 4

========================================================================
Received Import Request.
  Time since last request: 0.000063 seconds.
  path: Assets/UI/Figma/Button.png
  artifactKey: Guid(426d588628808204ba462f7568db0635) Importer(2089858483,192608db42251d675da83286b1cce702)
Start importing Assets/UI/Figma/Button.png using Guid(426d588628808204ba462f7568db0635) Importer(2089858483,192608db42251d675da83286b1cce702) (ScriptedImporter) -> (artifact id: 'c8c987c783e32e03d1d8325f946f5059') in 0.0454115 seconds
Number of updated asset objects reloaded before import = 0Number of asset objects unloaded after import = 3

========================================================================
Received Import Request.
  Time since last request: 0.000068 seconds.
  path: Assets/Scripts/UI Scripts/DialoguePoints/DialogueTutorial.cs
  artifactKey: Guid(699d7af663a6f5942b0cece1b334490c) Importer(2089858483,192608db42251d675da83286b1cce702)
Start importing Assets/Scripts/UI Scripts/DialoguePoints/DialogueTutorial.cs using Guid(699d7af663a6f5942b0cece1b334490c) Importer(2089858483,192608db42251d675da83286b1cce702) (ScriptedImporter) -> (artifact id: 'c6dc84698dd9bee0992cec7f7d286e25') in 0.032567 seconds
Number of updated asset objects reloaded before import = 0Number of asset objects unloaded after import = 0

========================================================================
Received Import Request.
  Time since last request: 0.000029 seconds.
  path: Assets/Scripts/Player/GroundCheck.cs
  artifactKey: Guid(670322f81b1543c4d9bad3f550aa399b) Importer(2089858483,192608db42251d675da83286b1cce702)
Start importing Assets/Scripts/Player/GroundCheck.cs using Guid(670322f81b1543c4d9bad3f550aa399b) Importer(2089858483,192608db42251d675da83286b1cce702) (ScriptedImporter) -> (artifact id: '68ec3c0a9d647b4d57d85a3ebabbe6a5') in 0.0253724 seconds
Number of updated asset objects reloaded before import = 0Number of asset objects unloaded after import = 0

========================================================================
Received Import Request.
  Time since last request: 0.000028 seconds.
  path: Assets/Scenes/Loading.unity
  artifactKey: Guid(dbd927186e284d94889d6aab7adf69a0) Importer(2089858483,192608db42251d675da83286b1cce702)
Start importing Assets/Scenes/Loading.unity using Guid(dbd927186e284d94889d6aab7adf69a0) Importer(2089858483,192608db42251d675da83286b1cce702) (ScriptedImporter) -> (artifact id: '4d53e64cf1deb6b279c656ba66c3bf07') in 0.0296221 seconds
Number of updated asset objects reloaded before import = 0Number of asset objects unloaded after import = 1

========================================================================
Received Import Request.
  Time since last request: 0.000036 seconds.
  path: Assets/Scripts/UI Scripts/Habilities/die.cs
  artifactKey: Guid(d1ad3fed685265046a2a4b84c65cb09d) Importer(2089858483,192608db42251d675da83286b1cce702)
Start importing Assets/Scripts/UI Scripts/Habilities/die.cs using Guid(d1ad3fed685265046a2a4b84c65cb09d) Importer(2089858483,192608db42251d675da83286b1cce702) (ScriptedImporter) -> (artifact id: 'e51e6b4acecc1982f0abc8cf417f455e') in 0.0323782 seconds
Number of updated asset objects reloaded before import = 0Number of asset objects unloaded after import = 0

========================================================================
Received Import Request.
  Time since last request: 0.000046 seconds.
  path: Assets/Settings/Scenes/URP2DSceneTemplate.unity
  artifactKey: Guid(2cda990e2423bbf4892e6590ba056729) Importer(2089858483,192608db42251d675da83286b1cce702)
Start importing Assets/Settings/Scenes/URP2DSceneTemplate.unity using Guid(2cda990e2423bbf4892e6590ba056729) Importer(2089858483,192608db42251d675da83286b1cce702) (ScriptedImporter) -> (artifact id: 'f80221ecc1e1916a9f7efed0fc0b744a') in 0.0368764 seconds
Number of updated asset objects reloaded before import = 0Number of asset objects unloaded after import = 1

========================================================================
Received Import Request.
  Time since last request: 0.000030 seconds.
  path: Assets/Scripts/Bosses/Boss2/Hability3_Boss2_2.cs
  artifactKey: Guid(f82e1dd6c4161604ea717475a67cb163) Importer(2089858483,192608db42251d675da83286b1cce702)
Start importing Assets/Scripts/Bosses/Boss2/Hability3_Boss2_2.cs using Guid(f82e1dd6c4161604ea717475a67cb163) Importer(2089858483,192608db42251d675da83286b1cce702) (ScriptedImporter) -> (artifact id: '678cfc1734ee035186576f23043db8c9') in 0.0340474 seconds
Number of updated asset objects reloaded before import = 0Number of asset objects unloaded after import = 0

========================================================================
Received Import Request.
  Time since last request: 0.000030 seconds.
  path: Assets/Scripts/Enemies/EnemySpawner.cs
  artifactKey: Guid(b1ba0cd8a543aa3458f6343be93cc1c2) Importer(2089858483,192608db42251d675da83286b1cce702)
Start importing Assets/Scripts/Enemies/EnemySpawner.cs using Guid(b1ba0cd8a543aa3458f6343be93cc1c2) Importer(2089858483,192608db42251d675da83286b1cce702) (ScriptedImporter) -> (artifact id: '067e43d7154c1c7c5cf142eb28a27997') in 0.0343388 seconds
Number of updated asset objects reloaded before import = 0Number of asset objects unloaded after import = 0

========================================================================
Received Import Request.
  Time since last request: 0.000036 seconds.
  path: Assets/Scripts/UI Scripts/Habilities/Hability1.cs
  artifactKey: Guid(eeadd3dc5a6fd494e8d0c889192daa9d) Importer(2089858483,192608db42251d675da83286b1cce702)
Start importing Assets/Scripts/UI Scripts/Habilities/Hability1.cs using Guid(eeadd3dc5a6fd494e8d0c889192daa9d) Importer(2089858483,192608db42251d675da83286b1cce702) (ScriptedImporter) -> (artifact id: '6c7c08b09dfe70b85d94c766b95e7d43') in 0.0329918 seconds
Number of updated asset objects reloaded before import = 0Number of asset objects unloaded after import = 0

========================================================================
Received Import Request.
  Time since last request: 0.000057 seconds.
  path: Assets/Scripts/UI Scripts/Habilities/Hability2.cs
  artifactKey: Guid(4e63a8564f2b41540b316a26e01792f5) Importer(2089858483,192608db42251d675da83286b1cce702)
Start importing Assets/Scripts/UI Scripts/Habilities/Hability2.cs using Guid(4e63a8564f2b41540b316a26e01792f5) Importer(2089858483,192608db42251d675da83286b1cce702) (ScriptedImporter) -> (artifact id: 'bd5ce5b8de7f6daffdf583c60ca9fbc6') in 0.0289288 seconds
Number of updated asset objects reloaded before import = 0Number of asset objects unloaded after import = 0

========================================================================
Received Import Request.
  Time since last request: 0.000029 seconds.
  path: Assets/Tilemap/Backgrounds/Fase 1.PNG
  artifactKey: Guid(af49c2b0fab6daf49bfae3f360a379dd) Importer(2089858483,192608db42251d675da83286b1cce702)
Start importing Assets/Tilemap/Backgrounds/Fase 1.PNG using Guid(af49c2b0fab6daf49bfae3f360a379dd) Importer(2089858483,192608db42251d675da83286b1cce702) (ScriptedImporter) -> (artifact id: '8ac974eac656a6bc33390cd75ed427f7') in 0.0439745 seconds
Number of updated asset objects reloaded before import = 0Number of asset objects unloaded after import = 3

========================================================================
Received Import Request.
  Time since last request: 0.000041 seconds.
  path: Assets/TextMesh Pro/Fonts/LiberationSans - OFL.txt
  artifactKey: Guid(6e59c59b81ab47f9b6ec5781fa725d2c) Importer(2089858483,192608db42251d675da83286b1cce702)
Start importing Assets/TextMesh Pro/Fonts/LiberationSans - OFL.txt using Guid(6e59c59b81ab47f9b6ec5781fa725d2c) Importer(2089858483,192608db42251d675da83286b1cce702) (ScriptedImporter) -> (artifact id: '1b6eaf299c00c2032fe484a535740940') in 0.0374471 seconds
Number of updated asset objects reloaded before import = 0Number of asset objects unloaded after import = 1

========================================================================
Received Import Request.
  Time since last request: 0.000061 seconds.
  path: Assets/Scripts/Player/DontDestroy.cs
  artifactKey: Guid(2537c51333ae8c34e94688a5d1f6c4e7) Importer(2089858483,192608db42251d675da83286b1cce702)
Start importing Assets/Scripts/Player/DontDestroy.cs using Guid(2537c51333ae8c34e94688a5d1f6c4e7) Importer(2089858483,192608db42251d675da83286b1cce702) (ScriptedImporter) -> (artifact id: '06bed082bd40161a8d3b6ffe03a5cb85') in 0.0385453 seconds
Number of updated asset objects reloaded before import = 0Number of asset objects unloaded after import = 0

========================================================================
Received Import Request.
  Time since last request: 0.000040 seconds.
  path: Assets/UI/Figma/RectanglePanel.png
  artifactKey: Guid(31c2968506580b14080c3e315a52190b) Importer(2089858483,192608db42251d675da83286b1cce702)
Start importing Assets/UI/Figma/RectanglePanel.png using Guid(31c2968506580b14080c3e315a52190b) Importer(2089858483,192608db42251d675da83286b1cce702) (ScriptedImporter) -> (artifact id: '464f80915558f605d69fa67faf8f74f4') in 0.0603186 seconds
Number of updated asset objects reloaded before import = 0Number of asset objects unloaded after import = 3

========================================================================
Received Import Request.
  Time since last request: 0.000042 seconds.
  path: Assets/Scripts/UI Scripts/Habilities/Hability5.cs
  artifactKey: Guid(f9bd0ff8d6281314786355412dedf1c1) Importer(2089858483,192608db42251d675da83286b1cce702)
Start importing Assets/Scripts/UI Scripts/Habilities/Hability5.cs using Guid(f9bd0ff8d6281314786355412dedf1c1) Importer(2089858483,192608db42251d675da83286b1cce702) (ScriptedImporter) -> (artifact id: 'bd90cb1084448b54615fd58d6cbc3c1d') in 0.0336626 seconds
Number of updated asset objects reloaded before import = 0Number of asset objects unloaded after import = 0

========================================================================
Received Import Request.
  Time since last request: 0.000102 seconds.
  path: Assets/Scripts/UI Scripts/Habilities/Hability4_1.cs
  artifactKey: Guid(8bd826c3215b23843843e3c2d5930ecf) Importer(2089858483,192608db42251d675da83286b1cce702)
Start importing Assets/Scripts/UI Scripts/Habilities/Hability4_1.cs using Guid(8bd826c3215b23843843e3c2d5930ecf) Importer(2089858483,192608db42251d675da83286b1cce702) (ScriptedImporter) -> (artifact id: '96b8c65c71e80218330696b534fbf3c7') in 0.0312648 seconds
Number of updated asset objects reloaded before import = 0Number of asset objects unloaded after import = 0

========================================================================
Received Import Request.
  Time since last request: 0.000031 seconds.
  path: Assets/Scripts/UI Scripts/Habilities/Teste_Hability5_3.cs
  artifactKey: Guid(b70bb98aba6ef2c418d83bb621c15a0c) Importer(2089858483,192608db42251d675da83286b1cce702)
Start importing Assets/Scripts/UI Scripts/Habilities/Teste_Hability5_3.cs using Guid(b70bb98aba6ef2c418d83bb621c15a0c) Importer(2089858483,192608db42251d675da83286b1cce702) (ScriptedImporter) -> (artifact id: '08f9dbb5c7cb8a8b47be7b0decee0884') in 0.0317468 seconds
Number of updated asset objects reloaded before import = 0Number of asset objects unloaded after import = 0

========================================================================
Received Import Request.
  Time since last request: 0.000028 seconds.
  path: Assets/Scripts/UI Scripts/Habilities/Teste_Die_5_2.cs
  artifactKey: Guid(b5824ac6e44e20b448cbeb12bcbed443) Importer(2089858483,192608db42251d675da83286b1cce702)
Start importing Assets/Scripts/UI Scripts/Habilities/Teste_Die_5_2.cs using Guid(b5824ac6e44e20b448cbeb12bcbed443) Importer(2089858483,192608db42251d675da83286b1cce702) (ScriptedImporter) -> (artifact id: 'c52174dead10ff09de239e740841f866') in 0.0299632 seconds
Number of updated asset objects reloaded before import = 0Number of asset objects unloaded after import = 0

========================================================================
Received Import Request.
  Time since last request: 0.000038 seconds.
  path: Assets/Scripts/UI Scripts/Habilities/Hab_1_Sem_UI.cs
  artifactKey: Guid(65af1082375ce0a4ab67f9c8f32e5fae) Importer(2089858483,192608db42251d675da83286b1cce702)
Start importing Assets/Scripts/UI Scripts/Habilities/Hab_1_Sem_UI.cs using Guid(65af1082375ce0a4ab67f9c8f32e5fae) Importer(2089858483,192608db42251d675da83286b1cce702) (ScriptedImporter) -> (artifact id: '04d001957aea008e8f4e49c137c04186') in 0.0298558 seconds
Number of updated asset objects reloaded before import = 0Number of asset objects unloaded after import = 0

========================================================================
Received Import Request.
  Time since last request: 0.000061 seconds.
  path: Assets/Scripts/UI Scripts/Habilities/Teste_Hability5.cs
  artifactKey: Guid(9bdea14eed0b883459ea48862491a144) Importer(2089858483,192608db42251d675da83286b1cce702)
Start importing Assets/Scripts/UI Scripts/Habilities/Teste_Hability5.cs using Guid(9bdea14eed0b883459ea48862491a144) Importer(2089858483,192608db42251d675da83286b1cce702) (ScriptedImporter) -> (artifact id: 'a9a0ba1223279d90f3f6bd5703944bdc') in 0.0328321 seconds
Number of updated asset objects reloaded before import = 0Number of asset objects unloaded after import = 0

========================================================================
Received Import Request.
  Time since last request: 0.000052 seconds.
  path: Assets/Scripts/Robot/RobotMovement.cs
  artifactKey: Guid(326c4a75c379f874fb3d38f29582671d) Importer(2089858483,192608db42251d675da83286b1cce702)
Start importing Assets/Scripts/Robot/RobotMovement.cs using Guid(326c4a75c379f874fb3d38f29582671d) Importer(2089858483,192608db42251d675da83286b1cce702) (ScriptedImporter) -> (artifact id: '174b37c9b15ae1ece94f8e854b395768') in 0.0384333 seconds
Number of updated asset objects reloaded before import = 0Number of asset objects unloaded after import = 0

========================================================================
Received Import Request.
  Time since last request: 0.000037 seconds.
  path: Assets/Scripts/UI Scripts/HUD/CharacterName.cs
  artifactKey: Guid(37e873c5a376d2c4c8e481f3e286cb63) Importer(2089858483,192608db42251d675da83286b1cce702)
Start importing Assets/Scripts/UI Scripts/HUD/CharacterName.cs using Guid(37e873c5a376d2c4c8e481f3e286cb63) Importer(2089858483,192608db42251d675da83286b1cce702) (ScriptedImporter) -> (artifact id: 'e091944940a1fe9e30a843fb569f3681') in 0.0412011 seconds
Number of updated asset objects reloaded before import = 0Number of asset objects unloaded after import = 0

========================================================================
Received Import Request.
  Time since last request: 0.000062 seconds.
  path: Assets/Scripts/UI Scripts/Screens/ClickButtonEffect.cs
  artifactKey: Guid(51cb36e7280a3e343a8fc721dc5ba321) Importer(2089858483,192608db42251d675da83286b1cce702)
Start importing Assets/Scripts/UI Scripts/Screens/ClickButtonEffect.cs using Guid(51cb36e7280a3e343a8fc721dc5ba321) Importer(2089858483,192608db42251d675da83286b1cce702) (ScriptedImporter) -> (artifact id: '9ef7c5456ab7272069bf3074ce16c112') in 0.0353698 seconds
Number of updated asset objects reloaded before import = 0Number of asset objects unloaded after import = 0

========================================================================
Received Import Request.
  Time since last request: 0.000032 seconds.
  path: Assets/Tilemap/Backgrounds/Fase 3.PNG
  artifactKey: Guid(ffbb2d958ca3d6b46922c42f379acf45) Importer(2089858483,192608db42251d675da83286b1cce702)
Start importing Assets/Tilemap/Backgrounds/Fase 3.PNG using Guid(ffbb2d958ca3d6b46922c42f379acf45) Importer(2089858483,192608db42251d675da83286b1cce702) (ScriptedImporter) -> (artifact id: 'ceaa4d508dbd9e0422ddf4eb27db1d71') in 0.0540991 seconds
Number of updated asset objects reloaded before import = 0Number of asset objects unloaded after import = 3

========================================================================
Received Import Request.
  Time since last request: 0.000065 seconds.
  path: Assets/Scripts/Player/PlayerCutsceneExit.cs
  artifactKey: Guid(0bafa593d79581e4188edbe93e8e8070) Importer(2089858483,192608db42251d675da83286b1cce702)
Start importing Assets/Scripts/Player/PlayerCutsceneExit.cs using Guid(0bafa593d79581e4188edbe93e8e8070) Importer(2089858483,192608db42251d675da83286b1cce702) (ScriptedImporter) -> (artifact id: '0d84ae7040a83559f594b44b4b4930b9') in 0.0328453 seconds
Number of updated asset objects reloaded before import = 0Number of asset objects unloaded after import = 0

========================================================================
Received Import Request.
  Time since last request: 0.000067 seconds.
  path: Assets/Scripts/Background/Parallax.cs
  artifactKey: Guid(da279467b16bc2d42a95b899466240b7) Importer(2089858483,192608db42251d675da83286b1cce702)
Start importing Assets/Scripts/Background/Parallax.cs using Guid(da279467b16bc2d42a95b899466240b7) Importer(2089858483,192608db42251d675da83286b1cce702) (ScriptedImporter) -> (artifact id: '9e26e4993daa8f9c9a489c495292ddd1') in 0.0375769 seconds
Number of updated asset objects reloaded before import = 0Number of asset objects unloaded after import = 0

========================================================================
Received Import Request.
  Time since last request: 0.000039 seconds.
  path: Assets/InputSystem_Actions.inputactions
  artifactKey: Guid(2bcd2660ca9b64942af0de543d8d7100) Importer(2089858483,192608db42251d675da83286b1cce702)
Start importing Assets/InputSystem_Actions.inputactions using Guid(2bcd2660ca9b64942af0de543d8d7100) Importer(2089858483,192608db42251d675da83286b1cce702) (ScriptedImporter) -> (artifact id: '7d6d3ed0e2b4e5d1544bd2f789621ad6') in 0.5416728 seconds
Number of updated asset objects reloaded before import = 0Number of asset objects unloaded after import = 21

========================================================================
Received Import Request.
  Time since last request: 0.000050 seconds.
  path: Assets/Sprites/Habilities/Hability 1 & 2/Cage.png
  artifactKey: Guid(663a46472738cd8478f86897f5eba0ef) Importer(2089858483,192608db42251d675da83286b1cce702)
Start importing Assets/Sprites/Habilities/Hability 1 & 2/Cage.png using Guid(663a46472738cd8478f86897f5eba0ef) Importer(2089858483,192608db42251d675da83286b1cce702) (ScriptedImporter) -> (artifact id: '20e83bc451c0358b74a99ab2f63d6e7a') in 0.0580703 seconds
Number of updated asset objects reloaded before import = 0Number of asset objects unloaded after import = 3

========================================================================
Received Import Request.
  Time since last request: 0.000054 seconds.
  path: Assets/Sprites/Habilities/Hability 3 & 4/Mary Kenneth Keller 1.PNG
  artifactKey: Guid(298c4eaeceb29704b8a046a2932ea63b) Importer(2089858483,192608db42251d675da83286b1cce702)
Start importing Assets/Sprites/Habilities/Hability 3 & 4/Mary Kenneth Keller 1.PNG using Guid(298c4eaeceb29704b8a046a2932ea63b) Importer(2089858483,192608db42251d675da83286b1cce702) (ScriptedImporter) -> (artifact id: '5b1b2863108e472f4b84983362bd8bb9') in 0.0484484 seconds
Number of updated asset objects reloaded before import = 0Number of asset objects unloaded after import = 3

========================================================================
Received Import Request.
  Time since last request: 0.000037 seconds.
  path: Assets/TextMesh Pro/Resources/LineBreaking Leading Characters.txt
  artifactKey: Guid(d82c1b31c7e74239bff1220585707d2b) Importer(2089858483,192608db42251d675da83286b1cce702)
Start importing Assets/TextMesh Pro/Resources/LineBreaking Leading Characters.txt using Guid(d82c1b31c7e74239bff1220585707d2b) Importer(2089858483,192608db42251d675da83286b1cce702) (ScriptedImporter) -> (artifact id: '6ce1aa27da67ced0a6611f3482dc1eff') in 0.0309847 seconds
Number of updated asset objects reloaded before import = 0Number of asset objects unloaded after import = 1

========================================================================
Received Import Request.
  Time since last request: 0.000067 seconds.
  path: Assets/Scripts/UI Scripts/Habilities/Destroyer 6_2  Colider.cs
  artifactKey: Guid(2556b309fe777344bb09c7815858982b) Importer(2089858483,192608db42251d675da83286b1cce702)
Start importing Assets/Scripts/UI Scripts/Habilities/Destroyer 6_2  Colider.cs using Guid(2556b309fe777344bb09c7815858982b) Importer(2089858483,192608db42251d675da83286b1cce702) (ScriptedImporter) -> (artifact id: 'df06c8c982f1e474c0a983c1dc2d87b0') in 0.0257065 seconds
Number of updated asset objects reloaded before import = 0Number of asset objects unloaded after import = 0

========================================================================
Received Import Request.
  Time since last request: 0.000054 seconds.
  path: Assets/Scripts/Robot/RobotDialogue.cs
  artifactKey: Guid(b95c1c82bd8e5c24daa5b91678e05c28) Importer(2089858483,192608db42251d675da83286b1cce702)
Start importing Assets/Scripts/Robot/RobotDialogue.cs using Guid(b95c1c82bd8e5c24daa5b91678e05c28) Importer(2089858483,192608db42251d675da83286b1cce702) (ScriptedImporter) -> (artifact id: '35260f67118a9971a290405fb50347b7') in 0.0292985 seconds
Number of updated asset objects reloaded before import = 0Number of asset objects unloaded after import = 0

========================================================================
Received Import Request.
  Time since last request: 0.000038 seconds.
  path: Assets/Tilemap/Backgrounds/Sky.PNG
  artifactKey: Guid(ef493ba38b6e8804481059fe4dde19aa) Importer(2089858483,192608db42251d675da83286b1cce702)
Start importing Assets/Tilemap/Backgrounds/Sky.PNG using Guid(ef493ba38b6e8804481059fe4dde19aa) Importer(2089858483,192608db42251d675da83286b1cce702) (ScriptedImporter) -> (artifact id: 'fd1de76467e73967a7c2d035454ab25e') in 0.0472341 seconds
Number of updated asset objects reloaded before import = 0Number of asset objects unloaded after import = 3

========================================================================
Received Import Request.
  Time since last request: 0.000047 seconds.
  path: Assets/Scenes/Fase 2.unity
  artifactKey: Guid(91b1604d43090a24485db212745eceba) Importer(2089858483,192608db42251d675da83286b1cce702)
Start importing Assets/Scenes/Fase 2.unity using Guid(91b1604d43090a24485db212745eceba) Importer(2089858483,192608db42251d675da83286b1cce702) (ScriptedImporter) -> (artifact id: '2fb64531213f4af96b0eb33edd4a406e') in 0.0717878 seconds
Number of updated asset objects reloaded before import = 0Number of asset objects unloaded after import = 1

========================================================================
Received Import Request.
  Time since last request: 0.000063 seconds.
  path: Assets/Sprites/Habilities/Hability 5 & 6/Function Block.png
  artifactKey: Guid(82a9dfcc7a8c7f948b0de040e64bd4a1) Importer(2089858483,192608db42251d675da83286b1cce702)
Start importing Assets/Sprites/Habilities/Hability 5 & 6/Function Block.png using Guid(82a9dfcc7a8c7f948b0de040e64bd4a1) Importer(2089858483,192608db42251d675da83286b1cce702) (ScriptedImporter) -> (artifact id: 'b200b2a4e3d27d62a3feb1ae38757d91') in 0.0642586 seconds
Number of updated asset objects reloaded before import = 0Number of asset objects unloaded after import = 3

========================================================================
Received Import Request.
  Time since last request: 0.000218 seconds.
  path: Assets/UI/HUD/Keyboard Extras.png
  artifactKey: Guid(c09f474d3bc6ff04fb0690ada18f0fcc) Importer(2089858483,192608db42251d675da83286b1cce702)
Start importing Assets/UI/HUD/Keyboard Extras.png using Guid(c09f474d3bc6ff04fb0690ada18f0fcc) Importer(2089858483,192608db42251d675da83286b1cce702) (ScriptedImporter) -> (artifact id: '8d4f67f506ec8276b7044ef6af01b486') in 0.1646776 seconds
Number of updated asset objects reloaded before import = 0Number of asset objects unloaded after import = 34

========================================================================
Received Import Request.
  Time since last request: 0.000055 seconds.
  path: Assets/Scripts/Platform/Platform.cs
  artifactKey: Guid(c76291ccdd77e4b47b36f26c0cfda30d) Importer(2089858483,192608db42251d675da83286b1cce702)
Start importing Assets/Scripts/Platform/Platform.cs using Guid(c76291ccdd77e4b47b36f26c0cfda30d) Importer(2089858483,192608db42251d675da83286b1cce702) (ScriptedImporter) -> (artifact id: 'cf4227c3324efda123bf3a4e8ce11137') in 0.0420017 seconds
Number of updated asset objects reloaded before import = 0Number of asset objects unloaded after import = 0

========================================================================
Received Import Request.
  Time since last request: 0.000053 seconds.
  path: Assets/Sprites/Objects/Boss 1/Ardentryst-nav-arrow-down.png
  artifactKey: Guid(c0523bb3798bb7046b70bf82b45f4295) Importer(2089858483,192608db42251d675da83286b1cce702)
Start importing Assets/Sprites/Objects/Boss 1/Ardentryst-nav-arrow-down.png using Guid(c0523bb3798bb7046b70bf82b45f4295) Importer(2089858483,192608db42251d675da83286b1cce702) (ScriptedImporter) -> (artifact id: '1a4f8ffc894c793e8cbe3daf0c81500a') in 0.0543405 seconds
Number of updated asset objects reloaded before import = 0Number of asset objects unloaded after import = 3

========================================================================
Received Import Request.
  Time since last request: 0.000032 seconds.
  path: Assets/Sprites/Objects/Boss 1/projectile 1_v2.PNG
  artifactKey: Guid(7ba938bcd93c945488ae61c020708d80) Importer(2089858483,192608db42251d675da83286b1cce702)
Start importing Assets/Sprites/Objects/Boss 1/projectile 1_v2.PNG using Guid(7ba938bcd93c945488ae61c020708d80) Importer(2089858483,192608db42251d675da83286b1cce702) (ScriptedImporter) -> (artifact id: '67fdd45fbc738083ed9f4b16c7c77cb9') in 0.0730374 seconds
Number of updated asset objects reloaded before import = 0Number of asset objects unloaded after import = 3

========================================================================
Received Import Request.
  Time since last request: 0.000036 seconds.
  path: Assets/Scripts/UI Scripts/Habilities/Hability4_2.cs
  artifactKey: Guid(9eef189e0b266ac4ca399c7c46e066ea) Importer(2089858483,192608db42251d675da83286b1cce702)
Start importing Assets/Scripts/UI Scripts/Habilities/Hability4_2.cs using Guid(9eef189e0b266ac4ca399c7c46e066ea) Importer(2089858483,192608db42251d675da83286b1cce702) (ScriptedImporter) -> (artifact id: 'd42b0804503e4452bca85033a1aadfc7') in 0.0310037 seconds
Number of updated asset objects reloaded before import = 0Number of asset objects unloaded after import = 0

========================================================================
Received Import Request.
  Time since last request: 0.000063 seconds.
  path: Assets/Scripts/Bosses/Boss3/Item_Hability.cs
  artifactKey: Guid(b4fd51ed8ca250845aaa9a8156810ae6) Importer(2089858483,192608db42251d675da83286b1cce702)
Start importing Assets/Scripts/Bosses/Boss3/Item_Hability.cs using Guid(b4fd51ed8ca250845aaa9a8156810ae6) Importer(2089858483,192608db42251d675da83286b1cce702) (ScriptedImporter) -> (artifact id: '4bf2ef46d217b5854dbd1e38b3bbe7cb') in 0.0349349 seconds
Number of updated asset objects reloaded before import = 0Number of asset objects unloaded after import = 0

========================================================================
Received Import Request.
  Time since last request: 0.000036 seconds.
  path: Assets/TextMesh Pro/Shaders/SDFFunctions.hlsl
  artifactKey: Guid(96de908384869cd409c75efa351d5edf) Importer(2089858483,192608db42251d675da83286b1cce702)
Start importing Assets/TextMesh Pro/Shaders/SDFFunctions.hlsl using Guid(96de908384869cd409c75efa351d5edf) Importer(2089858483,192608db42251d675da83286b1cce702) (ScriptedImporter) -> (artifact id: '0b041da3d05c9e71dc739db15d0dcb52') in 0.0353646 seconds
Number of updated asset objects reloaded before import = 0Number of asset objects unloaded after import = 1

========================================================================
Received Import Request.
  Time since last request: 0.000037 seconds.
  path: Assets/Sprites/Objects/Boss 3/defeated.PNG
  artifactKey: Guid(918edc5ca3515704cb7f3b02c85475f6) Importer(2089858483,192608db42251d675da83286b1cce702)
Start importing Assets/Sprites/Objects/Boss 3/defeated.PNG using Guid(918edc5ca3515704cb7f3b02c85475f6) Importer(2089858483,192608db42251d675da83286b1cce702) (ScriptedImporter) -> (artifact id: 'a51a411f01f86486e055bcfce5e49348') in 0.0905631 seconds
Number of updated asset objects reloaded before import = 0Number of asset objects unloaded after import = 7

========================================================================
Received Import Request.
  Time since last request: 0.000056 seconds.
  path: Assets/Sprites/Objects/Boss 2/idle.PNG
  artifactKey: Guid(c17518cc8588a294da933cca3eb9b63c) Importer(2089858483,192608db42251d675da83286b1cce702)
Start importing Assets/Sprites/Objects/Boss 2/idle.PNG using Guid(c17518cc8588a294da933cca3eb9b63c) Importer(2089858483,192608db42251d675da83286b1cce702) (ScriptedImporter) -> (artifact id: '55ffca1b46d460bbdf2ec7bfbda663b5') in 0.0838279 seconds
Number of updated asset objects reloaded before import = 0Number of asset objects unloaded after import = 6

========================================================================
Received Import Request.
  Time since last request: 0.000025 seconds.
  path: Assets/Sprites/Habilities/Hability 1 & 2/Ada Lovelace - rotated.PNG
  artifactKey: Guid(9c198f3f672122244a2133fca1c6c17b) Importer(2089858483,192608db42251d675da83286b1cce702)
Start importing Assets/Sprites/Habilities/Hability 1 & 2/Ada Lovelace - rotated.PNG using Guid(9c198f3f672122244a2133fca1c6c17b) Importer(2089858483,192608db42251d675da83286b1cce702) (ScriptedImporter) -> (artifact id: '93fdb4467f5af5ca78c18fbbcfe5c40b') in 0.0537227 seconds
Number of updated asset objects reloaded before import = 0Number of asset objects unloaded after import = 3

========================================================================
Received Import Request.
  Time since last request: 0.000128 seconds.
  path: Assets/TextMesh Pro/Shaders/TMP_SDF-URP Unlit.shadergraph
  artifactKey: Guid(124c112a6e8f1a54e8b0870e881b56d8) Importer(2089858483,192608db42251d675da83286b1cce702)
Start importing Assets/TextMesh Pro/Shaders/TMP_SDF-URP Unlit.shadergraph using Guid(124c112a6e8f1a54e8b0870e881b56d8) Importer(2089858483,192608db42251d675da83286b1cce702) (ScriptedImporter) -> (artifact id: 'b8288d3a6beab86263f0b568e613aa2e') in 0.0821982 seconds
Number of updated asset objects reloaded before import = 0Number of asset objects unloaded after import = 4

========================================================================
Received Import Request.
  Time since last request: 0.000061 seconds.
  path: Assets/Sprites/Objects/Enemy/Lb walk 24x24.PNG
  artifactKey: Guid(ce042945a4f4ec441ad3a4eb0c6b0737) Importer(2089858483,192608db42251d675da83286b1cce702)
Start importing Assets/Sprites/Objects/Enemy/Lb walk 24x24.PNG using Guid(ce042945a4f4ec441ad3a4eb0c6b0737) Importer(2089858483,192608db42251d675da83286b1cce702) (ScriptedImporter) -> (artifact id: 'a806ce311839381bb007e34bdaa6c191') in 0.0652225 seconds
Number of updated asset objects reloaded before import = 0Number of asset objects unloaded after import = 8

========================================================================
Received Import Request.
  Time since last request: 0.000211 seconds.
  path: Assets/Sprites/Objects/Boss 3/preparing to attack & attacking.PNG
  artifactKey: Guid(c25bca084d49bab4d8c46e0806819300) Importer(2089858483,192608db42251d675da83286b1cce702)
Start importing Assets/Sprites/Objects/Boss 3/preparing to attack & attacking.PNG using Guid(c25bca084d49bab4d8c46e0806819300) Importer(2089858483,192608db42251d675da83286b1cce702) (ScriptedImporter) -> (artifact id: '3131cd32d6b74f20003de28c86f87daf') in 0.0884308 seconds
Number of updated asset objects reloaded before import = 0Number of asset objects unloaded after import = 10

========================================================================
Received Import Request.
  Time since last request: 0.000042 seconds.
  path: Assets/Scripts/Robot/RobotAnimation.cs
  artifactKey: Guid(d9175b97c94eef940bdcd2b908cbeb55) Importer(2089858483,192608db42251d675da83286b1cce702)
Start importing Assets/Scripts/Robot/RobotAnimation.cs using Guid(d9175b97c94eef940bdcd2b908cbeb55) Importer(2089858483,192608db42251d675da83286b1cce702) (ScriptedImporter) -> (artifact id: '3ecb75955b0425ae82903cc3b0ea0580') in 0.0343655 seconds
Number of updated asset objects reloaded before import = 0Number of asset objects unloaded after import = 0

========================================================================
Received Import Request.
  Time since last request: 0.000070 seconds.
  path: Assets/Tilemap/Backgrounds/Tutorial.png
  artifactKey: Guid(2974ca63afb4a4d4ea7998986b700547) Importer(2089858483,192608db42251d675da83286b1cce702)
Start importing Assets/Tilemap/Backgrounds/Tutorial.png using Guid(2974ca63afb4a4d4ea7998986b700547) Importer(2089858483,192608db42251d675da83286b1cce702) (ScriptedImporter) -> (artifact id: 'b95c8f5c1371f9971f51a206c007f408') in 0.0634765 seconds
Number of updated asset objects reloaded before import = 0Number of asset objects unloaded after import = 3

========================================================================
Received Import Request.
  Time since last request: 0.000034 seconds.
  path: Assets/Scripts/Items & Collectables/Door.cs
  artifactKey: Guid(49c55488341ea6940a8b96cfed62afe7) Importer(2089858483,192608db42251d675da83286b1cce702)
Start importing Assets/Scripts/Items & Collectables/Door.cs using Guid(49c55488341ea6940a8b96cfed62afe7) Importer(2089858483,192608db42251d675da83286b1cce702) (ScriptedImporter) -> (artifact id: '5cc8e229ae0eb56b2bdd904ee10ffdb9') in 0.0329145 seconds
Number of updated asset objects reloaded before import = 0Number of asset objects unloaded after import = 0

========================================================================
Received Import Request.
  Time since last request: 0.000035 seconds.
  path: Assets/Sprites/Objects/Robot/Robot.png
  artifactKey: Guid(da4b5cab0d2d0e44a9efea99c665f4be) Importer(2089858483,192608db42251d675da83286b1cce702)
Start importing Assets/Sprites/Objects/Robot/Robot.png using Guid(da4b5cab0d2d0e44a9efea99c665f4be) Importer(2089858483,192608db42251d675da83286b1cce702) (ScriptedImporter) -> (artifact id: '342bbe829d69e6853d757112bbd91144') in 0.048377 seconds
Number of updated asset objects reloaded before import = 0Number of asset objects unloaded after import = 4

========================================================================
Received Import Request.
  Time since last request: 0.000052 seconds.
  path: Assets/Sprites/Objects/Player/walking.png
  artifactKey: Guid(741e7c6754fb2f649bfc9d225977a8ff) Importer(2089858483,192608db42251d675da83286b1cce702)
Start importing Assets/Sprites/Objects/Player/walking.png using Guid(741e7c6754fb2f649bfc9d225977a8ff) Importer(2089858483,192608db42251d675da83286b1cce702) (ScriptedImporter) -> (artifact id: '583cc4cc449a6470b1e7e77a7d2fbba7') in 0.0620022 seconds
Number of updated asset objects reloaded before import = 0Number of asset objects unloaded after import = 8

========================================================================
Received Import Request.
  Time since last request: 0.000080 seconds.
  path: Assets/Scripts/Bosses/Boss3/Teste_Die_5_2_Boss3.cs
  artifactKey: Guid(e3cc6d481549a8a40b255f010fbf1072) Importer(2089858483,192608db42251d675da83286b1cce702)
Start importing Assets/Scripts/Bosses/Boss3/Teste_Die_5_2_Boss3.cs using Guid(e3cc6d481549a8a40b255f010fbf1072) Importer(2089858483,192608db42251d675da83286b1cce702) (ScriptedImporter) -> (artifact id: '8c2a7bd392ac669bf3d44395b33c124d') in 0.0295481 seconds
Number of updated asset objects reloaded before import = 0Number of asset objects unloaded after import = 0

========================================================================
Received Import Request.
  Time since last request: 0.000040 seconds.
  path: Assets/UniversalRenderPipelineGlobalSettings.asset
  artifactKey: Guid(93b439a37f63240aca3dd4e01d978a9f) Importer(2089858483,192608db42251d675da83286b1cce702)
Start importing Assets/UniversalRenderPipelineGlobalSettings.asset using Guid(93b439a37f63240aca3dd4e01d978a9f) Importer(2089858483,192608db42251d675da83286b1cce702) (ScriptedImporter) -> (artifact id: '58174476ac57a74392aff163ec013657') in 0.1513495 seconds
Number of updated asset objects reloaded before import = 0Number of asset objects unloaded after import = 0

========================================================================
Received Import Request.
  Time since last request: 0.000122 seconds.
  path: Assets/TextMesh Pro/Shaders/TMP_SDF-HDRP LIT.shadergraph
  artifactKey: Guid(ca2ed216f98028c4dae6c5224a952b3c) Importer(2089858483,192608db42251d675da83286b1cce702)
Start importing Assets/TextMesh Pro/Shaders/TMP_SDF-HDRP LIT.shadergraph using Guid(ca2ed216f98028c4dae6c5224a952b3c) Importer(2089858483,192608db42251d675da83286b1cce702) (ScriptedImporter) -> (artifact id: '83a0132a5911b12e51eb899e0acb03a2') in 0.0457767 seconds
Number of updated asset objects reloaded before import = 0Number of asset objects unloaded after import = 3

========================================================================
Received Import Request.
  Time since last request: 0.000029 seconds.
  path: Assets/Sprites/Habilities/Hability 3 & 4/Mary Kenneth Keller.PNG
  artifactKey: Guid(10a7cc85dca7c8c459082f45beb0390c) Importer(2089858483,192608db42251d675da83286b1cce702)
Start importing Assets/Sprites/Habilities/Hability 3 & 4/Mary Kenneth Keller.PNG using Guid(10a7cc85dca7c8c459082f45beb0390c) Importer(2089858483,192608db42251d675da83286b1cce702) (ScriptedImporter) -> (artifact id: 'f1adea727d64ca662550181174bd8218') in 0.0515097 seconds
Number of updated asset objects reloaded before import = 0Number of asset objects unloaded after import = 3

========================================================================
Received Import Request.
  Time since last request: 0.000056 seconds.
  path: Assets/UI/Habilities/Screen.png
  artifactKey: Guid(3b15c8f2f7b78da4caaf6a28372b75fa) Importer(2089858483,192608db42251d675da83286b1cce702)
Start importing Assets/UI/Habilities/Screen.png using Guid(3b15c8f2f7b78da4caaf6a28372b75fa) Importer(2089858483,192608db42251d675da83286b1cce702) (ScriptedImporter) -> (artifact id: '1a0564b9033a95f17a9658bcc48be5f4') in 0.0580919 seconds
Number of updated asset objects reloaded before import = 0Number of asset objects unloaded after import = 3

========================================================================
Received Import Request.
  Time since last request: 0.000075 seconds.
  path: Assets/ROUNDBRICKS 1.png
  artifactKey: Guid(ea285f0073931c342b6a145e7e4549de) Importer(2089858483,192608db42251d675da83286b1cce702)
Start importing Assets/ROUNDBRICKS 1.png using Guid(ea285f0073931c342b6a145e7e4549de) Importer(2089858483,192608db42251d675da83286b1cce702) (ScriptedImporter) -> (artifact id: '123b51d88bfc3ecf89d52639871a20b9') in 0.060382 seconds
Number of updated asset objects reloaded before import = 0Number of asset objects unloaded after import = 3

========================================================================
Received Import Request.
  Time since last request: 0.000022 seconds.
  path: Assets/Sprites/Objects/Boss 2/hitted.PNG
  artifactKey: Guid(f2324fca39b430943929f528e7fa38ba) Importer(2089858483,192608db42251d675da83286b1cce702)
Start importing Assets/Sprites/Objects/Boss 2/hitted.PNG using Guid(f2324fca39b430943929f528e7fa38ba) Importer(2089858483,192608db42251d675da83286b1cce702) (ScriptedImporter) -> (artifact id: '13139c73200f7b4ad7911e1d9dc0f0d5') in 0.0785265 seconds
Number of updated asset objects reloaded before import = 0Number of asset objects unloaded after import = 5

========================================================================
Received Import Request.
  Time since last request: 0.000067 seconds.
  path: Assets/TextMesh Pro/Examples & Extras/Materials/Ground - URP.mat
  artifactKey: Guid(71529b88994c1a341b22bc57c038674a) Importer(2089858483,192608db42251d675da83286b1cce702)
Start importing Assets/TextMesh Pro/Examples & Extras/Materials/Ground - URP.mat using Guid(71529b88994c1a341b22bc57c038674a) Importer(2089858483,192608db42251d675da83286b1cce702) (ScriptedImporter) -> (artifact id: '898ea9b4958167754cbb9bda17eb4e1c') in 0.073006 seconds
Number of updated asset objects reloaded before import = 0Number of asset objects unloaded after import = 2

========================================================================
Received Import Request.
  Time since last request: 0.000054 seconds.
  path: Assets/TextMesh Pro/Examples & Extras/Prefabs/TextMeshPro - Prefab 1.prefab
  artifactKey: Guid(a6e39ced0ea046bcb636c3f0b2e2a745) Importer(2089858483,192608db42251d675da83286b1cce702)
Start importing Assets/TextMesh Pro/Examples & Extras/Prefabs/TextMeshPro - Prefab 1.prefab using Guid(a6e39ced0ea046bcb636c3f0b2e2a745) Importer(2089858483,192608db42251d675da83286b1cce702) (ScriptedImporter) -> (artifact id: 'fd37a5e8fd1db146f6451a2d22e813fc') in 0.3270696 seconds
Number of updated asset objects reloaded before import = 0Number of asset objects unloaded after import = 16

========================================================================
Received Import Request.
  Time since last request: 0.000045 seconds.
  path: Assets/TextMesh Pro/Examples & Extras/Scenes/03 - Line Justification.unity
  artifactKey: Guid(21a509e1d3cd49978623fa564adb6f02) Importer(2089858483,192608db42251d675da83286b1cce702)
Start importing Assets/TextMesh Pro/Examples & Extras/Scenes/03 - Line Justification.unity using Guid(21a509e1d3cd49978623fa564adb6f02) Importer(2089858483,192608db42251d675da83286b1cce702) (ScriptedImporter) -> (artifact id: 'dc9b2874034ad2ee19e6fb6252f3aa49') in 0.0340074 seconds
Number of updated asset objects reloaded before import = 0Number of asset objects unloaded after import = 1

========================================================================
Received Import Request.
  Time since last request: 0.000057 seconds.
  path: Assets/Sprites/Habilities/Hability 5 & 6/Enemy 3.png
  artifactKey: Guid(1a9e0c806a6831e43bdf1fa14690dec0) Importer(2089858483,192608db42251d675da83286b1cce702)
Start importing Assets/Sprites/Habilities/Hability 5 & 6/Enemy 3.png using Guid(1a9e0c806a6831e43bdf1fa14690dec0) Importer(2089858483,192608db42251d675da83286b1cce702) (ScriptedImporter) -> (artifact id: 'fa11b7946e963993beda2b784d6de7f9') in 0.0702505 seconds
Number of updated asset objects reloaded before import = 0Number of asset objects unloaded after import = 3

========================================================================
Received Import Request.
  Time since last request: 0.000034 seconds.
  path: Assets/TextMesh Pro/Shaders/TMP_SDF-HDRP UNLIT.shadergraph
  artifactKey: Guid(f63d574838ccfb44f84acc05fed0af48) Importer(2089858483,192608db42251d675da83286b1cce702)
Start importing Assets/TextMesh Pro/Shaders/TMP_SDF-HDRP UNLIT.shadergraph using Guid(f63d574838ccfb44f84acc05fed0af48) Importer(2089858483,192608db42251d675da83286b1cce702) (ScriptedImporter) -> (artifact id: '02bd195ff218356307fc5149cba2de71') in 0.0530391 seconds
Number of updated asset objects reloaded before import = 0Number of asset objects unloaded after import = 3

========================================================================
Received Import Request.
  Time since last request: 0.000103 seconds.
  path: Assets/TextMesh Pro/Shaders/TMP_Sprite.shader
  artifactKey: Guid(cf81c85f95fe47e1a27f6ae460cf182c) Importer(2089858483,192608db42251d675da83286b1cce702)
Start importing Assets/TextMesh Pro/Shaders/TMP_Sprite.shader using Guid(cf81c85f95fe47e1a27f6ae460cf182c) Importer(2089858483,192608db42251d675da83286b1cce702) (ScriptedImporter) -> (artifact id: 'd9cf95ad8b1132ce161d8156e6488b38') in 0.0364766 seconds
Number of updated asset objects reloaded before import = 0Number of asset objects unloaded after import = 1

========================================================================
Received Import Request.
  Time since last request: 0.000047 seconds.
  path: Assets/Scripts/UI Scripts/Habilities/Hability6_2.cs
  artifactKey: Guid(b1702c79dcd0442438d512eedfc3c64b) Importer(2089858483,192608db42251d675da83286b1cce702)
Start importing Assets/Scripts/UI Scripts/Habilities/Hability6_2.cs using Guid(b1702c79dcd0442438d512eedfc3c64b) Importer(2089858483,192608db42251d675da83286b1cce702) (ScriptedImporter) -> (artifact id: 'b41e577f694aab6216739c81301312f6') in 0.0384351 seconds
Number of updated asset objects reloaded before import = 0Number of asset objects unloaded after import = 0

========================================================================
Received Import Request.
  Time since last request: 0.000066 seconds.
  path: Assets/TextMesh Pro/Examples & Extras/Scenes/10 - Bullets & Numbered List Example.unity
  artifactKey: Guid(c3f814e1d12c45568daf3dd9a86a0e61) Importer(2089858483,192608db42251d675da83286b1cce702)
Start importing Assets/TextMesh Pro/Examples & Extras/Scenes/10 - Bullets & Numbered List Example.unity using Guid(c3f814e1d12c45568daf3dd9a86a0e61) Importer(2089858483,192608db42251d675da83286b1cce702) (ScriptedImporter) -> (artifact id: '1af8c671bebf3c880f1e93aa72916b9f') in 0.0375963 seconds
Number of updated asset objects reloaded before import = 0Number of asset objects unloaded after import = 1

========================================================================
Received Import Request.
  Time since last request: 0.000043 seconds.
  path: Assets/TextMesh Pro/Examples & Extras/Scenes/12 - Link Example.unity
  artifactKey: Guid(9747140c28254be2adc582210dfb89b8) Importer(2089858483,192608db42251d675da83286b1cce702)
Start importing Assets/TextMesh Pro/Examples & Extras/Scenes/12 - Link Example.unity using Guid(9747140c28254be2adc582210dfb89b8) Importer(2089858483,192608db42251d675da83286b1cce702) (ScriptedImporter) -> (artifact id: 'b3e4ec2437d4a09abc9667eccd3ad375') in 0.0396576 seconds
Number of updated asset objects reloaded before import = 0Number of asset objects unloaded after import = 1

========================================================================
Received Import Request.
  Time since last request: 0.000062 seconds.
  path: Assets/TextMesh Pro/Examples & Extras/Scenes/08 - Improved Text Alignment.unity
  artifactKey: Guid(5fe2257128d9401fad0790f581dc8a6f) Importer(2089858483,192608db42251d675da83286b1cce702)
Start importing Assets/TextMesh Pro/Examples & Extras/Scenes/08 - Improved Text Alignment.unity using Guid(5fe2257128d9401fad0790f581dc8a6f) Importer(2089858483,192608db42251d675da83286b1cce702) (ScriptedImporter) -> (artifact id: '8b97719fbab3c38ddc1d966744ea71fa') in 0.0373447 seconds
Number of updated asset objects reloaded before import = 0Number of asset objects unloaded after import = 1

========================================================================
Received Import Request.
  Time since last request: 0.000032 seconds.
  path: Assets/TextMesh Pro/Examples & Extras/Scenes/02 - Multi-line TextMesh Pro.unity
  artifactKey: Guid(251716609f634449bfe8ce75c0ed78fe) Importer(2089858483,192608db42251d675da83286b1cce702)
Start importing Assets/TextMesh Pro/Examples & Extras/Scenes/02 - Multi-line TextMesh Pro.unity using Guid(251716609f634449bfe8ce75c0ed78fe) Importer(2089858483,192608db42251d675da83286b1cce702) (ScriptedImporter) -> (artifact id: '38caed7979b884a1edb9c2e33abb692f') in 0.0355754 seconds
Number of updated asset objects reloaded before import = 0Number of asset objects unloaded after import = 1

========================================================================
Received Import Request.
  Time since last request: 0.000036 seconds.
  path: Assets/Scripts/Bosses/Boss1/ProjectileDeath.cs
  artifactKey: Guid(6e16c90964ac1d447bc2c82560f86239) Importer(2089858483,192608db42251d675da83286b1cce702)
Start importing Assets/Scripts/Bosses/Boss1/ProjectileDeath.cs using Guid(6e16c90964ac1d447bc2c82560f86239) Importer(2089858483,192608db42251d675da83286b1cce702) (ScriptedImporter) -> (artifact id: '31b257b22bfa240b7257588484d7a841') in 0.0419769 seconds
Number of updated asset objects reloaded before import = 0Number of asset objects unloaded after import = 0

========================================================================
Received Import Request.
  Time since last request: 0.000064 seconds.
  path: Assets/TextMesh Pro/Examples & Extras/Scenes/19 - Masking Texture & Soft Mask.unity
  artifactKey: Guid(9abcd5bd764646568a6ea70d00f9264c) Importer(2089858483,192608db42251d675da83286b1cce702)
Start importing Assets/TextMesh Pro/Examples & Extras/Scenes/19 - Masking Texture & Soft Mask.unity using Guid(9abcd5bd764646568a6ea70d00f9264c) Importer(2089858483,192608db42251d675da83286b1cce702) (ScriptedImporter) -> (artifact id: 'ae9808b0df96867950c5dea4057a0bd9') in 0.0474343 seconds
Number of updated asset objects reloaded before import = 0Number of asset objects unloaded after import = 1

========================================================================
Received Import Request.
  Time since last request: 0.000029 seconds.
  path: Assets/TextMesh Pro/Examples & Extras/Scenes/22 - Basic Scripting Example.unity
  artifactKey: Guid(6250f98e58fe4abbaada5d84b7ca846d) Importer(2089858483,192608db42251d675da83286b1cce702)
Start importing Assets/TextMesh Pro/Examples & Extras/Scenes/22 - Basic Scripting Example.unity using Guid(6250f98e58fe4abbaada5d84b7ca846d) Importer(2089858483,192608db42251d675da83286b1cce702) (ScriptedImporter) -> (artifact id: '05c4afea158527f62dc0d9fe72949088') in 0.0318224 seconds
Number of updated asset objects reloaded before import = 0Number of asset objects unloaded after import = 1

========================================================================
Received Import Request.
  Time since last request: 0.000039 seconds.
  path: Assets/Sprites/Habilities/Hability 5 & 6/ErrorVideoRenderTexture.renderTexture
  artifactKey: Guid(db2427a53cf6e8e4d8f12158becc329a) Importer(2089858483,192608db42251d675da83286b1cce702)
Start importing Assets/Sprites/Habilities/Hability 5 & 6/ErrorVideoRenderTexture.renderTexture using Guid(db2427a53cf6e8e4d8f12158becc329a) Importer(2089858483,192608db42251d675da83286b1cce702) (ScriptedImporter) -> (artifact id: '78b10f34fbd108ec99365ee571976c2c') in 0.0615718 seconds
Number of updated asset objects reloaded before import = 0Number of asset objects unloaded after import = 1

========================================================================
Received Import Request.
  Time since last request: 0.000078 seconds.
  path: Assets/Sprites/Objects/Boss 1/idle.PNG
  artifactKey: Guid(db79531927c12ed4a848cb0ff3fdf802) Importer(2089858483,192608db42251d675da83286b1cce702)
Start importing Assets/Sprites/Objects/Boss 1/idle.PNG using Guid(db79531927c12ed4a848cb0ff3fdf802) Importer(2089858483,192608db42251d675da83286b1cce702) (ScriptedImporter) -> (artifact id: '590bafae80f567a0014e848000e65916') in 0.0966413 seconds
Number of updated asset objects reloaded before import = 0Number of asset objects unloaded after import = 7

========================================================================
Received Import Request.
  Time since last request: 0.000044 seconds.
  path: Assets/TextMesh Pro/Examples & Extras/Scenes/27 - Double Pass Shader Example.unity
  artifactKey: Guid(3b38a6ba32b869f48812e595baf39746) Importer(2089858483,192608db42251d675da83286b1cce702)
Start importing Assets/TextMesh Pro/Examples & Extras/Scenes/27 - Double Pass Shader Example.unity using Guid(3b38a6ba32b869f48812e595baf39746) Importer(2089858483,192608db42251d675da83286b1cce702) (ScriptedImporter) -> (artifact id: 'a0ce1da4094010c1d62e4d52ce15cd2f') in 0.0368146 seconds
Number of updated asset objects reloaded before import = 0Number of asset objects unloaded after import = 1

========================================================================
Received Import Request.
  Time since last request: 0.000048 seconds.
  path: Assets/TextMesh Pro/Examples & Extras/Scripts/DropdownSample.cs
  artifactKey: Guid(ac1eb05af6d391b4eb0f4c070a99f1d0) Importer(2089858483,192608db42251d675da83286b1cce702)
Start importing Assets/TextMesh Pro/Examples & Extras/Scripts/DropdownSample.cs using Guid(ac1eb05af6d391b4eb0f4c070a99f1d0) Importer(2089858483,192608db42251d675da83286b1cce702) (ScriptedImporter) -> (artifact id: 'f6cf8daad30ab33cacfccd3322881895') in 0.0434875 seconds
Number of updated asset objects reloaded before import = 0Number of asset objects unloaded after import = 0

========================================================================
Received Import Request.
  Time since last request: 0.000076 seconds.
  path: Assets/TextMesh Pro/Examples & Extras/Scripts/CameraController.cs
  artifactKey: Guid(2d687537154440a3913a9a3c7977978c) Importer(2089858483,192608db42251d675da83286b1cce702)
Start importing Assets/TextMesh Pro/Examples & Extras/Scripts/CameraController.cs using Guid(2d687537154440a3913a9a3c7977978c) Importer(2089858483,192608db42251d675da83286b1cce702) (ScriptedImporter) -> (artifact id: 'c6d9d510880e191f9c86dc2121da6a62') in 0.0485888 seconds
Number of updated asset objects reloaded before import = 0Number of asset objects unloaded after import = 0

========================================================================
Received Import Request.
  Time since last request: 0.000036 seconds.
  path: Assets/Sprites/Objects/Items & Collectables/coin_1_sheet (1).png
  artifactKey: Guid(24c1d6119c73c45429ede00bb879911b) Importer(2089858483,192608db42251d675da83286b1cce702)
Start importing Assets/Sprites/Objects/Items & Collectables/coin_1_sheet (1).png using Guid(24c1d6119c73c45429ede00bb879911b) Importer(2089858483,192608db42251d675da83286b1cce702) (ScriptedImporter) -> (artifact id: 'c7bfa604567549b9f402dc8ca0e39774') in 0.0771157 seconds
Number of updated asset objects reloaded before import = 0Number of asset objects unloaded after import = 11

========================================================================
Received Import Request.
  Time since last request: 0.000056 seconds.
  path: Assets/TextMesh Pro/Examples & Extras/Scripts/SkewTextExample.cs
  artifactKey: Guid(d412675cfb3441efa3bf8dcd9b7624dc) Importer(2089858483,192608db42251d675da83286b1cce702)
Start importing Assets/TextMesh Pro/Examples & Extras/Scripts/SkewTextExample.cs using Guid(d412675cfb3441efa3bf8dcd9b7624dc) Importer(2089858483,192608db42251d675da83286b1cce702) (ScriptedImporter) -> (artifact id: 'db314193866d2401dd14b4fb50bda1d4') in 0.0395446 seconds
Number of updated asset objects reloaded before import = 0Number of asset objects unloaded after import = 0

========================================================================
Received Import Request.
  Time since last request: 0.000060 seconds.
  path: Assets/TextMesh Pro/Examples & Extras/Scripts/TMP_ExampleScript_01.cs
  artifactKey: Guid(6f2c5b59b6874405865e2616e4ec276a) Importer(2089858483,192608db42251d675da83286b1cce702)
Start importing Assets/TextMesh Pro/Examples & Extras/Scripts/TMP_ExampleScript_01.cs using Guid(6f2c5b59b6874405865e2616e4ec276a) Importer(2089858483,192608db42251d675da83286b1cce702) (ScriptedImporter) -> (artifact id: 'f5f56dfe8925197f6be399acb3600fb5') in 0.0509027 seconds
Number of updated asset objects reloaded before import = 0Number of asset objects unloaded after import = 0

========================================================================
Received Import Request.
  Time since last request: 0.000032 seconds.
  path: Assets/TextMesh Pro/Examples & Extras/Scripts/TMP_FrameRateCounter.cs
  artifactKey: Guid(686ec78b56aa445795335fbadafcfaa4) Importer(2089858483,192608db42251d675da83286b1cce702)
Start importing Assets/TextMesh Pro/Examples & Extras/Scripts/TMP_FrameRateCounter.cs using Guid(686ec78b56aa445795335fbadafcfaa4) Importer(2089858483,192608db42251d675da83286b1cce702) (ScriptedImporter) -> (artifact id: '96ed5c5d8c056b8a7b5f4f19673a6916') in 0.0490569 seconds
Number of updated asset objects reloaded before import = 0Number of asset objects unloaded after import = 0

========================================================================
Received Import Request.
  Time since last request: 0.000031 seconds.
  path: Assets/TextMesh Pro/Examples & Extras/Scripts/TextMeshSpawner.cs
  artifactKey: Guid(76c11bbcfddf44e0ba17d6c2751c8d84) Importer(2089858483,192608db42251d675da83286b1cce702)
Start importing Assets/TextMesh Pro/Examples & Extras/Scripts/TextMeshSpawner.cs using Guid(76c11bbcfddf44e0ba17d6c2751c8d84) Importer(2089858483,192608db42251d675da83286b1cce702) (ScriptedImporter) -> (artifact id: 'fc7bcd1b3cda48f3f3b585231fadcf58') in 0.025956 seconds
Number of updated asset objects reloaded before import = 0Number of asset objects unloaded after import = 0

========================================================================
Received Import Request.
  Time since last request: 0.000071 seconds.
  path: Assets/TextMesh Pro/Examples & Extras/Scripts/TMP_UiFrameRateCounter.cs
  artifactKey: Guid(24b0dc2d1d494adbbec1f4db26b4cf83) Importer(2089858483,192608db42251d675da83286b1cce702)
Start importing Assets/TextMesh Pro/Examples & Extras/Scripts/TMP_UiFrameRateCounter.cs using Guid(24b0dc2d1d494adbbec1f4db26b4cf83) Importer(2089858483,192608db42251d675da83286b1cce702) (ScriptedImporter) -> (artifact id: 'd512fa456321640506c63019b0040387') in 0.0482369 seconds
Number of updated asset objects reloaded before import = 0Number of asset objects unloaded after import = 0

========================================================================
Received Import Request.
  Time since last request: 0.000040 seconds.
  path: Assets/TextMesh Pro/Examples & Extras/Scripts/TMP_TextInfoDebugTool.cs
  artifactKey: Guid(21256c5b62f346f18640dad779911e20) Importer(2089858483,192608db42251d675da83286b1cce702)
Start importing Assets/TextMesh Pro/Examples & Extras/Scripts/TMP_TextInfoDebugTool.cs using Guid(21256c5b62f346f18640dad779911e20) Importer(2089858483,192608db42251d675da83286b1cce702) (ScriptedImporter) -> (artifact id: '45065ea4c352ad711be7e5562f4edb0a') in 0.0382549 seconds
Number of updated asset objects reloaded before import = 0Number of asset objects unloaded after import = 0

========================================================================
Received Import Request.
  Time since last request: 0.000043 seconds.
  path: Assets/TextMesh Pro/Examples & Extras/Fonts/Roboto-Bold.ttf
  artifactKey: Guid(4beb055f07aaff244873dec698d0363e) Importer(2089858483,192608db42251d675da83286b1cce702)
Start importing Assets/TextMesh Pro/Examples & Extras/Fonts/Roboto-Bold.ttf using Guid(4beb055f07aaff244873dec698d0363e) Importer(2089858483,192608db42251d675da83286b1cce702) (ScriptedImporter) -> (artifact id: 'c5c10e7dad34e902da0c933a560841eb') in 0.0572039 seconds
Number of updated asset objects reloaded before import = 0Number of asset objects unloaded after import = 3

========================================================================
Received Import Request.
  Time since last request: 0.000058 seconds.
  path: Assets/TextMesh Pro/Examples & Extras/Prefabs/Text Popup.prefab
  artifactKey: Guid(b06f0e6c1dfa4356ac918da1bb32c603) Importer(2089858483,192608db42251d675da83286b1cce702)
Start importing Assets/TextMesh Pro/Examples & Extras/Prefabs/Text Popup.prefab using Guid(b06f0e6c1dfa4356ac918da1bb32c603) Importer(2089858483,192608db42251d675da83286b1cce702) (ScriptedImporter) -> (artifact id: 'a34d37cc0cb3a96dbf58be5d6c02943b') in 0.117711 seconds
Number of updated asset objects reloaded before import = 0Number of asset objects unloaded after import = 21

========================================================================
Received Import Request.
  Time since last request: 0.000038 seconds.
  path: Assets/TextMesh Pro/Examples & Extras/Textures/Fruit Jelly (B&W).jpg
  artifactKey: Guid(1cdc5b506b1a4a33a53c30669ced1f51) Importer(2089858483,192608db42251d675da83286b1cce702)
Start importing Assets/TextMesh Pro/Examples & Extras/Textures/Fruit Jelly (B&W).jpg using Guid(1cdc5b506b1a4a33a53c30669ced1f51) Importer(2089858483,192608db42251d675da83286b1cce702) (ScriptedImporter) -> (artifact id: '64675dfa58452723f690bef17dff8302') in 0.0623399 seconds
Number of updated asset objects reloaded before import = 0Number of asset objects unloaded after import = 1

========================================================================
Received Import Request.
  Time since last request: 0.000051 seconds.
  path: Assets/TextMesh Pro/Examples & Extras/Textures/Gradient Vertical (Color).jpg
  artifactKey: Guid(03d0538de6e24c0f819bfc9ce084dfa9) Importer(2089858483,192608db42251d675da83286b1cce702)
Start importing Assets/TextMesh Pro/Examples & Extras/Textures/Gradient Vertical (Color).jpg using Guid(03d0538de6e24c0f819bfc9ce084dfa9) Importer(2089858483,192608db42251d675da83286b1cce702) (ScriptedImporter) -> (artifact id: '5c1e2622692e29de18960ec152346880') in 0.0675377 seconds
Number of updated asset objects reloaded before import = 0Number of asset objects unloaded after import = 1

========================================================================
Received Import Request.
  Time since last request: 0.000051 seconds.
  path: Assets/Sprites/Habilities/Hability 5 & 6/Enemy 2.png
  artifactKey: Guid(e1090e4d6bd86c84390fa72c898a7c81) Importer(2089858483,192608db42251d675da83286b1cce702)
Start importing Assets/Sprites/Habilities/Hability 5 & 6/Enemy 2.png using Guid(e1090e4d6bd86c84390fa72c898a7c81) Importer(2089858483,192608db42251d675da83286b1cce702) (ScriptedImporter) -> (artifact id: 'd6c74841f794a5c6313130f93aaebb60') in 0.0755673 seconds
Number of updated asset objects reloaded before import = 0Number of asset objects unloaded after import = 3

========================================================================
Received Import Request.
  Time since last request: 0.000117 seconds.
  path: Assets/TextMesh Pro/Resources/Fonts & Materials/LiberationSans SDF - Outline.mat
  artifactKey: Guid(79459efec17a4d00a321bdcc27bbc385) Importer(2089858483,192608db42251d675da83286b1cce702)
Start importing Assets/TextMesh Pro/Resources/Fonts & Materials/LiberationSans SDF - Outline.mat using Guid(79459efec17a4d00a321bdcc27bbc385) Importer(2089858483,192608db42251d675da83286b1cce702) (ScriptedImporter) -> (artifact id: '2f09a2d33a94c9b44ec3c91769efb588') in 0.0589889 seconds
Number of updated asset objects reloaded before import = 0Number of asset objects unloaded after import = 2

========================================================================
Received Import Request.
  Time since last request: 0.000070 seconds.
  path: Assets/TextMesh Pro/Resources/Fonts & Materials/LiberationSans SDF.asset
  artifactKey: Guid(8f586378b4e144a9851e7b34d9b748ee) Importer(2089858483,192608db42251d675da83286b1cce702)
Start importing Assets/TextMesh Pro/Resources/Fonts & Materials/LiberationSans SDF.asset using Guid(8f586378b4e144a9851e7b34d9b748ee) Importer(2089858483,192608db42251d675da83286b1cce702) (ScriptedImporter) -> (artifact id: '9af39314c53b1d47711a978bcaf8a3df') in 0.1284111 seconds
Number of updated asset objects reloaded before import = 0Number of asset objects unloaded after import = 8

========================================================================
Received Import Request.
  Time since last request: 0.000052 seconds.
  path: Assets/TextMesh Pro/Examples & Extras/Textures/Wipe Pattern - Circle.psd
  artifactKey: Guid(10c49fcd9c64421db7c0133e61e55f97) Importer(2089858483,192608db42251d675da83286b1cce702)
Start importing Assets/TextMesh Pro/Examples & Extras/Textures/Wipe Pattern - Circle.psd using Guid(10c49fcd9c64421db7c0133e61e55f97) Importer(2089858483,192608db42251d675da83286b1cce702) (ScriptedImporter) -> (artifact id: '2754d8b087cf7f73c9c3c69bbbfee8ce') in 0.0585656 seconds
Number of updated asset objects reloaded before import = 0Number of asset objects unloaded after import = 1

========================================================================
Received Import Request.
  Time since last request: 0.000030 seconds.
  path: Assets/TextMesh Pro/Examples & Extras/Scenes/14 - Multi Font & Sprites.unity
  artifactKey: Guid(22a2fba786ad4c40ac0ba09f0b933100) Importer(2089858483,192608db42251d675da83286b1cce702)
Start importing Assets/TextMesh Pro/Examples & Extras/Scenes/14 - Multi Font & Sprites.unity using Guid(22a2fba786ad4c40ac0ba09f0b933100) Importer(2089858483,192608db42251d675da83286b1cce702) (ScriptedImporter) -> (artifact id: '7afdc5da36139d4d8c4476f0e26b96cd') in 0.036497 seconds
Number of updated asset objects reloaded before import = 0Number of asset objects unloaded after import = 1

========================================================================
Received Import Request.
  Time since last request: 0.000060 seconds.
  path: Assets/Tilemap/Tilesets/Tileset Fase 1/RAMPA-0-removebg-preview 1_0.asset
  artifactKey: Guid(73fe072c21483fa44baeb6f992e9fc38) Importer(2089858483,192608db42251d675da83286b1cce702)
Start importing Assets/Tilemap/Tilesets/Tileset Fase 1/RAMPA-0-removebg-preview 1_0.asset using Guid(73fe072c21483fa44baeb6f992e9fc38) Importer(2089858483,192608db42251d675da83286b1cce702) (ScriptedImporter) -> (artifact id: '5dba9ac74143ee1f07e39910b615b9c4') in 0.0621764 seconds
Number of updated asset objects reloaded before import = 0Number of asset objects unloaded after import = 1

========================================================================
Received Import Request.
  Time since last request: 0.000054 seconds.
  path: Assets/Tilemap/Tilesets/Tileset Fase 1/07_0.asset
  artifactKey: Guid(aa9e54b449467ad4cb988b3234c6614e) Importer(2089858483,192608db42251d675da83286b1cce702)
Start importing Assets/Tilemap/Tilesets/Tileset Fase 1/07_0.asset using Guid(aa9e54b449467ad4cb988b3234c6614e) Importer(2089858483,192608db42251d675da83286b1cce702) (ScriptedImporter) -> (artifact id: '48187c98d105d9beaa96f91bb7f5a797') in 0.0462786 seconds
Number of updated asset objects reloaded before import = 0Number of asset objects unloaded after import = 2

========================================================================
Received Import Request.
  Time since last request: 0.000051 seconds.
  path: Assets/TextMesh Pro/Examples & Extras/Scenes/26 - Dropdown Placeholder Example.unity
  artifactKey: Guid(0851605490a599b46b6ac5cb681d93ea) Importer(2089858483,192608db42251d675da83286b1cce702)
Start importing Assets/TextMesh Pro/Examples & Extras/Scenes/26 - Dropdown Placeholder Example.unity using Guid(0851605490a599b46b6ac5cb681d93ea) Importer(2089858483,192608db42251d675da83286b1cce702) (ScriptedImporter) -> (artifact id: '21c3b1f8d9b37a62121096c9945cff1b') in 0.0350572 seconds
Number of updated asset objects reloaded before import = 0Number of asset objects unloaded after import = 1

========================================================================
Received Import Request.
  Time since last request: 0.000038 seconds.
  path: Assets/Tilemap/Tilesets/Tileset Fase 1/New Tile Palette.prefab
  artifactKey: Guid(d8e20873b470111478bc14bac3267f53) Importer(2089858483,192608db42251d675da83286b1cce702)
Start importing Assets/Tilemap/Tilesets/Tileset Fase 1/New Tile Palette.prefab using Guid(d8e20873b470111478bc14bac3267f53) Importer(2089858483,192608db42251d675da83286b1cce702) (ScriptedImporter) -> (artifact id: '44cda065a26ca3180ef98463783e88af') in 0.1313269 seconds
Number of updated asset objects reloaded before import = 0Number of asset objects unloaded after import = 10

========================================================================
Received Import Request.
  Time since last request: 0.000059 seconds.
  path: Assets/Tilemap/Tilesets/Tileset Fase 1/Terrain-01_4.asset
  artifactKey: Guid(00e1db9ad3e7eab4dbf81257551348f8) Importer(2089858483,192608db42251d675da83286b1cce702)
Start importing Assets/Tilemap/Tilesets/Tileset Fase 1/Terrain-01_4.asset using Guid(00e1db9ad3e7eab4dbf81257551348f8) Importer(2089858483,192608db42251d675da83286b1cce702) (ScriptedImporter) -> (artifact id: 'a536edcf80e7b6cbe9b45e8d69c19294') in 0.0380773 seconds
Number of updated asset objects reloaded before import = 0Number of asset objects unloaded after import = 1

========================================================================
Received Import Request.
  Time since last request: 0.000240 seconds.
  path: Assets/Tilemap/Tilesets/Tileset Fase 1/Tileset_ground_0 1.asset
  artifactKey: Guid(076b5e475335fe6498f0849229615f1e) Importer(2089858483,192608db42251d675da83286b1cce702)
Start importing Assets/Tilemap/Tilesets/Tileset Fase 1/Tileset_ground_0 1.asset using Guid(076b5e475335fe6498f0849229615f1e) Importer(2089858483,192608db42251d675da83286b1cce702) (ScriptedImporter) -> (artifact id: '3357591ef2e65ebbf77ec9f396a2c3a9') in 0.0334094 seconds
Number of updated asset objects reloaded before import = 0Number of asset objects unloaded after import = 2

========================================================================
Received Import Request.
  Time since last request: 0.000036 seconds.
  path: Assets/Tilemap/Tilesets/Tileset Fase 1/Terrain-01_22.asset
  artifactKey: Guid(ee4b01a62fd6f4140adac7e67b370907) Importer(2089858483,192608db42251d675da83286b1cce702)
Start importing Assets/Tilemap/Tilesets/Tileset Fase 1/Terrain-01_22.asset using Guid(ee4b01a62fd6f4140adac7e67b370907) Importer(2089858483,192608db42251d675da83286b1cce702) (ScriptedImporter) -> (artifact id: 'b545a0002ef4b15ded4ebc974c2769f5') in 0.0339192 seconds
Number of updated asset objects reloaded before import = 0Number of asset objects unloaded after import = 1

========================================================================
Received Import Request.
  Time since last request: 0.000058 seconds.
  path: Assets/Sprites/Objects/Items & Collectables/coin_1_sheet (1)_0.asset
  artifactKey: Guid(4453e9ed2b3b51440a96598e81024b61) Importer(2089858483,192608db42251d675da83286b1cce702)
Start importing Assets/Sprites/Objects/Items & Collectables/coin_1_sheet (1)_0.asset using Guid(4453e9ed2b3b51440a96598e81024b61) Importer(2089858483,192608db42251d675da83286b1cce702) (ScriptedImporter) -> (artifact id: 'cc209dbd7ce03e07685a54f1e458991b') in 0.0455983 seconds
Number of updated asset objects reloaded before import = 0Number of asset objects unloaded after import = 2

========================================================================
Received Import Request.
  Time since last request: 0.000045 seconds.
  path: Assets/Tilemap/Tilesets/Tileset Fase 1/Tileset_ground_12 1.asset
  artifactKey: Guid(e366500c47e4e8f44a9106b49581e4f4) Importer(2089858483,192608db42251d675da83286b1cce702)
Start importing Assets/Tilemap/Tilesets/Tileset Fase 1/Tileset_ground_12 1.asset using Guid(e366500c47e4e8f44a9106b49581e4f4) Importer(2089858483,192608db42251d675da83286b1cce702) (ScriptedImporter) -> (artifact id: '01a9d4791f2e697969a91b8754da7a2a') in 0.0405981 seconds
Number of updated asset objects reloaded before import = 0Number of asset objects unloaded after import = 2

========================================================================
Received Import Request.
  Time since last request: 0.000040 seconds.
  path: Assets/Tilemap/Tilesets/Tileset Fase 1/Tileset_ground_10.asset
  artifactKey: Guid(6dfa95a26a3b263438e27892eed333ec) Importer(2089858483,192608db42251d675da83286b1cce702)
Start importing Assets/Tilemap/Tilesets/Tileset Fase 1/Tileset_ground_10.asset using Guid(6dfa95a26a3b263438e27892eed333ec) Importer(2089858483,192608db42251d675da83286b1cce702) (ScriptedImporter) -> (artifact id: '946a38df502fdf18eb2f68bb8d2b0d4f') in 0.0398333 seconds
Number of updated asset objects reloaded before import = 0Number of asset objects unloaded after import = 2

========================================================================
Received Import Request.
  Time since last request: 0.000052 seconds.
  path: Assets/Tilemap/Tilesets/Tileset Fase 1/Tileset_ground_11 1.asset
  artifactKey: Guid(d8f71b75021350c45be6eb79fa5742e0) Importer(2089858483,192608db42251d675da83286b1cce702)
Start importing Assets/Tilemap/Tilesets/Tileset Fase 1/Tileset_ground_11 1.asset using Guid(d8f71b75021350c45be6eb79fa5742e0) Importer(2089858483,192608db42251d675da83286b1cce702) (ScriptedImporter) -> (artifact id: '97913ade298efc7aa403f7c3da61132a') in 0.0347364 seconds
Number of updated asset objects reloaded before import = 0Number of asset objects unloaded after import = 2

========================================================================
Received Import Request.
  Time since last request: 0.000038 seconds.
  path: Assets/Sprites/Objects/Boss 3/projectile ILoveYou.PNG
  artifactKey: Guid(1c5b16f7ccf5944439b709b74b694abc) Importer(2089858483,192608db42251d675da83286b1cce702)
Start importing Assets/Sprites/Objects/Boss 3/projectile ILoveYou.PNG using Guid(1c5b16f7ccf5944439b709b74b694abc) Importer(2089858483,192608db42251d675da83286b1cce702) (ScriptedImporter) -> (artifact id: 'fffb892fa2f890c6df55632e9debb959') in 0.0651037 seconds
Number of updated asset objects reloaded before import = 0Number of asset objects unloaded after import = 6

========================================================================
Received Import Request.
  Time since last request: 0.000035 seconds.
  path: Assets/Tilemap/Extra Tilesets/city.png
  artifactKey: Guid(91914788593073049b048b09b7fe7824) Importer(2089858483,192608db42251d675da83286b1cce702)
Start importing Assets/Tilemap/Extra Tilesets/city.png using Guid(91914788593073049b048b09b7fe7824) Importer(2089858483,192608db42251d675da83286b1cce702) (ScriptedImporter) -> (artifact id: '9ba38cc3f063a2ae8956d342b0c0334b') in 0.0774155 seconds
Number of updated asset objects reloaded before import = 0Number of asset objects unloaded after import = 8

========================================================================
Received Import Request.
  Time since last request: 0.000097 seconds.
  path: Assets/Tilemap/Tilesets/Tileset Fase 1/Tileset_ground_18.asset
  artifactKey: Guid(f625bc78bfa79da4ba090f098dd15d06) Importer(2089858483,192608db42251d675da83286b1cce702)
Start importing Assets/Tilemap/Tilesets/Tileset Fase 1/Tileset_ground_18.asset using Guid(f625bc78bfa79da4ba090f098dd15d06) Importer(2089858483,192608db42251d675da83286b1cce702) (ScriptedImporter) -> (artifact id: '05c82f712a5b1894c91f235cfe2ea991') in 0.0412539 seconds
Number of updated asset objects reloaded before import = 0Number of asset objects unloaded after import = 2

========================================================================
Received Import Request.
  Time since last request: 0.000035 seconds.
  path: Assets/Tilemap/Tilesets/Tileset Fase 1/Tileset_ground_16.asset
  artifactKey: Guid(c7de534d9ca2c34418d52d7eb58960b1) Importer(2089858483,192608db42251d675da83286b1cce702)
Start importing Assets/Tilemap/Tilesets/Tileset Fase 1/Tileset_ground_16.asset using Guid(c7de534d9ca2c34418d52d7eb58960b1) Importer(2089858483,192608db42251d675da83286b1cce702) (ScriptedImporter) -> (artifact id: 'da22d4d61c4fd7675ab8f195b4c6409d') in 0.0454979 seconds
Number of updated asset objects reloaded before import = 0Number of asset objects unloaded after import = 2

========================================================================
Received Import Request.
  Time since last request: 0.000046 seconds.
  path: Assets/Tilemap/Tilesets/Tileset Fase 1/Tileset_ground_15.asset
  artifactKey: Guid(8c6b6600b95ebb44985f325fbc7b576f) Importer(2089858483,192608db42251d675da83286b1cce702)
Start importing Assets/Tilemap/Tilesets/Tileset Fase 1/Tileset_ground_15.asset using Guid(8c6b6600b95ebb44985f325fbc7b576f) Importer(2089858483,192608db42251d675da83286b1cce702) (ScriptedImporter) -> (artifact id: 'ca0f76540ea8bbdf4ef7793c775e4276') in 0.0485779 seconds
Number of updated asset objects reloaded before import = 0Number of asset objects unloaded after import = 2

========================================================================
Received Import Request.
  Time since last request: 0.000068 seconds.
  path: Assets/Scripts/UI Scripts/DialoguePoints/DialogueTutorial2.cs
  artifactKey: Guid(48bd588ef45738e44bd30fda7da302e1) Importer(2089858483,192608db42251d675da83286b1cce702)
Start importing Assets/Scripts/UI Scripts/DialoguePoints/DialogueTutorial2.cs using Guid(48bd588ef45738e44bd30fda7da302e1) Importer(2089858483,192608db42251d675da83286b1cce702) (ScriptedImporter) -> (artifact id: 'c4402e09586173b46bb631ec5c81cdd7') in 0.033853 seconds
Number of updated asset objects reloaded before import = 0Number of asset objects unloaded after import = 0

========================================================================
Received Import Request.
  Time since last request: 0.000039 seconds.
  path: Assets/TextMesh Pro/Examples & Extras/Scripts/TMP_DigitValidator.cs
  artifactKey: Guid(1a7eb92a01ed499a987bde9def05fbce) Importer(2089858483,192608db42251d675da83286b1cce702)
Start importing Assets/TextMesh Pro/Examples & Extras/Scripts/TMP_DigitValidator.cs using Guid(1a7eb92a01ed499a987bde9def05fbce) Importer(2089858483,192608db42251d675da83286b1cce702) (ScriptedImporter) -> (artifact id: 'e73ef3ef1d0a1ef6189b48f34619b632') in 0.0390453 seconds
Number of updated asset objects reloaded before import = 0Number of asset objects unloaded after import = 0

========================================================================
Received Import Request.
  Time since last request: 0.000058 seconds.
  path: Assets/Tilemap/Tilesets/Tileset Fase 1/Tileset_ground_21.asset
  artifactKey: Guid(12582bfd55374cd4db34469533528f13) Importer(2089858483,192608db42251d675da83286b1cce702)
Start importing Assets/Tilemap/Tilesets/Tileset Fase 1/Tileset_ground_21.asset using Guid(12582bfd55374cd4db34469533528f13) Importer(2089858483,192608db42251d675da83286b1cce702) (ScriptedImporter) -> (artifact id: '9c912d2af7af16d0392ee2372f2e75e2') in 0.0437481 seconds
Number of updated asset objects reloaded before import = 0Number of asset objects unloaded after import = 2

========================================================================
Received Import Request.
  Time since last request: 0.000064 seconds.
  path: Assets/Tilemap/Tilesets/Tileset Fase 1/Tileset_ground_23.asset
  artifactKey: Guid(448aba1666628d949b832217c3e856ee) Importer(2089858483,192608db42251d675da83286b1cce702)
Start importing Assets/Tilemap/Tilesets/Tileset Fase 1/Tileset_ground_23.asset using Guid(448aba1666628d949b832217c3e856ee) Importer(2089858483,192608db42251d675da83286b1cce702) (ScriptedImporter) -> (artifact id: '2730cb60c0c2ac78cd96d2a322728e3a') in 0.0360973 seconds
Number of updated asset objects reloaded before import = 0Number of asset objects unloaded after import = 2

========================================================================
Received Import Request.
  Time since last request: 0.000028 seconds.
  path: Assets/Tilemap/Tilesets/Tileset Fase 1/Tileset_ground_24 1.asset
  artifactKey: Guid(4e58248b1f5f4954daa93e34cca0e4f2) Importer(2089858483,192608db42251d675da83286b1cce702)
Start importing Assets/Tilemap/Tilesets/Tileset Fase 1/Tileset_ground_24 1.asset using Guid(4e58248b1f5f4954daa93e34cca0e4f2) Importer(2089858483,192608db42251d675da83286b1cce702) (ScriptedImporter) -> (artifact id: 'bc7f975801902e86623a60f713a2b757') in 0.04095 seconds
Number of updated asset objects reloaded before import = 0Number of asset objects unloaded after import = 2

========================================================================
Received Import Request.
  Time since last request: 0.000065 seconds.
  path: Assets/Tilemap/Tilesets/Tileset Fase 1/Tileset_ground_27.asset
  artifactKey: Guid(fc81ca69f6415574d93437bb6c14d580) Importer(2089858483,192608db42251d675da83286b1cce702)
Start importing Assets/Tilemap/Tilesets/Tileset Fase 1/Tileset_ground_27.asset using Guid(fc81ca69f6415574d93437bb6c14d580) Importer(2089858483,192608db42251d675da83286b1cce702) (ScriptedImporter) -> (artifact id: 'fff1a33f755f4889ebd9ede773136043') in 0.0372616 seconds
Number of updated asset objects reloaded before import = 0Number of asset objects unloaded after import = 2

========================================================================
Received Import Request.
  Time since last request: 0.000060 seconds.
  path: Assets/Tilemap/Tilesets/Tileset Fase 1/Tileset_ground_32 1.asset
  artifactKey: Guid(41c3bebbb8471e34eac65bee91b73760) Importer(2089858483,192608db42251d675da83286b1cce702)
Start importing Assets/Tilemap/Tilesets/Tileset Fase 1/Tileset_ground_32 1.asset using Guid(41c3bebbb8471e34eac65bee91b73760) Importer(2089858483,192608db42251d675da83286b1cce702) (ScriptedImporter) -> (artifact id: '17c8a842e125f3275c35022a28ffd65e') in 0.047281 seconds
Number of updated asset objects reloaded before import = 0Number of asset objects unloaded after import = 2

========================================================================
Received Import Request.
  Time since last request: 0.000035 seconds.
  path: Assets/Tilemap/Tilesets/Tileset Fase 1/Tileset_ground_3 1.asset
  artifactKey: Guid(70fe0c92fe155f043b730f0f2ea030cb) Importer(2089858483,192608db42251d675da83286b1cce702)
Start importing Assets/Tilemap/Tilesets/Tileset Fase 1/Tileset_ground_3 1.asset using Guid(70fe0c92fe155f043b730f0f2ea030cb) Importer(2089858483,192608db42251d675da83286b1cce702) (ScriptedImporter) -> (artifact id: 'df52a7641a32c21a83dcf6347763c015') in 0.0434272 seconds
Number of updated asset objects reloaded before import = 0Number of asset objects unloaded after import = 2

========================================================================
Received Import Request.
  Time since last request: 0.000039 seconds.
  path: Assets/Tilemap/Tilesets/Tileset Fase 1/Tileset_ground_32.asset
  artifactKey: Guid(377ccc0526e5dd541a7360f258309129) Importer(2089858483,192608db42251d675da83286b1cce702)
Start importing Assets/Tilemap/Tilesets/Tileset Fase 1/Tileset_ground_32.asset using Guid(377ccc0526e5dd541a7360f258309129) Importer(2089858483,192608db42251d675da83286b1cce702) (ScriptedImporter) -> (artifact id: '85c18b00f833c5db06bb7081a925dbaa') in 0.0496149 seconds
Number of updated asset objects reloaded before import = 0Number of asset objects unloaded after import = 2

========================================================================
Received Import Request.
  Time since last request: 0.000061 seconds.
  path: Assets/Tilemap/Tilesets/Tileset Fase 1/Tileset_ground_26.asset
  artifactKey: Guid(28a36a6e1f137aa4dab99a26f5e86c21) Importer(2089858483,192608db42251d675da83286b1cce702)
Start importing Assets/Tilemap/Tilesets/Tileset Fase 1/Tileset_ground_26.asset using Guid(28a36a6e1f137aa4dab99a26f5e86c21) Importer(2089858483,192608db42251d675da83286b1cce702) (ScriptedImporter) -> (artifact id: 'f0a96c13e0e999273b0a0d7bda9b36c4') in 0.0501229 seconds
Number of updated asset objects reloaded before import = 0Number of asset objects unloaded after import = 2

========================================================================
Received Import Request.
  Time since last request: 0.000043 seconds.
  path: Assets/Tilemap/Tilesets/Tileset Fase 1/Tileset_ground_38 1.asset
  artifactKey: Guid(c4ab12d77eef5b74082d4305561e9be4) Importer(2089858483,192608db42251d675da83286b1cce702)
Start importing Assets/Tilemap/Tilesets/Tileset Fase 1/Tileset_ground_38 1.asset using Guid(c4ab12d77eef5b74082d4305561e9be4) Importer(2089858483,192608db42251d675da83286b1cce702) (ScriptedImporter) -> (artifact id: 'a6c43f1d02e2d5774ad41438a114c353') in 0.0483277 seconds
Number of updated asset objects reloaded before import = 0Number of asset objects unloaded after import = 2

========================================================================
Received Import Request.
  Time since last request: 0.000052 seconds.
  path: Assets/Tilemap/Tilesets/Tileset Fase 1/Tileset_ground_36 1.asset
  artifactKey: Guid(e93625a0639722741b266906d680fbc1) Importer(2089858483,192608db42251d675da83286b1cce702)
Start importing Assets/Tilemap/Tilesets/Tileset Fase 1/Tileset_ground_36 1.asset using Guid(e93625a0639722741b266906d680fbc1) Importer(2089858483,192608db42251d675da83286b1cce702) (ScriptedImporter) -> (artifact id: '34fea79bd1793870a20d48baac646e1d') in 0.0368806 seconds
Number of updated asset objects reloaded before import = 0Number of asset objects unloaded after import = 2

========================================================================
Received Import Request.
  Time since last request: 0.000180 seconds.
  path: Assets/Tilemap/Tilesets/Tileset Fase 1/Tileset_ground_36.asset
  artifactKey: Guid(c1d121a3ae76fa142b70f40e4dc0f853) Importer(2089858483,192608db42251d675da83286b1cce702)
Start importing Assets/Tilemap/Tilesets/Tileset Fase 1/Tileset_ground_36.asset using Guid(c1d121a3ae76fa142b70f40e4dc0f853) Importer(2089858483,192608db42251d675da83286b1cce702) (ScriptedImporter) -> (artifact id: 'b28e765c9c4077e9b14ea6a97c7ed6fe') in 0.0387699 seconds
Number of updated asset objects reloaded before import = 0Number of asset objects unloaded after import = 2

========================================================================
Received Import Request.
  Time since last request: 0.000185 seconds.
  path: Assets/Scripts/Enemies/EnemyType1.cs
  artifactKey: Guid(8f276e8f4407b6d43bf4690961183175) Importer(2089858483,192608db42251d675da83286b1cce702)
Start importing Assets/Scripts/Enemies/EnemyType1.cs using Guid(8f276e8f4407b6d43bf4690961183175) Importer(2089858483,192608db42251d675da83286b1cce702) (ScriptedImporter) -> (artifact id: 'f3cb61741373576454a4a6f977abc0fa') in 0.0361599 seconds
Number of updated asset objects reloaded before import = 0Number of asset objects unloaded after import = 0

========================================================================
Received Import Request.
  Time since last request: 0.000036 seconds.
  path: Assets/Tilemap/Tilesets/Tileset Fase 1/Tileset_ground_42 1.asset
  artifactKey: Guid(98c35eda0a079b74e89d223d49961361) Importer(2089858483,192608db42251d675da83286b1cce702)
Start importing Assets/Tilemap/Tilesets/Tileset Fase 1/Tileset_ground_42 1.asset using Guid(98c35eda0a079b74e89d223d49961361) Importer(2089858483,192608db42251d675da83286b1cce702) (ScriptedImporter) -> (artifact id: '0f7070429545a6eedc2190356d2de519') in 0.0402156 seconds
Number of updated asset objects reloaded before import = 0Number of asset objects unloaded after import = 2

========================================================================
Received Import Request.
  Time since last request: 0.000052 seconds.
  path: Assets/Tilemap/Tilesets/Tileset Fase 1/Tileset_ground_43 1.asset
  artifactKey: Guid(ac6e8c7119fd2344eb913afe2d263202) Importer(2089858483,192608db42251d675da83286b1cce702)
Start importing Assets/Tilemap/Tilesets/Tileset Fase 1/Tileset_ground_43 1.asset using Guid(ac6e8c7119fd2344eb913afe2d263202) Importer(2089858483,192608db42251d675da83286b1cce702) (ScriptedImporter) -> (artifact id: '090b6ea00d6124d80493167753322a08') in 0.0438671 seconds
Number of updated asset objects reloaded before import = 0Number of asset objects unloaded after import = 2

========================================================================
Received Import Request.
  Time since last request: 0.000049 seconds.
  path: Assets/TextMesh Pro/Examples & Extras/Fonts/Oswald-Bold.ttf
  artifactKey: Guid(c9f6d0e7bc8541498c9a4799ba184ede) Importer(2089858483,192608db42251d675da83286b1cce702)
Start importing Assets/TextMesh Pro/Examples & Extras/Fonts/Oswald-Bold.ttf using Guid(c9f6d0e7bc8541498c9a4799ba184ede) Importer(2089858483,192608db42251d675da83286b1cce702) (ScriptedImporter) -> (artifact id: 'e71fe91148644711428178d6ca3d8eb4') in 0.0531753 seconds
Number of updated asset objects reloaded before import = 0Number of asset objects unloaded after import = 3

========================================================================
Received Import Request.
  Time since last request: 0.000034 seconds.
  path: Assets/TextMesh Pro/Examples & Extras/Scripts/TextConsoleSimulator.cs
  artifactKey: Guid(43bcd35a1c0c40ccb6d472893fe2093f) Importer(2089858483,192608db42251d675da83286b1cce702)
Start importing Assets/TextMesh Pro/Examples & Extras/Scripts/TextConsoleSimulator.cs using Guid(43bcd35a1c0c40ccb6d472893fe2093f) Importer(2089858483,192608db42251d675da83286b1cce702) (ScriptedImporter) -> (artifact id: 'd5674862b9ca677cd2caec9dcc341fc3') in 0.0382263 seconds
Number of updated asset objects reloaded before import = 0Number of asset objects unloaded after import = 0

========================================================================
Received Import Request.
  Time since last request: 0.000285 seconds.
  path: Assets/TextMesh Pro/Examples & Extras/Scenes/12a - Text Interactions.unity
  artifactKey: Guid(08572ab7713642c8a60789750f0bce5c) Importer(2089858483,192608db42251d675da83286b1cce702)
Start importing Assets/TextMesh Pro/Examples & Extras/Scenes/12a - Text Interactions.unity using Guid(08572ab7713642c8a60789750f0bce5c) Importer(2089858483,192608db42251d675da83286b1cce702) (ScriptedImporter) -> (artifact id: 'b98c43350a345b3efdb78d6e1905d2b9') in 0.0477328 seconds
Number of updated asset objects reloaded before import = 0Number of asset objects unloaded after import = 1

========================================================================
Received Import Request.
  Time since last request: 0.000039 seconds.
  path: Assets/Tilemap/Tilesets/Tileset Fase 1/Tileset_ground_50 1.asset
  artifactKey: Guid(db341a41571cb7b429bec7311e4f9780) Importer(2089858483,192608db42251d675da83286b1cce702)
Start importing Assets/Tilemap/Tilesets/Tileset Fase 1/Tileset_ground_50 1.asset using Guid(db341a41571cb7b429bec7311e4f9780) Importer(2089858483,192608db42251d675da83286b1cce702) (ScriptedImporter) -> (artifact id: '770d71c8a1f19eea7cf1dc1de3bfe23b') in 0.0432091 seconds
Number of updated asset objects reloaded before import = 0Number of asset objects unloaded after import = 2

========================================================================
Received Import Request.
  Time since last request: 0.000051 seconds.
  path: Assets/Tilemap/Tilesets/Tileset Fase 1/Tileset_ground_5.asset
  artifactKey: Guid(3564deaf88f70a246a36e53225c4797c) Importer(2089858483,192608db42251d675da83286b1cce702)
Start importing Assets/Tilemap/Tilesets/Tileset Fase 1/Tileset_ground_5.asset using Guid(3564deaf88f70a246a36e53225c4797c) Importer(2089858483,192608db42251d675da83286b1cce702) (ScriptedImporter) -> (artifact id: '4cd382c0cb1c3990aeb28ece2fddcc94') in 0.0411271 seconds
Number of updated asset objects reloaded before import = 0Number of asset objects unloaded after import = 2

========================================================================
Received Import Request.
  Time since last request: 0.000054 seconds.
  path: Assets/Tilemap/Tilesets/Tileset Fase 1/Tileset_ground_44 1.asset
  artifactKey: Guid(840d22070fc67ab44a00ec119037fb98) Importer(2089858483,192608db42251d675da83286b1cce702)
Start importing Assets/Tilemap/Tilesets/Tileset Fase 1/Tileset_ground_44 1.asset using Guid(840d22070fc67ab44a00ec119037fb98) Importer(2089858483,192608db42251d675da83286b1cce702) (ScriptedImporter) -> (artifact id: '70cd60b5de8fbd21f25ece3f326f7747') in 0.0442256 seconds
Number of updated asset objects reloaded before import = 0Number of asset objects unloaded after import = 2

========================================================================
Received Import Request.
  Time since last request: 0.000075 seconds.
  path: Assets/Tilemap/Tilesets/Tileset Fase 1/Tileset_ground_45.asset
  artifactKey: Guid(f2c227d732442ce418f808d84729eb81) Importer(2089858483,192608db42251d675da83286b1cce702)
Start importing Assets/Tilemap/Tilesets/Tileset Fase 1/Tileset_ground_45.asset using Guid(f2c227d732442ce418f808d84729eb81) Importer(2089858483,192608db42251d675da83286b1cce702) (ScriptedImporter) -> (artifact id: '140c9af6cd598e513ebed97295b57a45') in 0.0430096 seconds
Number of updated asset objects reloaded before import = 0Number of asset objects unloaded after import = 2

========================================================================
Received Import Request.
  Time since last request: 0.000043 seconds.
  path: Assets/Tilemap/Tilesets/Tileset Fase 1/Tileset_ground_1 1.asset
  artifactKey: Guid(c50d36b74b9f47a419ca904939f78ec6) Importer(2089858483,192608db42251d675da83286b1cce702)
Start importing Assets/Tilemap/Tilesets/Tileset Fase 1/Tileset_ground_1 1.asset using Guid(c50d36b74b9f47a419ca904939f78ec6) Importer(2089858483,192608db42251d675da83286b1cce702) (ScriptedImporter) -> (artifact id: '160634bb4793090975e2acd17e148bc0') in 0.0427716 seconds
Number of updated asset objects reloaded before import = 0Number of asset objects unloaded after import = 2

========================================================================
Received Import Request.
  Time since last request: 0.000056 seconds.
  path: Assets/Tilemap/Tilesets/Tileset Fase 1/Tileset_ground_56 1.asset
  artifactKey: Guid(45bca777bacd5c345b3b30b4fefd7964) Importer(2089858483,192608db42251d675da83286b1cce702)
Start importing Assets/Tilemap/Tilesets/Tileset Fase 1/Tileset_ground_56 1.asset using Guid(45bca777bacd5c345b3b30b4fefd7964) Importer(2089858483,192608db42251d675da83286b1cce702) (ScriptedImporter) -> (artifact id: 'fe44a81a76dd9fbbd2db82e8e7594e60') in 0.0400337 seconds
Number of updated asset objects reloaded before import = 0Number of asset objects unloaded after import = 2

========================================================================
Received Import Request.
  Time since last request: 0.000037 seconds.
  path: Assets/Tilemap/Tilesets/Tileset Fase 1/Tileset_ground_55.asset
  artifactKey: Guid(33dbb66b9c9841b488bc08cfe5bfcccd) Importer(2089858483,192608db42251d675da83286b1cce702)
Start importing Assets/Tilemap/Tilesets/Tileset Fase 1/Tileset_ground_55.asset using Guid(33dbb66b9c9841b488bc08cfe5bfcccd) Importer(2089858483,192608db42251d675da83286b1cce702) (ScriptedImporter) -> (artifact id: '5d179a46344212e853a5b99791069fb1') in 0.0480425 seconds
Number of updated asset objects reloaded before import = 0Number of asset objects unloaded after import = 2

========================================================================
Received Import Request.
  Time since last request: 0.000046 seconds.
  path: Assets/Tilemap/Tilesets/Tileset Fase 1/Tileset_ground_52 1.asset
  artifactKey: Guid(70892cee04087504e8239a970eeb2568) Importer(2089858483,192608db42251d675da83286b1cce702)
Start importing Assets/Tilemap/Tilesets/Tileset Fase 1/Tileset_ground_52 1.asset using Guid(70892cee04087504e8239a970eeb2568) Importer(2089858483,192608db42251d675da83286b1cce702) (ScriptedImporter) -> (artifact id: '7953f02b381f655c1c218e2cb6812983') in 0.0493536 seconds
Number of updated asset objects reloaded before import = 0Number of asset objects unloaded after import = 2

========================================================================
Received Import Request.
  Time since last request: 0.000072 seconds.
  path: Assets/Tilemap/Tilesets/Tileset Fase 1/Tileset_ground_51.asset
  artifactKey: Guid(ca7db34339dba324b8a3f157e4087be5) Importer(2089858483,192608db42251d675da83286b1cce702)
Start importing Assets/Tilemap/Tilesets/Tileset Fase 1/Tileset_ground_51.asset using Guid(ca7db34339dba324b8a3f157e4087be5) Importer(2089858483,192608db42251d675da83286b1cce702) (ScriptedImporter) -> (artifact id: 'da58b3d22aa216ecb74ae4e5f5b470d6') in 0.0411646 seconds
Number of updated asset objects reloaded before import = 0Number of asset objects unloaded after import = 2

========================================================================
Received Import Request.
  Time since last request: 0.000040 seconds.
  path: Assets/Tilemap/Tilesets/Tileset Fase 1/Tileset_ground_60.asset
  artifactKey: Guid(8f00cffd87fee7c46ae71be2e7ed0ee0) Importer(2089858483,192608db42251d675da83286b1cce702)
Start importing Assets/Tilemap/Tilesets/Tileset Fase 1/Tileset_ground_60.asset using Guid(8f00cffd87fee7c46ae71be2e7ed0ee0) Importer(2089858483,192608db42251d675da83286b1cce702) (ScriptedImporter) -> (artifact id: '42311e43ff9d791bf68311da8a77b96c') in 0.0456949 seconds
Number of updated asset objects reloaded before import = 0Number of asset objects unloaded after import = 2

========================================================================
Received Import Request.
  Time since last request: 0.000054 seconds.
  path: Assets/Tilemap/Tilesets/Tileset Fase 1/Tileset_ground_59.asset
  artifactKey: Guid(40091b08fb209c14c9a940b205772739) Importer(2089858483,192608db42251d675da83286b1cce702)
Start importing Assets/Tilemap/Tilesets/Tileset Fase 1/Tileset_ground_59.asset using Guid(40091b08fb209c14c9a940b205772739) Importer(2089858483,192608db42251d675da83286b1cce702) (ScriptedImporter) -> (artifact id: '68afe4bbfdf7f7e8076f96adcb68f54e') in 0.0464575 seconds
Number of updated asset objects reloaded before import = 0Number of asset objects unloaded after import = 2

========================================================================
Received Import Request.
  Time since last request: 0.000048 seconds.
  path: Assets/Tilemap/Tilesets/Tileset Fase 1/Tileset_ground_57.asset
  artifactKey: Guid(a2f722b2c2ab3694ab71dca0df596fa8) Importer(2089858483,192608db42251d675da83286b1cce702)
Start importing Assets/Tilemap/Tilesets/Tileset Fase 1/Tileset_ground_57.asset using Guid(a2f722b2c2ab3694ab71dca0df596fa8) Importer(2089858483,192608db42251d675da83286b1cce702) (ScriptedImporter) -> (artifact id: '0c64f1431eba4fed53528edb6a718a45') in 0.0379587 seconds
Number of updated asset objects reloaded before import = 0Number of asset objects unloaded after import = 2

========================================================================
Received Import Request.
  Time since last request: 0.000044 seconds.
  path: Assets/Tilemap/Tilesets/Tileset Fase 1/Tileset_ground_58 1.asset
  artifactKey: Guid(d4d1554b702ce064ea897c2565929e75) Importer(2089858483,192608db42251d675da83286b1cce702)
Start importing Assets/Tilemap/Tilesets/Tileset Fase 1/Tileset_ground_58 1.asset using Guid(d4d1554b702ce064ea897c2565929e75) Importer(2089858483,192608db42251d675da83286b1cce702) (ScriptedImporter) -> (artifact id: '689fe86217ff9baf8ecd70f9d12309f7') in 0.0443771 seconds
Number of updated asset objects reloaded before import = 0Number of asset objects unloaded after import = 2

========================================================================
Received Import Request.
  Time since last request: 0.000041 seconds.
  path: Assets/TextMesh Pro/Examples & Extras/Scripts/TMP_PhoneNumberValidator.cs
  artifactKey: Guid(83680ab1a69f4102ac67d1459fe76e1f) Importer(2089858483,192608db42251d675da83286b1cce702)
Start importing Assets/TextMesh Pro/Examples & Extras/Scripts/TMP_PhoneNumberValidator.cs using Guid(83680ab1a69f4102ac67d1459fe76e1f) Importer(2089858483,192608db42251d675da83286b1cce702) (ScriptedImporter) -> (artifact id: '8b6543c19efa8e0469a03de567b0a695') in 0.0355254 seconds
Number of updated asset objects reloaded before import = 0Number of asset objects unloaded after import = 0

========================================================================
Received Import Request.
  Time since last request: 0.000058 seconds.
  path: Assets/Tilemap/Tilesets/Tileset Fase 1/Tileset_ground_66.asset
  artifactKey: Guid(4fedbb65103d2cd4dbd8a143999782a3) Importer(2089858483,192608db42251d675da83286b1cce702)
Start importing Assets/Tilemap/Tilesets/Tileset Fase 1/Tileset_ground_66.asset using Guid(4fedbb65103d2cd4dbd8a143999782a3) Importer(2089858483,192608db42251d675da83286b1cce702) (ScriptedImporter) -> (artifact id: '80f15e91389f741f7324bdc204fee867') in 0.0435321 seconds
Number of updated asset objects reloaded before import = 0Number of asset objects unloaded after import = 2

========================================================================
Received Import Request.
  Time since last request: 0.000039 seconds.
  path: Assets/Tilemap/Tilesets/Tileset Fase 1/Tileset_ground_68.asset
  artifactKey: Guid(a62a7774238d77d4f8524fd22b204d8d) Importer(2089858483,192608db42251d675da83286b1cce702)
Start importing Assets/Tilemap/Tilesets/Tileset Fase 1/Tileset_ground_68.asset using Guid(a62a7774238d77d4f8524fd22b204d8d) Importer(2089858483,192608db42251d675da83286b1cce702) (ScriptedImporter) -> (artifact id: '993fc9df1104afdbea3f204f920e92af') in 0.0437948 seconds
Number of updated asset objects reloaded before import = 0Number of asset objects unloaded after import = 2

========================================================================
Received Import Request.
  Time since last request: 0.000037 seconds.
  path: Assets/Tilemap/Tilesets/Tileset Fase 1/Tileset_ground_62 1.asset
  artifactKey: Guid(6302621bdd5f1c7409fa122996b0b865) Importer(2089858483,192608db42251d675da83286b1cce702)
Start importing Assets/Tilemap/Tilesets/Tileset Fase 1/Tileset_ground_62 1.asset using Guid(6302621bdd5f1c7409fa122996b0b865) Importer(2089858483,192608db42251d675da83286b1cce702) (ScriptedImporter) -> (artifact id: '97f457171e33668c8ccc1cc0879446af') in 0.0428493 seconds
Number of updated asset objects reloaded before import = 0Number of asset objects unloaded after import = 2

========================================================================
Received Import Request.
  Time since last request: 0.000061 seconds.
  path: Assets/Tilemap/Tilesets/Tileset Fase 1/Tileset_ground_69 1.asset
  artifactKey: Guid(f857105923b6da34b8de0f83f2f03472) Importer(2089858483,192608db42251d675da83286b1cce702)
Start importing Assets/Tilemap/Tilesets/Tileset Fase 1/Tileset_ground_69 1.asset using Guid(f857105923b6da34b8de0f83f2f03472) Importer(2089858483,192608db42251d675da83286b1cce702) (ScriptedImporter) -> (artifact id: '02a176eb7962102b468748ada6bbde6c') in 0.0431165 seconds
Number of updated asset objects reloaded before import = 0Number of asset objects unloaded after import = 2

========================================================================
Received Import Request.
  Time since last request: 0.000032 seconds.
  path: Assets/Tilemap/Tilesets/Tileset Fase 1/Tileset_ground_71 1.asset
  artifactKey: Guid(181c7f8f6bcb7f84284dfb14167dd5e2) Importer(2089858483,192608db42251d675da83286b1cce702)
Start importing Assets/Tilemap/Tilesets/Tileset Fase 1/Tileset_ground_71 1.asset using Guid(181c7f8f6bcb7f84284dfb14167dd5e2) Importer(2089858483,192608db42251d675da83286b1cce702) (ScriptedImporter) -> (artifact id: 'e42cd08ffa65d27463957bdbea62810e') in 0.0503785 seconds
Number of updated asset objects reloaded before import = 0Number of asset objects unloaded after import = 2

========================================================================
Received Import Request.
  Time since last request: 0.000040 seconds.
  path: Assets/Tilemap/Tilesets/Tileset Fase 1/Tileset_ground_73.asset
  artifactKey: Guid(9f741b1b505cd854ea8fdde0a0973fd9) Importer(2089858483,192608db42251d675da83286b1cce702)
Start importing Assets/Tilemap/Tilesets/Tileset Fase 1/Tileset_ground_73.asset using Guid(9f741b1b505cd854ea8fdde0a0973fd9) Importer(2089858483,192608db42251d675da83286b1cce702) (ScriptedImporter) -> (artifact id: '53b594ed42e5f5ed34962fc3f13d368d') in 0.0400596 seconds
Number of updated asset objects reloaded before import = 0Number of asset objects unloaded after import = 2

========================================================================
Received Import Request.
  Time since last request: 0.000059 seconds.
  path: Assets/Tilemap/Tilesets/Tileset Fase 1/Tileset_ground_72 1.asset
  artifactKey: Guid(e268362990c1b064fa67c8254843a35b) Importer(2089858483,192608db42251d675da83286b1cce702)
Start importing Assets/Tilemap/Tilesets/Tileset Fase 1/Tileset_ground_72 1.asset using Guid(e268362990c1b064fa67c8254843a35b) Importer(2089858483,192608db42251d675da83286b1cce702) (ScriptedImporter) -> (artifact id: '277dc0669bc50da5cb6c52fb13e2e24e') in 0.041206 seconds
Number of updated asset objects reloaded before import = 0Number of asset objects unloaded after import = 2

========================================================================
Received Import Request.
  Time since last request: 0.000041 seconds.
  path: Assets/Tilemap/Tilesets/Tileset Fase 1/Tileset_ground_70 1.asset
  artifactKey: Guid(398992ee06819af4286b670aeb698272) Importer(2089858483,192608db42251d675da83286b1cce702)
Start importing Assets/Tilemap/Tilesets/Tileset Fase 1/Tileset_ground_70 1.asset using Guid(398992ee06819af4286b670aeb698272) Importer(2089858483,192608db42251d675da83286b1cce702) (ScriptedImporter) -> (artifact id: '869ab40fe33408ee0fdef602ed6508a1') in 0.0414682 seconds
Number of updated asset objects reloaded before import = 0Number of asset objects unloaded after import = 2

========================================================================
Received Import Request.
  Time since last request: 0.000040 seconds.
  path: Assets/TextMesh Pro/Examples & Extras/Fonts/Roboto-Bold - License.txt
  artifactKey: Guid(f0303f887b8fa7243a51432c478ff2f3) Importer(2089858483,192608db42251d675da83286b1cce702)
Start importing Assets/TextMesh Pro/Examples & Extras/Fonts/Roboto-Bold - License.txt using Guid(f0303f887b8fa7243a51432c478ff2f3) Importer(2089858483,192608db42251d675da83286b1cce702) (ScriptedImporter) -> (artifact id: '1d7ab6b815f66396cd441f69ec7321d0') in 0.0316682 seconds
Number of updated asset objects reloaded before import = 0Number of asset objects unloaded after import = 1

========================================================================
Received Import Request.
  Time since last request: 0.000058 seconds.
  path: Assets/Tilemap/Tilesets/Tileset Fase 1/Tileset_ground_8.asset
  artifactKey: Guid(ea6861151e14bbd4082dfa0ebccfcdce) Importer(2089858483,192608db42251d675da83286b1cce702)
Start importing Assets/Tilemap/Tilesets/Tileset Fase 1/Tileset_ground_8.asset using Guid(ea6861151e14bbd4082dfa0ebccfcdce) Importer(2089858483,192608db42251d675da83286b1cce702) (ScriptedImporter) -> (artifact id: 'c1ed09de5890b70cacd9b95713b38f20') in 0.0402967 seconds
Number of updated asset objects reloaded before import = 0Number of asset objects unloaded after import = 2

========================================================================
Received Import Request.
  Time since last request: 0.000046 seconds.
  path: Assets/Tilemap/Tilesets/Tileset Fase 1/Tileset_ground_8 1.asset
  artifactKey: Guid(a1c53949a2c4d584386dbc9c36b8d69f) Importer(2089858483,192608db42251d675da83286b1cce702)
Start importing Assets/Tilemap/Tilesets/Tileset Fase 1/Tileset_ground_8 1.asset using Guid(a1c53949a2c4d584386dbc9c36b8d69f) Importer(2089858483,192608db42251d675da83286b1cce702) (ScriptedImporter) -> (artifact id: 'd120446f1aa8dc09d1d74272de96aefc') in 0.0466479 seconds
Number of updated asset objects reloaded before import = 0Number of asset objects unloaded after import = 2

========================================================================
Received Import Request.
  Time since last request: 0.000068 seconds.
  path: Assets/Tilemap/Tilesets/Tileset Fase 1/Tileset_ground_76 1.asset
  artifactKey: Guid(fd7243bb59fa94548af96e37ee872233) Importer(2089858483,192608db42251d675da83286b1cce702)
Start importing Assets/Tilemap/Tilesets/Tileset Fase 1/Tileset_ground_76 1.asset using Guid(fd7243bb59fa94548af96e37ee872233) Importer(2089858483,192608db42251d675da83286b1cce702) (ScriptedImporter) -> (artifact id: 'b2f7aedaddc93bc61544adfdc04c6a43') in 0.0443115 seconds
Number of updated asset objects reloaded before import = 0Number of asset objects unloaded after import = 2

========================================================================
Received Import Request.
  Time since last request: 0.000071 seconds.
  path: Assets/Tilemap/Tilesets/Tileset Fase 1/Tileset_ground_75.asset
  artifactKey: Guid(1d7c6f95e9b68ab4bb396b187c748883) Importer(2089858483,192608db42251d675da83286b1cce702)
Start importing Assets/Tilemap/Tilesets/Tileset Fase 1/Tileset_ground_75.asset using Guid(1d7c6f95e9b68ab4bb396b187c748883) Importer(2089858483,192608db42251d675da83286b1cce702) (ScriptedImporter) -> (artifact id: '69e611987d65d91ff591c50e0eac3c72') in 0.0363742 seconds
Number of updated asset objects reloaded before import = 0Number of asset objects unloaded after import = 2

========================================================================
Received Import Request.
  Time since last request: 0.000032 seconds.
  path: Assets/Scripts/UI Scripts/Habilities/Hability1Use_Boss1.cs
  artifactKey: Guid(4e37d399394329d4dad68dc0a61a6315) Importer(2089858483,192608db42251d675da83286b1cce702)
Start importing Assets/Scripts/UI Scripts/Habilities/Hability1Use_Boss1.cs using Guid(4e37d399394329d4dad68dc0a61a6315) Importer(2089858483,192608db42251d675da83286b1cce702) (ScriptedImporter) -> (artifact id: '8df004dcdaf3ac5bda657542f2bd794a') in 0.0355914 seconds
Number of updated asset objects reloaded before import = 0Number of asset objects unloaded after import = 0

========================================================================
Received Import Request.
  Time since last request: 0.000052 seconds.
  path: Assets/Tilemap/Tilesets/Tileset Fase 1/Tileset_ground_82 1.asset
  artifactKey: Guid(1e97ce7128f09fb498b1b87a08b3edaa) Importer(2089858483,192608db42251d675da83286b1cce702)
Start importing Assets/Tilemap/Tilesets/Tileset Fase 1/Tileset_ground_82 1.asset using Guid(1e97ce7128f09fb498b1b87a08b3edaa) Importer(2089858483,192608db42251d675da83286b1cce702) (ScriptedImporter) -> (artifact id: 'cfeb824e0e32929cae8640c8eaa9c6c3') in 0.045693 seconds
Number of updated asset objects reloaded before import = 0Number of asset objects unloaded after import = 2

========================================================================
Received Import Request.
  Time since last request: 0.000063 seconds.
  path: Assets/Tilemap/Tilesets/Tileset Fase 2/0002_0.asset
  artifactKey: Guid(a5bd80df261f1194c8ee940508cc5d5a) Importer(2089858483,192608db42251d675da83286b1cce702)
Start importing Assets/Tilemap/Tilesets/Tileset Fase 2/0002_0.asset using Guid(a5bd80df261f1194c8ee940508cc5d5a) Importer(2089858483,192608db42251d675da83286b1cce702) (ScriptedImporter) -> (artifact id: '2b7aa70dd3cd4d7f133516c0ed649460') in 0.0644468 seconds
Number of updated asset objects reloaded before import = 0Number of asset objects unloaded after import = 2

========================================================================
Received Import Request.
  Time since last request: 0.000048 seconds.
  path: Assets/Tilemap/Tilesets/Tileset Fase 1/Tileset_ground_83 1.asset
  artifactKey: Guid(09e101ce066e76d48a554deea909bfde) Importer(2089858483,192608db42251d675da83286b1cce702)
Start importing Assets/Tilemap/Tilesets/Tileset Fase 1/Tileset_ground_83 1.asset using Guid(09e101ce066e76d48a554deea909bfde) Importer(2089858483,192608db42251d675da83286b1cce702) (ScriptedImporter) -> (artifact id: '91c4bf1a536e8f69d664ab4e3f681128') in 0.0397801 seconds
Number of updated asset objects reloaded before import = 0Number of asset objects unloaded after import = 2

========================================================================
Received Import Request.
  Time since last request: 0.000035 seconds.
  path: Assets/Tilemap/Tilesets/Tileset Fase 1/Tileset_ground_81.asset
  artifactKey: Guid(ac9c5b09512544241859c027ea98b8f8) Importer(2089858483,192608db42251d675da83286b1cce702)
Start importing Assets/Tilemap/Tilesets/Tileset Fase 1/Tileset_ground_81.asset using Guid(ac9c5b09512544241859c027ea98b8f8) Importer(2089858483,192608db42251d675da83286b1cce702) (ScriptedImporter) -> (artifact id: 'b40bf73eb07cffe87da75144926538f1') in 0.0371074 seconds
Number of updated asset objects reloaded before import = 0Number of asset objects unloaded after import = 2

========================================================================
Received Import Request.
  Time since last request: 0.000064 seconds.
  path: Assets/Tilemap/Tilesets/Tileset Fase 2/0006.png
  artifactKey: Guid(808e4b0e47afadc479ce82844852c0bc) Importer(2089858483,192608db42251d675da83286b1cce702)
Start importing Assets/Tilemap/Tilesets/Tileset Fase 2/0006.png using Guid(808e4b0e47afadc479ce82844852c0bc) Importer(2089858483,192608db42251d675da83286b1cce702) (ScriptedImporter) -> (artifact id: '54e4ef91b00c5317ba2136c7cde33da1') in 0.0560857 seconds
Number of updated asset objects reloaded before import = 0Number of asset objects unloaded after import = 3

========================================================================
Received Import Request.
  Time since last request: 0.000049 seconds.
  path: Assets/Tilemap/Tilesets/Tileset Fase 2/03_0.asset
  artifactKey: Guid(c36afcb499582ed458a29a44b9075e26) Importer(2089858483,192608db42251d675da83286b1cce702)
Start importing Assets/Tilemap/Tilesets/Tileset Fase 2/03_0.asset using Guid(c36afcb499582ed458a29a44b9075e26) Importer(2089858483,192608db42251d675da83286b1cce702) (ScriptedImporter) -> (artifact id: '67b7187388e9c47ce892735f8c63202d') in 0.0425727 seconds
Number of updated asset objects reloaded before import = 0Number of asset objects unloaded after import = 2

========================================================================
Received Import Request.
  Time since last request: 0.000042 seconds.
  path: Assets/Tilemap/Tilesets/Tileset Fase 2/02_0.asset
  artifactKey: Guid(25b0e1706e000af4d80f8a2f61aa0bff) Importer(2089858483,192608db42251d675da83286b1cce702)
Start importing Assets/Tilemap/Tilesets/Tileset Fase 2/02_0.asset using Guid(25b0e1706e000af4d80f8a2f61aa0bff) Importer(2089858483,192608db42251d675da83286b1cce702) (ScriptedImporter) -> (artifact id: '091217d4351c69f9cc78dbcb054d5190') in 0.066026 seconds
Number of updated asset objects reloaded before import = 0Number of asset objects unloaded after import = 2

========================================================================
Received Import Request.
  Time since last request: 0.000073 seconds.
  path: Assets/Tilemap/Tilesets/Tileset Fase 1/Tileset_ground_9 1.asset
  artifactKey: Guid(c7d2339e441c8754e8a6dc2a8d65d13f) Importer(2089858483,192608db42251d675da83286b1cce702)
Start importing Assets/Tilemap/Tilesets/Tileset Fase 1/Tileset_ground_9 1.asset using Guid(c7d2339e441c8754e8a6dc2a8d65d13f) Importer(2089858483,192608db42251d675da83286b1cce702) (ScriptedImporter) -> (artifact id: 'f5b19a6db94b9febb5fbe9296af54376') in 0.0299734 seconds
Number of updated asset objects reloaded before import = 0Number of asset objects unloaded after import = 2

========================================================================
Received Import Request.
  Time since last request: 0.000037 seconds.
  path: Assets/Tilemap/Tilesets/Tileset Fase 2/0004_0.asset
  artifactKey: Guid(ac872c09480f01c4d9587045d411e0fa) Importer(2089858483,192608db42251d675da83286b1cce702)
Start importing Assets/Tilemap/Tilesets/Tileset Fase 2/0004_0.asset using Guid(ac872c09480f01c4d9587045d411e0fa) Importer(2089858483,192608db42251d675da83286b1cce702) (ScriptedImporter) -> (artifact id: '8f0d4f4518762c317cfb8ca6074ad291') in 0.0322767 seconds
Number of updated asset objects reloaded before import = 0Number of asset objects unloaded after import = 2

========================================================================
Received Import Request.
  Time since last request: 0.000031 seconds.
  path: Assets/Tilemap/Tilesets/Tileset Fase 2/06 (1)_0.asset
  artifactKey: Guid(e6ccbf3332da31041bdd40eb593bb9a2) Importer(2089858483,192608db42251d675da83286b1cce702)
Start importing Assets/Tilemap/Tilesets/Tileset Fase 2/06 (1)_0.asset using Guid(e6ccbf3332da31041bdd40eb593bb9a2) Importer(2089858483,192608db42251d675da83286b1cce702) (ScriptedImporter) -> (artifact id: '1464431458b67566be7a343414e66571') in 0.0412267 seconds
Number of updated asset objects reloaded before import = 0Number of asset objects unloaded after import = 2

========================================================================
Received Import Request.
  Time since last request: 0.000046 seconds.
  path: Assets/Tilemap/Tilesets/Tileset Fase 2/07 (2)_0.asset
  artifactKey: Guid(b09c8541e5928fd4182938112b01b4b1) Importer(2089858483,192608db42251d675da83286b1cce702)
Start importing Assets/Tilemap/Tilesets/Tileset Fase 2/07 (2)_0.asset using Guid(b09c8541e5928fd4182938112b01b4b1) Importer(2089858483,192608db42251d675da83286b1cce702) (ScriptedImporter) -> (artifact id: '3d063e010624a5006a8d550e46a0f68f') in 0.0622757 seconds
Number of updated asset objects reloaded before import = 0Number of asset objects unloaded after import = 2

========================================================================
Received Import Request.
  Time since last request: 0.000060 seconds.
  path: Assets/Tilemap/Tilesets/Tileset Fase 2/04_0.asset
  artifactKey: Guid(d9535c704035d4445a4a794dcaf2b562) Importer(2089858483,192608db42251d675da83286b1cce702)
Start importing Assets/Tilemap/Tilesets/Tileset Fase 2/04_0.asset using Guid(d9535c704035d4445a4a794dcaf2b562) Importer(2089858483,192608db42251d675da83286b1cce702) (ScriptedImporter) -> (artifact id: '93f08c4dbace67a865f49bbd99f03101') in 0.0406433 seconds
Number of updated asset objects reloaded before import = 0Number of asset objects unloaded after import = 2

========================================================================
Received Import Request.
  Time since last request: 0.000037 seconds.
  path: Assets/Tilemap/Tilesets/Tileset Fase 1/Tileset_ground_13 1.asset
  artifactKey: Guid(39cad444658a06e408cc0a31c17962d6) Importer(2089858483,192608db42251d675da83286b1cce702)
Start importing Assets/Tilemap/Tilesets/Tileset Fase 1/Tileset_ground_13 1.asset using Guid(39cad444658a06e408cc0a31c17962d6) Importer(2089858483,192608db42251d675da83286b1cce702) (ScriptedImporter) -> (artifact id: 'ac06f27e37c5505db6992c2cb23f42e3') in 0.0379067 seconds
Number of updated asset objects reloaded before import = 0Number of asset objects unloaded after import = 2

========================================================================
Received Import Request.
  Time since last request: 0.000071 seconds.
  path: Assets/Tilemap/Tilesets/Tileset Fase 3/02 - Asset.png
  artifactKey: Guid(c15cb3b64f90be7428a11ac48117b27d) Importer(2089858483,192608db42251d675da83286b1cce702)
Start importing Assets/Tilemap/Tilesets/Tileset Fase 3/02 - Asset.png using Guid(c15cb3b64f90be7428a11ac48117b27d) Importer(2089858483,192608db42251d675da83286b1cce702) (ScriptedImporter) -> (artifact id: '4f658d19ede2cb72dd95e65bb091fc99') in 0.0613289 seconds
Number of updated asset objects reloaded before import = 0Number of asset objects unloaded after import = 3

========================================================================
Received Import Request.
  Time since last request: 0.000050 seconds.
  path: Assets/Tilemap/Tilesets/Tileset Fase 3/0000006-1.png
  artifactKey: Guid(428f03bbbe356d34ca53707a4ce65973) Importer(2089858483,192608db42251d675da83286b1cce702)
Start importing Assets/Tilemap/Tilesets/Tileset Fase 3/0000006-1.png using Guid(428f03bbbe356d34ca53707a4ce65973) Importer(2089858483,192608db42251d675da83286b1cce702) (ScriptedImporter) -> (artifact id: 'c155fe21a98e26378a2560c4634e238c') in 0.0431047 seconds
Number of updated asset objects reloaded before import = 0Number of asset objects unloaded after import = 3

========================================================================
Received Import Request.
  Time since last request: 0.000036 seconds.
  path: Assets/Tilemap/Tilesets/Tileset Fase 3/0000006-2_0.asset
  artifactKey: Guid(9f6c6d2e686fb604bb7ca8686fad3917) Importer(2089858483,192608db42251d675da83286b1cce702)
Start importing Assets/Tilemap/Tilesets/Tileset Fase 3/0000006-2_0.asset using Guid(9f6c6d2e686fb604bb7ca8686fad3917) Importer(2089858483,192608db42251d675da83286b1cce702) (ScriptedImporter) -> (artifact id: '2a16634ab634ab94daa8f84ed018022b') in 0.0349656 seconds
Number of updated asset objects reloaded before import = 0Number of asset objects unloaded after import = 2

========================================================================
Received Import Request.
  Time since last request: 0.000043 seconds.
  path: Assets/Tilemap/Tilesets/Tileset Fase 3/0000005-2.png
  artifactKey: Guid(f3a477cfde4ea73408421abe35986e5a) Importer(2089858483,192608db42251d675da83286b1cce702)
Start importing Assets/Tilemap/Tilesets/Tileset Fase 3/0000005-2.png using Guid(f3a477cfde4ea73408421abe35986e5a) Importer(2089858483,192608db42251d675da83286b1cce702) (ScriptedImporter) -> (artifact id: '308ce730bc7e219d45edf4d6cec53e09') in 0.0478116 seconds
Number of updated asset objects reloaded before import = 0Number of asset objects unloaded after import = 3

========================================================================
Received Import Request.
  Time since last request: 0.000068 seconds.
  path: Assets/Tilemap/Tilesets/Tileset Fase 3/02 - Asset_0.asset
  artifactKey: Guid(eb63dda6f0dfbb543bfde17fcf4cc97a) Importer(2089858483,192608db42251d675da83286b1cce702)
Start importing Assets/Tilemap/Tilesets/Tileset Fase 3/02 - Asset_0.asset using Guid(eb63dda6f0dfbb543bfde17fcf4cc97a) Importer(2089858483,192608db42251d675da83286b1cce702) (ScriptedImporter) -> (artifact id: 'c4331609402473716d7ab4dbe2d50f7a') in 0.0404598 seconds
Number of updated asset objects reloaded before import = 0Number of asset objects unloaded after import = 2

========================================================================
Received Import Request.
  Time since last request: 0.000036 seconds.
  path: Assets/Tilemap/Tilesets/Tileset Tutorial/BRICKSBOTLEFT_0.asset
  artifactKey: Guid(2f40ad206ddb77a42915e6af052856fd) Importer(2089858483,192608db42251d675da83286b1cce702)
Start importing Assets/Tilemap/Tilesets/Tileset Tutorial/BRICKSBOTLEFT_0.asset using Guid(2f40ad206ddb77a42915e6af052856fd) Importer(2089858483,192608db42251d675da83286b1cce702) (ScriptedImporter) -> (artifact id: '4bcae8946d9f4f5a56697acc33e5e2e9') in 0.0436487 seconds
Number of updated asset objects reloaded before import = 0Number of asset objects unloaded after import = 2

========================================================================
Received Import Request.
  Time since last request: 0.000041 seconds.
  path: Assets/Tilemap/Tilesets/Tileset Fase 3/PATHROCKS_0.asset
  artifactKey: Guid(595094a61bf1f694f835fe29674ab0e7) Importer(2089858483,192608db42251d675da83286b1cce702)
Start importing Assets/Tilemap/Tilesets/Tileset Fase 3/PATHROCKS_0.asset using Guid(595094a61bf1f694f835fe29674ab0e7) Importer(2089858483,192608db42251d675da83286b1cce702) (ScriptedImporter) -> (artifact id: '50b0e8737cf6955ac91af84211425c50') in 0.0471469 seconds
Number of updated asset objects reloaded before import = 0Number of asset objects unloaded after import = 2

========================================================================
Received Import Request.
  Time since last request: 0.000102 seconds.
  path: Assets/Tilemap/Tilesets/Tileset Fase 3/ROUNDBRICKS.png
  artifactKey: Guid(00bd3b3061e312645b8301f402500741) Importer(2089858483,192608db42251d675da83286b1cce702)
Start importing Assets/Tilemap/Tilesets/Tileset Fase 3/ROUNDBRICKS.png using Guid(00bd3b3061e312645b8301f402500741) Importer(2089858483,192608db42251d675da83286b1cce702) (ScriptedImporter) -> (artifact id: 'e61cc0cf18a532a71ed5047582ea8af7') in 0.0573422 seconds
Number of updated asset objects reloaded before import = 0Number of asset objects unloaded after import = 3

========================================================================
Received Import Request.
  Time since last request: 0.000037 seconds.
  path: Assets/Tilemap/Tilesets/Tileset Fase 3/GRAYROCKS.png
  artifactKey: Guid(ebe29b52ad14f9641b2cab62246bd3e4) Importer(2089858483,192608db42251d675da83286b1cce702)
Start importing Assets/Tilemap/Tilesets/Tileset Fase 3/GRAYROCKS.png using Guid(ebe29b52ad14f9641b2cab62246bd3e4) Importer(2089858483,192608db42251d675da83286b1cce702) (ScriptedImporter) -> (artifact id: '26efc34622692e006ee3427b31fd86cc') in 0.0605721 seconds
Number of updated asset objects reloaded before import = 0Number of asset objects unloaded after import = 3

========================================================================
Received Import Request.
  Time since last request: 0.000051 seconds.
  path: Assets/Tilemap/Tilesets/Tileset Tutorial/DECIDA (1).png
  artifactKey: Guid(b990be98fa3ac3742a6908aeaff245e9) Importer(2089858483,192608db42251d675da83286b1cce702)
Start importing Assets/Tilemap/Tilesets/Tileset Tutorial/DECIDA (1).png using Guid(b990be98fa3ac3742a6908aeaff245e9) Importer(2089858483,192608db42251d675da83286b1cce702) (ScriptedImporter) -> (artifact id: 'd69bfde22f903f96879954661bb01681') in 0.0844384 seconds
Number of updated asset objects reloaded before import = 0Number of asset objects unloaded after import = 3

========================================================================
Received Import Request.
  Time since last request: 0.000039 seconds.
  path: Assets/Tilemap/Tilesets/Tileset Tutorial/DECIDA (1) 1_0.asset
  artifactKey: Guid(e8368a59f135e0944b8bc904f21531a8) Importer(2089858483,192608db42251d675da83286b1cce702)
Start importing Assets/Tilemap/Tilesets/Tileset Tutorial/DECIDA (1) 1_0.asset using Guid(e8368a59f135e0944b8bc904f21531a8) Importer(2089858483,192608db42251d675da83286b1cce702) (ScriptedImporter) -> (artifact id: '2ec5144a2e3d6ca786478ca273b360b7') in 0.035896 seconds
Number of updated asset objects reloaded before import = 0Number of asset objects unloaded after import = 2

========================================================================
Received Import Request.
  Time since last request: 0.000046 seconds.
  path: Assets/Tilemap/Tilesets/Tileset Fase 1/Tileset_ground_47 1.asset
  artifactKey: Guid(68ee85b78bdeddb4ea61aa4dcd4f0613) Importer(2089858483,192608db42251d675da83286b1cce702)
Start importing Assets/Tilemap/Tilesets/Tileset Fase 1/Tileset_ground_47 1.asset using Guid(68ee85b78bdeddb4ea61aa4dcd4f0613) Importer(2089858483,192608db42251d675da83286b1cce702) (ScriptedImporter) -> (artifact id: '3ef1a3e85b87f7ffcbedd67942a5dfe9') in 0.0408319 seconds
Number of updated asset objects reloaded before import = 0Number of asset objects unloaded after import = 2

========================================================================
Received Import Request.
  Time since last request: 0.000042 seconds.
  path: Assets/Tilemap/Tilesets/Tileset Fase 1/Tileset_ground_42.asset
  artifactKey: Guid(d3496e389fcf7734bb67922b004cecbd) Importer(2089858483,192608db42251d675da83286b1cce702)
Start importing Assets/Tilemap/Tilesets/Tileset Fase 1/Tileset_ground_42.asset using Guid(d3496e389fcf7734bb67922b004cecbd) Importer(2089858483,192608db42251d675da83286b1cce702) (ScriptedImporter) -> (artifact id: 'e7d819cc1f4233ab7d4c7eb94df9a875') in 0.0405546 seconds
Number of updated asset objects reloaded before import = 0Number of asset objects unloaded after import = 2

========================================================================
Received Import Request.
  Time since last request: 0.000072 seconds.
  path: Assets/Tilemap/Tilesets/Tileset Tutorial/Tutorial.prefab
  artifactKey: Guid(fc03b903df89cde4f8cfeb1a1fe553c6) Importer(2089858483,192608db42251d675da83286b1cce702)
Start importing Assets/Tilemap/Tilesets/Tileset Tutorial/Tutorial.prefab using Guid(fc03b903df89cde4f8cfeb1a1fe553c6) Importer(2089858483,192608db42251d675da83286b1cce702) (ScriptedImporter) -> (artifact id: '2fef2bf26ab36d4ae868097adbe94d9c') in 0.0674709 seconds
Number of updated asset objects reloaded before import = 0Number of asset objects unloaded after import = 10

========================================================================
Received Import Request.
  Time since last request: 0.000068 seconds.
  path: Assets/UI/Figma/Level Selector/cadeado.png
  artifactKey: Guid(c3cfa35f7acd39845bd4f96e07799b08) Importer(2089858483,192608db42251d675da83286b1cce702)
Start importing Assets/UI/Figma/Level Selector/cadeado.png using Guid(c3cfa35f7acd39845bd4f96e07799b08) Importer(2089858483,192608db42251d675da83286b1cce702) (ScriptedImporter) -> (artifact id: '4b85f5d589f63494f087de377fad9c36') in 0.0556933 seconds
Number of updated asset objects reloaded before import = 0Number of asset objects unloaded after import = 4

========================================================================
Received Import Request.
  Time since last request: 0.000040 seconds.
  path: Assets/Tilemap/Tilesets/Tileset Tutorial/Decida_0.asset
  artifactKey: Guid(caccad7a8906f614981914fe083ddf06) Importer(2089858483,192608db42251d675da83286b1cce702)
Start importing Assets/Tilemap/Tilesets/Tileset Tutorial/Decida_0.asset using Guid(caccad7a8906f614981914fe083ddf06) Importer(2089858483,192608db42251d675da83286b1cce702) (ScriptedImporter) -> (artifact id: 'e6685aae112c7c4858aeaa57b9decc26') in 0.031838 seconds
Number of updated asset objects reloaded before import = 0Number of asset objects unloaded after import = 1

========================================================================
Received Import Request.
  Time since last request: 0.000050 seconds.
  path: Assets/Tilemap/Tilesets/Tileset Fase 3/0000005-1_0.asset
  artifactKey: Guid(a6368cb978818eb42876aa977b1af817) Importer(2089858483,192608db42251d675da83286b1cce702)
Start importing Assets/Tilemap/Tilesets/Tileset Fase 3/0000005-1_0.asset using Guid(a6368cb978818eb42876aa977b1af817) Importer(2089858483,192608db42251d675da83286b1cce702) (ScriptedImporter) -> (artifact id: 'bfa220b7c943a2de1c1d5d865dbe0489') in 0.0406029 seconds
Number of updated asset objects reloaded before import = 0Number of asset objects unloaded after import = 2

========================================================================
Received Import Request.
  Time since last request: 0.000035 seconds.
  path: Assets/UI/Figma/Main Menu/BGGround60%.png
  artifactKey: Guid(62d7bef6a36d6a1449dd4676f820aa61) Importer(2089858483,192608db42251d675da83286b1cce702)
Start importing Assets/UI/Figma/Main Menu/BGGround60%.png using Guid(62d7bef6a36d6a1449dd4676f820aa61) Importer(2089858483,192608db42251d675da83286b1cce702) (ScriptedImporter) -> (artifact id: '48ba95b64376dee39f889056c85f9341') in 0.0678024 seconds
Number of updated asset objects reloaded before import = 0Number of asset objects unloaded after import = 3

========================================================================
Received Import Request.
  Time since last request: 0.000043 seconds.
  path: Assets/UI/Figma/Main Menu/back butto.png
  artifactKey: Guid(7a910c7ad3228bc4590e2e5e12cf9329) Importer(2089858483,192608db42251d675da83286b1cce702)
Start importing Assets/UI/Figma/Main Menu/back butto.png using Guid(7a910c7ad3228bc4590e2e5e12cf9329) Importer(2089858483,192608db42251d675da83286b1cce702) (ScriptedImporter) -> (artifact id: 'ad2ae0b20ed440c201d5e91594a3e00c') in 0.0623314 seconds
Number of updated asset objects reloaded before import = 0Number of asset objects unloaded after import = 3

========================================================================
Received Import Request.
  Time since last request: 0.000047 seconds.
  path: Assets/UI/Figma/Main Menu/CreditsTitle.png
  artifactKey: Guid(6ec6ccd3562c805409179b70dfcf60f4) Importer(2089858483,192608db42251d675da83286b1cce702)
Start importing Assets/UI/Figma/Main Menu/CreditsTitle.png using Guid(6ec6ccd3562c805409179b70dfcf60f4) Importer(2089858483,192608db42251d675da83286b1cce702) (ScriptedImporter) -> (artifact id: '60062d90137958f09ed3de0cdd0bbd60') in 0.0503145 seconds
Number of updated asset objects reloaded before import = 0Number of asset objects unloaded after import = 3

========================================================================
Received Import Request.
  Time since last request: 0.000028 seconds.
  path: Assets/UI/Figma/Level Selector/Tutorial.png
  artifactKey: Guid(d22635e80045e1e4b972b79f38e4f663) Importer(2089858483,192608db42251d675da83286b1cce702)
Start importing Assets/UI/Figma/Level Selector/Tutorial.png using Guid(d22635e80045e1e4b972b79f38e4f663) Importer(2089858483,192608db42251d675da83286b1cce702) (ScriptedImporter) -> (artifact id: '65a7f1aefa537f0d279cb21deac46345') in 0.0511118 seconds
Number of updated asset objects reloaded before import = 0Number of asset objects unloaded after import = 3

========================================================================
Received Import Request.
  Time since last request: 0.000031 seconds.
  path: Assets/UI/Store/Checkpoints/computer.gif
  artifactKey: Guid(2c5e0b7b77072c4439d4b61907fd0ae3) Importer(2089858483,192608db42251d675da83286b1cce702)
Start importing Assets/UI/Store/Checkpoints/computer.gif using Guid(2c5e0b7b77072c4439d4b61907fd0ae3) Importer(2089858483,192608db42251d675da83286b1cce702) (ScriptedImporter) -> (artifact id: '50ae90391aabf18796b372a994636606') in 0.0849252 seconds
Number of updated asset objects reloaded before import = 0Number of asset objects unloaded after import = 4

========================================================================
Received Import Request.
  Time since last request: 0.000059 seconds.
  path: Assets/UI/Figma/Main Menu/Nome.png
  artifactKey: Guid(93032a6cc61d8ca498348806db714750) Importer(2089858483,192608db42251d675da83286b1cce702)
Start importing Assets/UI/Figma/Main Menu/Nome.png using Guid(93032a6cc61d8ca498348806db714750) Importer(2089858483,192608db42251d675da83286b1cce702) (ScriptedImporter) -> (artifact id: 'd5bb230641ed796eb46b979eec9b1563') in 0.073167 seconds
Number of updated asset objects reloaded before import = 0Number of asset objects unloaded after import = 3

========================================================================
Received Import Request.
  Time since last request: 0.000034 seconds.
  path: Assets/UI/Store/Checkpoints/not saved-checkpoint.png
  artifactKey: Guid(886ae4f969e9d90438f3484e7eaa39c9) Importer(2089858483,192608db42251d675da83286b1cce702)
Start importing Assets/UI/Store/Checkpoints/not saved-checkpoint.png using Guid(886ae4f969e9d90438f3484e7eaa39c9) Importer(2089858483,192608db42251d675da83286b1cce702) (ScriptedImporter) -> (artifact id: 'ae4350c0cb20624ad920302bc93c1605') in 0.0505707 seconds
Number of updated asset objects reloaded before import = 0Number of asset objects unloaded after import = 3

========================================================================
Received Import Request.
  Time since last request: 0.000047 seconds.
  path: Assets/UI/Figma/Main Menu/Mask group.png
  artifactKey: Guid(bf826813ec1f6ff458fc29a5805132a5) Importer(2089858483,192608db42251d675da83286b1cce702)
Start importing Assets/UI/Figma/Main Menu/Mask group.png using Guid(bf826813ec1f6ff458fc29a5805132a5) Importer(2089858483,192608db42251d675da83286b1cce702) (ScriptedImporter) -> (artifact id: '71a28d74083f54fcdbee6a888deeedd5') in 0.0524103 seconds
Number of updated asset objects reloaded before import = 0Number of asset objects unloaded after import = 3

========================================================================
Received Import Request.
  Time since last request: 0.000076 seconds.
  path: Assets/Sprites/Objects/Boss 1/Animations/Projectile.anim
  artifactKey: Guid(a198135e242ca2741bb8b2b6a5ba57a1) Importer(2089858483,192608db42251d675da83286b1cce702)
Start importing Assets/Sprites/Objects/Boss 1/Animations/Projectile.anim using Guid(a198135e242ca2741bb8b2b6a5ba57a1) Importer(2089858483,192608db42251d675da83286b1cce702) (ScriptedImporter) -> (artifact id: 'ce463ae0f974d0b6bd27e83e706af869') in 0.0425738 seconds
Number of updated asset objects reloaded before import = 0Number of asset objects unloaded after import = 1

========================================================================
Received Import Request.
  Time since last request: 0.000039 seconds.
  path: Assets/Sprites/Objects/Boss 1/Animations/Projectile_Death.controller
  artifactKey: Guid(7299aaf9349143f409f690a33d782ff5) Importer(2089858483,192608db42251d675da83286b1cce702)
Start importing Assets/Sprites/Objects/Boss 1/Animations/Projectile_Death.controller using Guid(7299aaf9349143f409f690a33d782ff5) Importer(2089858483,192608db42251d675da83286b1cce702) (ScriptedImporter) -> (artifact id: 'f3f13fa9eeb6566fe04bab1086bc76d1') in 0.0426831 seconds
Number of updated asset objects reloaded before import = 0Number of asset objects unloaded after import = 7

========================================================================
Received Import Request.
  Time since last request: 0.000040 seconds.
  path: Assets/Sprites/Objects/Boss 1/Animations/Projectile_Death.anim
  artifactKey: Guid(fa4665c6723d7a94db6a4050f97a8797) Importer(2089858483,192608db42251d675da83286b1cce702)
Start importing Assets/Sprites/Objects/Boss 1/Animations/Projectile_Death.anim using Guid(fa4665c6723d7a94db6a4050f97a8797) Importer(2089858483,192608db42251d675da83286b1cce702) (ScriptedImporter) -> (artifact id: '8181db0a46293fa09ce78bdbefa95d96') in 0.0423789 seconds
Number of updated asset objects reloaded before import = 0Number of asset objects unloaded after import = 1

========================================================================
Received Import Request.
  Time since last request: 0.000073 seconds.
  path: Assets/Sprites/Objects/Boss 1/Animations/Projectile.controller
  artifactKey: Guid(5283993cf232a254ab6fa233678e4675) Importer(2089858483,192608db42251d675da83286b1cce702)
Start importing Assets/Sprites/Objects/Boss 1/Animations/Projectile.controller using Guid(5283993cf232a254ab6fa233678e4675) Importer(2089858483,192608db42251d675da83286b1cce702) (ScriptedImporter) -> (artifact id: 'a8d510e18d59bc78a4da94d571e988ff') in 0.0358512 seconds
Number of updated asset objects reloaded before import = 0Number of asset objects unloaded after import = 7

========================================================================
Received Import Request.
  Time since last request: 0.000033 seconds.
  path: Assets/UI/Figma/Loading/background carregamento.png
  artifactKey: Guid(04ba1ead39b179b4cb3b8b57e88d9f1a) Importer(2089858483,192608db42251d675da83286b1cce702)
Start importing Assets/UI/Figma/Loading/background carregamento.png using Guid(04ba1ead39b179b4cb3b8b57e88d9f1a) Importer(2089858483,192608db42251d675da83286b1cce702) (ScriptedImporter) -> (artifact id: '0ce3b17220c7b6221344506d1e552533') in 0.0596655 seconds
Number of updated asset objects reloaded before import = 0Number of asset objects unloaded after import = 3

========================================================================
Received Import Request.
  Time since last request: 0.000035 seconds.
  path: Assets/Sprites/Objects/Boss 2/Animations/preparingToAttack.anim
  artifactKey: Guid(92bc0071b65966c4b8391dfb7aca3820) Importer(2089858483,192608db42251d675da83286b1cce702)
Start importing Assets/Sprites/Objects/Boss 2/Animations/preparingToAttack.anim using Guid(92bc0071b65966c4b8391dfb7aca3820) Importer(2089858483,192608db42251d675da83286b1cce702) (ScriptedImporter) -> (artifact id: '648fbeeeea378280b8b1f24533f671eb') in 0.0319552 seconds
Number of updated asset objects reloaded before import = 0Number of asset objects unloaded after import = 1

========================================================================
Received Import Request.
  Time since last request: 0.000060 seconds.
  path: Assets/Sprites/Objects/Boss 2/Animations/attacking.anim
  artifactKey: Guid(2c438049917ab724ea8148bc7342f281) Importer(2089858483,192608db42251d675da83286b1cce702)
Start importing Assets/Sprites/Objects/Boss 2/Animations/attacking.anim using Guid(2c438049917ab724ea8148bc7342f281) Importer(2089858483,192608db42251d675da83286b1cce702) (ScriptedImporter) -> (artifact id: '8655d383758c68054ab16e47ae1e2fe4') in 0.0424874 seconds
Number of updated asset objects reloaded before import = 0Number of asset objects unloaded after import = 1

========================================================================
Received Import Request.
  Time since last request: 0.000029 seconds.
  path: Assets/Sprites/Objects/Boss 2/Animations/defeated.anim
  artifactKey: Guid(36045c078a04e3840986950728ae905a) Importer(2089858483,192608db42251d675da83286b1cce702)
Start importing Assets/Sprites/Objects/Boss 2/Animations/defeated.anim using Guid(36045c078a04e3840986950728ae905a) Importer(2089858483,192608db42251d675da83286b1cce702) (ScriptedImporter) -> (artifact id: '9224a84d9bdd3b89f02f2674f27a0256') in 0.0414613 seconds
Number of updated asset objects reloaded before import = 0Number of asset objects unloaded after import = 1

========================================================================
Received Import Request.
  Time since last request: 0.000040 seconds.
  path: Assets/Sprites/Objects/Boss 3/Animations/defeated.anim
  artifactKey: Guid(3b49e8a11b2fdb94a88d8fc9e9a051e7) Importer(2089858483,192608db42251d675da83286b1cce702)
Start importing Assets/Sprites/Objects/Boss 3/Animations/defeated.anim using Guid(3b49e8a11b2fdb94a88d8fc9e9a051e7) Importer(2089858483,192608db42251d675da83286b1cce702) (ScriptedImporter) -> (artifact id: '3bff158ddeb22ebde16bae970fdb19df') in 0.0383073 seconds
Number of updated asset objects reloaded before import = 0Number of asset objects unloaded after import = 1

========================================================================
Received Import Request.
  Time since last request: 0.000053 seconds.
  path: Assets/Sprites/Objects/Boss 2/Animations/idle.anim
  artifactKey: Guid(49640deaa2bf230469a785acc09a0bae) Importer(2089858483,192608db42251d675da83286b1cce702)
Start importing Assets/Sprites/Objects/Boss 2/Animations/idle.anim using Guid(49640deaa2bf230469a785acc09a0bae) Importer(2089858483,192608db42251d675da83286b1cce702) (ScriptedImporter) -> (artifact id: '3fe84156d68c34a81c0b9195c001a852') in 0.0373908 seconds
Number of updated asset objects reloaded before import = 0Number of asset objects unloaded after import = 1

========================================================================
Received Import Request.
  Time since last request: 0.000063 seconds.
  path: Assets/TextMesh Pro/Examples & Extras/Resources/Color Gradient Presets/Yellow to Orange - Vertical.asset
  artifactKey: Guid(69a525efa7e6472eab268f6ea605f06e) Importer(2089858483,192608db42251d675da83286b1cce702)
Start importing Assets/TextMesh Pro/Examples & Extras/Resources/Color Gradient Presets/Yellow to Orange - Vertical.asset using Guid(69a525efa7e6472eab268f6ea605f06e) Importer(2089858483,192608db42251d675da83286b1cce702) (ScriptedImporter) -> (artifact id: '5ffffe61e5745fe3ad9f43b7012f33c7') in 0.0395788 seconds
Number of updated asset objects reloaded before import = 0Number of asset objects unloaded after import = 1

========================================================================
Received Import Request.
  Time since last request: 0.000032 seconds.
  path: Assets/Sprites/Objects/Robot/Animations/Robot.controller
  artifactKey: Guid(1ee20afb98c373f449a1fac0056d32f9) Importer(2089858483,192608db42251d675da83286b1cce702)
Start importing Assets/Sprites/Objects/Robot/Animations/Robot.controller using Guid(1ee20afb98c373f449a1fac0056d32f9) Importer(2089858483,192608db42251d675da83286b1cce702) (ScriptedImporter) -> (artifact id: '0f559fc61e4645abceacc0399b24c9b8') in 0.0369049 seconds
Number of updated asset objects reloaded before import = 0Number of asset objects unloaded after import = 11

========================================================================
Received Import Request.
  Time since last request: 0.000064 seconds.
  path: Assets/Sprites/Objects/Player/Animations/Player.controller
  artifactKey: Guid(f9f9c7623d77a144b94f6556b8787e69) Importer(2089858483,192608db42251d675da83286b1cce702)
Start importing Assets/Sprites/Objects/Player/Animations/Player.controller using Guid(f9f9c7623d77a144b94f6556b8787e69) Importer(2089858483,192608db42251d675da83286b1cce702) (ScriptedImporter) -> (artifact id: '83d69d04b375f44e57bfaa7de2633f07') in 0.045062 seconds
Number of updated asset objects reloaded before import = 0Number of asset objects unloaded after import = 4

========================================================================
Received Import Request.
  Time since last request: 0.000036 seconds.
  path: Assets/Sprites/Objects/Player/Animations/idle.anim
  artifactKey: Guid(acc49cbf716a3ff4c97d44c3389ec3a4) Importer(2089858483,192608db42251d675da83286b1cce702)
Start importing Assets/Sprites/Objects/Player/Animations/idle.anim using Guid(acc49cbf716a3ff4c97d44c3389ec3a4) Importer(2089858483,192608db42251d675da83286b1cce702) (ScriptedImporter) -> (artifact id: '4c7e5a3cfa6e5c9ac6dd68e9a72ebd03') in 0.0422697 seconds
Number of updated asset objects reloaded before import = 0Number of asset objects unloaded after import = 1

========================================================================
Received Import Request.
  Time since last request: 0.000052 seconds.
  path: Assets/TextMesh Pro/Examples & Extras/Resources/Fonts & Materials/Bangers SDF - Drop Shadow - 2 Pass.mat
  artifactKey: Guid(947a44964e53bf0448ff698b2a2219c0) Importer(2089858483,192608db42251d675da83286b1cce702)
Start importing Assets/TextMesh Pro/Examples & Extras/Resources/Fonts & Materials/Bangers SDF - Drop Shadow - 2 Pass.mat using Guid(947a44964e53bf0448ff698b2a2219c0) Importer(2089858483,192608db42251d675da83286b1cce702) (ScriptedImporter) -> (artifact id: '0a5b908f82c985b62cef1ec69672ea99') in 0.0569409 seconds
Number of updated asset objects reloaded before import = 0Number of asset objects unloaded after import = 2

========================================================================
Received Import Request.
  Time since last request: 0.000275 seconds.
  path: Assets/TextMesh Pro/Examples & Extras/Resources/Fonts & Materials/Electronic Highway Sign SDF.asset
  artifactKey: Guid(dc36b3fdc14f47ebb36fd484a67e268a) Importer(2089858483,192608db42251d675da83286b1cce702)
Start importing Assets/TextMesh Pro/Examples & Extras/Resources/Fonts & Materials/Electronic Highway Sign SDF.asset using Guid(dc36b3fdc14f47ebb36fd484a67e268a) Importer(2089858483,192608db42251d675da83286b1cce702) (ScriptedImporter) -> (artifact id: 'eb61722497f7c39d40f54e5290db7c2a') in 0.0601356 seconds
Number of updated asset objects reloaded before import = 0Number of asset objects unloaded after import = 5

========================================================================
Received Import Request.
  Time since last request: 0.000043 seconds.
  path: Assets/TextMesh Pro/Examples & Extras/Resources/Fonts & Materials/Bangers SDF.asset
  artifactKey: Guid(125cb55b44b24c4393181402bc6200e6) Importer(2089858483,192608db42251d675da83286b1cce702)
Start importing Assets/TextMesh Pro/Examples & Extras/Resources/Fonts & Materials/Bangers SDF.asset using Guid(125cb55b44b24c4393181402bc6200e6) Importer(2089858483,192608db42251d675da83286b1cce702) (ScriptedImporter) -> (artifact id: 'ab06b6d235d7322b20c46dd15bdd73c0') in 0.0829008 seconds
Number of updated asset objects reloaded before import = 0Number of asset objects unloaded after import = 5

========================================================================
Received Import Request.
  Time since last request: 0.000030 seconds.
  path: Assets/TextMesh Pro/Examples & Extras/Resources/Fonts & Materials/Bangers SDF - Outline.mat
  artifactKey: Guid(f629c6e43dba4bf38cb74d8860150664) Importer(2089858483,192608db42251d675da83286b1cce702)
Start importing Assets/TextMesh Pro/Examples & Extras/Resources/Fonts & Materials/Bangers SDF - Outline.mat using Guid(f629c6e43dba4bf38cb74d8860150664) Importer(2089858483,192608db42251d675da83286b1cce702) (ScriptedImporter) -> (artifact id: '5ab54d1e542d142d7f50e0a609393875') in 0.0444122 seconds
Number of updated asset objects reloaded before import = 0Number of asset objects unloaded after import = 2

========================================================================
Received Import Request.
  Time since last request: 0.000047 seconds.
  path: Assets/TextMesh Pro/Examples & Extras/Resources/Fonts & Materials/Roboto-Bold SDF - Drop Shadow.mat
  artifactKey: Guid(b246c4190f4e46ec9352fe15a7b09ce0) Importer(2089858483,192608db42251d675da83286b1cce702)
Start importing Assets/TextMesh Pro/Examples & Extras/Resources/Fonts & Materials/Roboto-Bold SDF - Drop Shadow.mat using Guid(b246c4190f4e46ec9352fe15a7b09ce0) Importer(2089858483,192608db42251d675da83286b1cce702) (ScriptedImporter) -> (artifact id: '7f79fb7ef2c0306fc9277bed1be8bebc') in 0.0433294 seconds
Number of updated asset objects reloaded before import = 0Number of asset objects unloaded after import = 2

========================================================================
Received Import Request.
  Time since last request: 0.000042 seconds.
  path: Assets/TextMesh Pro/Examples & Extras/Resources/Fonts & Materials/Unity SDF.asset
  artifactKey: Guid(c9adb1f542a93ae489bacfeae21e8394) Importer(2089858483,192608db42251d675da83286b1cce702)
Start importing Assets/TextMesh Pro/Examples & Extras/Resources/Fonts & Materials/Unity SDF.asset using Guid(c9adb1f542a93ae489bacfeae21e8394) Importer(2089858483,192608db42251d675da83286b1cce702) (ScriptedImporter) -> (artifact id: 'b7688bc8b14494e05f8ee3c45d2553c2') in 0.1048515 seconds
Number of updated asset objects reloaded before import = 0Number of asset objects unloaded after import = 4

========================================================================
Received Import Request.
  Time since last request: 0.000038 seconds.
  path: Assets/TextMesh Pro/Examples & Extras/Resources/Fonts & Materials/Roboto-Bold SDF - Surface.mat
  artifactKey: Guid(e6b276ec991f467aa14ef1f3cc665993) Importer(2089858483,192608db42251d675da83286b1cce702)
Start importing Assets/TextMesh Pro/Examples & Extras/Resources/Fonts & Materials/Roboto-Bold SDF - Surface.mat using Guid(e6b276ec991f467aa14ef1f3cc665993) Importer(2089858483,192608db42251d675da83286b1cce702) (ScriptedImporter) -> (artifact id: 'b46eb007cc451ad039de1eb9cb88a101') in 0.0612415 seconds
Number of updated asset objects reloaded before import = 0Number of asset objects unloaded after import = 2

========================================================================
Received Import Request.
  Time since last request: 0.000055 seconds.
  path: Assets/TextMesh Pro/Examples & Extras/Resources/Fonts & Materials/Roboto-Bold SDF.asset
  artifactKey: Guid(5302535af1044152a457ed104f1f4b91) Importer(2089858483,192608db42251d675da83286b1cce702)
Start importing Assets/TextMesh Pro/Examples & Extras/Resources/Fonts & Materials/Roboto-Bold SDF.asset using Guid(5302535af1044152a457ed104f1f4b91) Importer(2089858483,192608db42251d675da83286b1cce702) (ScriptedImporter) -> (artifact id: '25e224b20c118cf0398471103735ca82') in 0.0944618 seconds
Number of updated asset objects reloaded before import = 0Number of asset objects unloaded after import = 5

========================================================================
Received Import Request.
  Time since last request: 0.000033 seconds.
  path: Assets/Sprites/Habilities/Hability 1 & 2/Animated/Animated Padlock/Sturdy Padlock - RED - 0000.png
  artifactKey: Guid(13d0d552d6a4a8c45bd5bb6841858c8c) Importer(2089858483,192608db42251d675da83286b1cce702)
Start importing Assets/Sprites/Habilities/Hability 1 & 2/Animated/Animated Padlock/Sturdy Padlock - RED - 0000.png using Guid(13d0d552d6a4a8c45bd5bb6841858c8c) Importer(2089858483,192608db42251d675da83286b1cce702) (ScriptedImporter) -> (artifact id: '176b8ccf257fde4dd4d4c11a76f648bb') in 0.0541 seconds
Number of updated asset objects reloaded before import = 0Number of asset objects unloaded after import = 3

========================================================================
Received Import Request.
  Time since last request: 0.000040 seconds.
  path: Assets/TextMesh Pro/Examples & Extras/Resources/Sprite Assets/DropCap Numbers.asset
  artifactKey: Guid(14aa93acbb234d16aaef0e8b46814db6) Importer(2089858483,192608db42251d675da83286b1cce702)
Start importing Assets/TextMesh Pro/Examples & Extras/Resources/Sprite Assets/DropCap Numbers.asset using Guid(14aa93acbb234d16aaef0e8b46814db6) Importer(2089858483,192608db42251d675da83286b1cce702) (ScriptedImporter) -> (artifact id: '87dd36356193fe33f0d72963c8884ea2') in 0.0524143 seconds
Number of updated asset objects reloaded before import = 0Number of asset objects unloaded after import = 3

========================================================================
Received Import Request.
  Time since last request: 0.000068 seconds.
  path: Assets/Sprites/Habilities/Hability 1 & 2/Animated/Animated Door/Pixeldoors1.png
  artifactKey: Guid(e936b31df3a63a04999169b9f007d3c1) Importer(2089858483,192608db42251d675da83286b1cce702)
Start importing Assets/Sprites/Habilities/Hability 1 & 2/Animated/Animated Door/Pixeldoors1.png using Guid(e936b31df3a63a04999169b9f007d3c1) Importer(2089858483,192608db42251d675da83286b1cce702) (ScriptedImporter) -> (artifact id: '095ee6e3922cd5d415a59541d571d4b2') in 0.1753768 seconds
Number of updated asset objects reloaded before import = 0Number of asset objects unloaded after import = 20

========================================================================
Received Import Request.
  Time since last request: 0.000041 seconds.
  path: Assets/Sprites/Habilities/Hability 1 & 2/Animated/Animated Padlock/Sturdy Padlock - RED - 0014.png
  artifactKey: Guid(154e84004f8428147a718da8dd418b8c) Importer(2089858483,192608db42251d675da83286b1cce702)
Start importing Assets/Sprites/Habilities/Hability 1 & 2/Animated/Animated Padlock/Sturdy Padlock - RED - 0014.png using Guid(154e84004f8428147a718da8dd418b8c) Importer(2089858483,192608db42251d675da83286b1cce702) (ScriptedImporter) -> (artifact id: '7fb893ddd9998809b0843b75176c9a6e') in 0.0770716 seconds
Number of updated asset objects reloaded before import = 0Number of asset objects unloaded after import = 3

========================================================================
Received Import Request.
  Time since last request: 0.000054 seconds.
  path: Assets/Sprites/Habilities/Hability 1 & 2/Animated/Animated Padlock/Sturdy Padlock - RED - 0010.png
  artifactKey: Guid(5cd3d341b21808c4eb6d97ea2d3b8b11) Importer(2089858483,192608db42251d675da83286b1cce702)
Start importing Assets/Sprites/Habilities/Hability 1 & 2/Animated/Animated Padlock/Sturdy Padlock - RED - 0010.png using Guid(5cd3d341b21808c4eb6d97ea2d3b8b11) Importer(2089858483,192608db42251d675da83286b1cce702) (ScriptedImporter) -> (artifact id: '7610d7d9d6b06b94db0eb6d20f9c6ff9') in 0.0937775 seconds
Number of updated asset objects reloaded before import = 0Number of asset objects unloaded after import = 3

========================================================================
Received Import Request.
  Time since last request: 0.000033 seconds.
  path: Assets/TextMesh Pro/Examples & Extras/Scenes/28 - HDRP Shader Example/Sky and Fog Volume Profile.asset
  artifactKey: Guid(83ba2e375bed45f48bce43e5a5f7c88a) Importer(2089858483,192608db42251d675da83286b1cce702)
Start importing Assets/TextMesh Pro/Examples & Extras/Scenes/28 - HDRP Shader Example/Sky and Fog Volume Profile.asset using Guid(83ba2e375bed45f48bce43e5a5f7c88a) Importer(2089858483,192608db42251d675da83286b1cce702) (ScriptedImporter) -> (artifact id: '7191142b4b29fbca118f26755f43f70c') in 0.0439795 seconds
Number of updated asset objects reloaded before import = 0Number of asset objects unloaded after import = 2

========================================================================
Received Import Request.
  Time since last request: 0.000036 seconds.
  path: Assets/Sprites/Objects/Doors/Animation/Door 1/open.anim
  artifactKey: Guid(29b665b148f80c14ebb9dd5f67fce1c7) Importer(2089858483,192608db42251d675da83286b1cce702)
Start importing Assets/Sprites/Objects/Doors/Animation/Door 1/open.anim using Guid(29b665b148f80c14ebb9dd5f67fce1c7) Importer(2089858483,192608db42251d675da83286b1cce702) (ScriptedImporter) -> (artifact id: '3b9f184025d24e21bf9ff10d2cfb9914') in 0.0371478 seconds
Number of updated asset objects reloaded before import = 0Number of asset objects unloaded after import = 1

========================================================================
Received Import Request.
  Time since last request: 0.000095 seconds.
  path: Assets/Sprites/Habilities/Hability 1 & 2/Animated/Animated Padlock/Sturdy Padlock - RED - 0015.png
  artifactKey: Guid(cbc7dfbe96bc5fa49985fac575711dde) Importer(2089858483,192608db42251d675da83286b1cce702)
Start importing Assets/Sprites/Habilities/Hability 1 & 2/Animated/Animated Padlock/Sturdy Padlock - RED - 0015.png using Guid(cbc7dfbe96bc5fa49985fac575711dde) Importer(2089858483,192608db42251d675da83286b1cce702) (ScriptedImporter) -> (artifact id: 'c322563c6704b1085ea468983a950415') in 0.1082667 seconds
Number of updated asset objects reloaded before import = 0Number of asset objects unloaded after import = 3

========================================================================
Received Import Request.
  Time since last request: 0.000054 seconds.
  path: Assets/Sprites/Objects/Boss 3/idle.PNG
  artifactKey: Guid(8bb716e0a87b1ad41b37a4cc8dc44596) Importer(2089858483,192608db42251d675da83286b1cce702)
Start importing Assets/Sprites/Objects/Boss 3/idle.PNG using Guid(8bb716e0a87b1ad41b37a4cc8dc44596) Importer(2089858483,192608db42251d675da83286b1cce702) (ScriptedImporter) -> (artifact id: '285dfe6dcbd527f1911cfe551d1dc1f1') in 0.0877014 seconds
Number of updated asset objects reloaded before import = 0Number of asset objects unloaded after import = 10

========================================================================
Received Import Request.
  Time since last request: 0.000051 seconds.
  path: Assets/TextMesh Pro/Examples & Extras/Textures/Text Overflow - Linked Text Image 1.png
  artifactKey: Guid(4ccf43d26c4748c792174516f4a8fcef) Importer(2089858483,192608db42251d675da83286b1cce702)
Start importing Assets/TextMesh Pro/Examples & Extras/Textures/Text Overflow - Linked Text Image 1.png using Guid(4ccf43d26c4748c792174516f4a8fcef) Importer(2089858483,192608db42251d675da83286b1cce702) (ScriptedImporter) -> (artifact id: 'eb29ee6f585252824c89a37a174baa65') in 0.078118 seconds
Number of updated asset objects reloaded before import = 0Number of asset objects unloaded after import = 1

========================================================================
Received Import Request.
  Time since last request: 0.000066 seconds.
  path: Assets/Tilemap/Tilesets/Tileset Fase 1/Tileset_ground_52.asset
  artifactKey: Guid(a459ee82cfe93364592355d3ea0941da) Importer(2089858483,192608db42251d675da83286b1cce702)
Start importing Assets/Tilemap/Tilesets/Tileset Fase 1/Tileset_ground_52.asset using Guid(a459ee82cfe93364592355d3ea0941da) Importer(2089858483,192608db42251d675da83286b1cce702) (ScriptedImporter) -> (artifact id: '2ec829013c47b52eb0b3f30232692b73') in 0.0439659 seconds
Number of updated asset objects reloaded before import = 0Number of asset objects unloaded after import = 2

========================================================================
Received Import Request.
  Time since last request: 0.000054 seconds.
  path: Assets/TextMesh Pro/Examples & Extras/Scripts/Benchmark01_UGUI.cs
  artifactKey: Guid(8ef7be1c625941f7ba8ed7cc71718c0d) Importer(2089858483,192608db42251d675da83286b1cce702)
Start importing Assets/TextMesh Pro/Examples & Extras/Scripts/Benchmark01_UGUI.cs using Guid(8ef7be1c625941f7ba8ed7cc71718c0d) Importer(2089858483,192608db42251d675da83286b1cce702) (ScriptedImporter) -> (artifact id: '743c815f58d77c392580d9753a0a4d51') in 0.0382851 seconds
Number of updated asset objects reloaded before import = 0Number of asset objects unloaded after import = 0

========================================================================
Received Import Request.
  Time since last request: 0.000044 seconds.
  path: Assets/Scripts/UI Scripts/DialoguePoints/DialogueHability.cs
  artifactKey: Guid(d506b53110b88cc419e6a44c92f0bf8d) Importer(2089858483,192608db42251d675da83286b1cce702)
Start importing Assets/Scripts/UI Scripts/DialoguePoints/DialogueHability.cs using Guid(d506b53110b88cc419e6a44c92f0bf8d) Importer(2089858483,192608db42251d675da83286b1cce702) (ScriptedImporter) -> (artifact id: '3d03507893f0b152d9f16cb9158b4e38') in 0.0581653 seconds
Number of updated asset objects reloaded before import = 0Number of asset objects unloaded after import = 0

========================================================================
Received Import Request.
  Time since last request: 0.000070 seconds.
  path: Assets/Tilemap/Tilesets/Tileset Fase 1/Terrain-01_13.asset
  artifactKey: Guid(d147ca99032755248933c1792de7e8f1) Importer(2089858483,192608db42251d675da83286b1cce702)
Start importing Assets/Tilemap/Tilesets/Tileset Fase 1/Terrain-01_13.asset using Guid(d147ca99032755248933c1792de7e8f1) Importer(2089858483,192608db42251d675da83286b1cce702) (ScriptedImporter) -> (artifact id: '2dc212edcc2a18f0aba6f95f6e4c79d3') in 0.0445244 seconds
Number of updated asset objects reloaded before import = 0Number of asset objects unloaded after import = 1

========================================================================
Received Import Request.
  Time since last request: 0.000046 seconds.
  path: Assets/Tilemap/Tilesets/Tileset Fase 1/Tileset_ground_28.asset
  artifactKey: Guid(26701625a401bbd499ee06a68315787b) Importer(2089858483,192608db42251d675da83286b1cce702)
Start importing Assets/Tilemap/Tilesets/Tileset Fase 1/Tileset_ground_28.asset using Guid(26701625a401bbd499ee06a68315787b) Importer(2089858483,192608db42251d675da83286b1cce702) (ScriptedImporter) -> (artifact id: 'fd2e25cdb3564c80c819ae05186d669f') in 0.0721318 seconds
Number of updated asset objects reloaded before import = 0Number of asset objects unloaded after import = 2

========================================================================
Received Import Request.
  Time since last request: 0.000050 seconds.
  path: Assets/TextMesh Pro/Examples & Extras/Resources/Sprite Assets/Default Sprite Asset.asset
  artifactKey: Guid(fbef3c704dce48f08a44612d6c856c8d) Importer(2089858483,192608db42251d675da83286b1cce702)
Start importing Assets/TextMesh Pro/Examples & Extras/Resources/Sprite Assets/Default Sprite Asset.asset using Guid(fbef3c704dce48f08a44612d6c856c8d) Importer(2089858483,192608db42251d675da83286b1cce702) (ScriptedImporter) -> (artifact id: 'ba172ef6b8812aa7ea5f361c695c0bdf') in 0.0686447 seconds
Number of updated asset objects reloaded before import = 0Number of asset objects unloaded after import = 3

========================================================================
Received Import Request.
  Time since last request: 0.000071 seconds.
  path: Assets/Tilemap/Tilesets/Tileset Tutorial/BRICKSBOTRIGHT.png
  artifactKey: Guid(ff6ec747101a3524386515f0ae4629f3) Importer(2089858483,192608db42251d675da83286b1cce702)
Start importing Assets/Tilemap/Tilesets/Tileset Tutorial/BRICKSBOTRIGHT.png using Guid(ff6ec747101a3524386515f0ae4629f3) Importer(2089858483,192608db42251d675da83286b1cce702) (ScriptedImporter) -> (artifact id: 'bc6fb738272ffcf926dc93f5ac198a04') in 0.062852 seconds
Number of updated asset objects reloaded before import = 0Number of asset objects unloaded after import = 3

========================================================================
Received Import Request.
  Time since last request: 0.000034 seconds.
  path: Assets/TextMesh Pro/Examples & Extras/Scripts/TMP_TextSelector_B.cs
  artifactKey: Guid(a05dcd8be7ec4ccbb35c26219884aa37) Importer(2089858483,192608db42251d675da83286b1cce702)
Start importing Assets/TextMesh Pro/Examples & Extras/Scripts/TMP_TextSelector_B.cs using Guid(a05dcd8be7ec4ccbb35c26219884aa37) Importer(2089858483,192608db42251d675da83286b1cce702) (ScriptedImporter) -> (artifact id: '93cb1675ffc2888ea5dc1a25fdb59044') in 0.0433736 seconds
Number of updated asset objects reloaded before import = 0Number of asset objects unloaded after import = 0

========================================================================
Received Import Request.
  Time since last request: 0.000103 seconds.
  path: Assets/Scripts/Player/TESTE.cs
  artifactKey: Guid(03349aed6cf0276468c4e048233be664) Importer(2089858483,192608db42251d675da83286b1cce702)
Start importing Assets/Scripts/Player/TESTE.cs using Guid(03349aed6cf0276468c4e048233be664) Importer(2089858483,192608db42251d675da83286b1cce702) (ScriptedImporter) -> (artifact id: '38474d11336cd1b590b1fa96e979c852') in 0.0880871 seconds
Number of updated asset objects reloaded before import = 0Number of asset objects unloaded after import = 0

========================================================================
Received Import Request.
  Time since last request: 0.000062 seconds.
  path: Assets/Sprites/Objects/Plataform/Elevator.png
  artifactKey: Guid(474f77f32bec8a6489b9d9c45b6e79fc) Importer(2089858483,192608db42251d675da83286b1cce702)
Start importing Assets/Sprites/Objects/Plataform/Elevator.png using Guid(474f77f32bec8a6489b9d9c45b6e79fc) Importer(2089858483,192608db42251d675da83286b1cce702) (ScriptedImporter) -> (artifact id: '299efc7364f3f71e7853725ff40e2637') in 0.0750197 seconds
Number of updated asset objects reloaded before import = 0Number of asset objects unloaded after import = 3

========================================================================
Received Import Request.
  Time since last request: 0.000050 seconds.
  path: Assets/Tilemap/Tilesets/Tileset Fase 1/Tileset_ground_79 1.asset
  artifactKey: Guid(4c9abadbb16b4e94796daec691825b0a) Importer(2089858483,192608db42251d675da83286b1cce702)
Start importing Assets/Tilemap/Tilesets/Tileset Fase 1/Tileset_ground_79 1.asset using Guid(4c9abadbb16b4e94796daec691825b0a) Importer(2089858483,192608db42251d675da83286b1cce702) (ScriptedImporter) -> (artifact id: '3faab929177593b640def5ecaa2142ad') in 0.0440104 seconds
Number of updated asset objects reloaded before import = 0Number of asset objects unloaded after import = 2

========================================================================
Received Import Request.
  Time since last request: 0.000036 seconds.
  path: Assets/Tilemap/Tilesets/Tileset Tutorial/BRICKSTOPRIGHT.png
  artifactKey: Guid(07352d5b69a7770418b4d4e891957975) Importer(2089858483,192608db42251d675da83286b1cce702)
Start importing Assets/Tilemap/Tilesets/Tileset Tutorial/BRICKSTOPRIGHT.png using Guid(07352d5b69a7770418b4d4e891957975) Importer(2089858483,192608db42251d675da83286b1cce702) (ScriptedImporter) -> (artifact id: 'd68efdd456d0e97417f19508b5eb7516') in 0.0641385 seconds
Number of updated asset objects reloaded before import = 0Number of asset objects unloaded after import = 3

========================================================================
Received Import Request.
  Time since last request: 0.000064 seconds.
  path: Assets/Sprites/Objects/Boss 1/spitting.PNG
  artifactKey: Guid(c39a9cd3aa0fc884684aad652f8a6765) Importer(2089858483,192608db42251d675da83286b1cce702)
Start importing Assets/Sprites/Objects/Boss 1/spitting.PNG using Guid(c39a9cd3aa0fc884684aad652f8a6765) Importer(2089858483,192608db42251d675da83286b1cce702) (ScriptedImporter) -> (artifact id: '1fa4479ef1922e4e91aa4fc47b6ccf7c') in 0.0970046 seconds
Number of updated asset objects reloaded before import = 0Number of asset objects unloaded after import = 8

========================================================================
Received Import Request.
  Time since last request: 0.000070 seconds.
  path: Assets/Tilemap/Tilesets/Tileset Fase 2/07 (2).jpg
  artifactKey: Guid(56de88c3d702a6448a34c6dc694130ee) Importer(2089858483,192608db42251d675da83286b1cce702)
Start importing Assets/Tilemap/Tilesets/Tileset Fase 2/07 (2).jpg using Guid(56de88c3d702a6448a34c6dc694130ee) Importer(2089858483,192608db42251d675da83286b1cce702) (ScriptedImporter) -> (artifact id: 'edbc3d02e79444ec361f319c76ba73b0') in 0.0739488 seconds
Number of updated asset objects reloaded before import = 0Number of asset objects unloaded after import = 3

========================================================================
Received Import Request.
  Time since last request: 0.000030 seconds.
  path: Assets/TextMesh Pro/Examples & Extras/Resources/Fonts & Materials/Bangers SDF Glow.mat
  artifactKey: Guid(d75b8f41e959450c84ac6e967084d3e1) Importer(2089858483,192608db42251d675da83286b1cce702)
Start importing Assets/TextMesh Pro/Examples & Extras/Resources/Fonts & Materials/Bangers SDF Glow.mat using Guid(d75b8f41e959450c84ac6e967084d3e1) Importer(2089858483,192608db42251d675da83286b1cce702) (ScriptedImporter) -> (artifact id: '5da8d0f3b37b6b44f7705079d0575bc5') in 0.0606859 seconds
Number of updated asset objects reloaded before import = 0Number of asset objects unloaded after import = 3

========================================================================
Received Import Request.
  Time since last request: 0.000049 seconds.
  path: Assets/TextMesh Pro/Examples & Extras/Scripts/Benchmark02.cs
  artifactKey: Guid(e8538afcddc14efbb5d9e94b7ae50197) Importer(2089858483,192608db42251d675da83286b1cce702)
Start importing Assets/TextMesh Pro/Examples & Extras/Scripts/Benchmark02.cs using Guid(e8538afcddc14efbb5d9e94b7ae50197) Importer(2089858483,192608db42251d675da83286b1cce702) (ScriptedImporter) -> (artifact id: '07228da106b022c0228d5f22c3693e33') in 0.034877 seconds
Number of updated asset objects reloaded before import = 0Number of asset objects unloaded after import = 0

========================================================================
Received Import Request.
  Time since last request: 0.000035 seconds.
  path: Assets/Tilemap/Tilesets/Tileset Fase 1/Tileset_ground_15 1.asset
  artifactKey: Guid(2ec64c3c27cf0304c963481e0df754c7) Importer(2089858483,192608db42251d675da83286b1cce702)
Start importing Assets/Tilemap/Tilesets/Tileset Fase 1/Tileset_ground_15 1.asset using Guid(2ec64c3c27cf0304c963481e0df754c7) Importer(2089858483,192608db42251d675da83286b1cce702) (ScriptedImporter) -> (artifact id: 'c2f052b8d6a307038a147d1bbfb62bc0') in 0.0459661 seconds
Number of updated asset objects reloaded before import = 0Number of asset objects unloaded after import = 2

========================================================================
Received Import Request.
  Time since last request: 0.000038 seconds.
  path: Assets/Tilemap/Tilesets/Tileset Fase 1/Tileset_ground_46.asset
  artifactKey: Guid(449dd607616e366409314277904a8836) Importer(2089858483,192608db42251d675da83286b1cce702)
Start importing Assets/Tilemap/Tilesets/Tileset Fase 1/Tileset_ground_46.asset using Guid(449dd607616e366409314277904a8836) Importer(2089858483,192608db42251d675da83286b1cce702) (ScriptedImporter) -> (artifact id: '938c3605988c6fc9e5a35d59514bc2dc') in 0.0344622 seconds
Number of updated asset objects reloaded before import = 0Number of asset objects unloaded after import = 2

========================================================================
Received Import Request.
  Time since last request: 0.000068 seconds.
  path: Assets/Tilemap/Tilesets/Tileset Fase 2/0001.png
  artifactKey: Guid(6efeb8edd4fcfde4a88efc1fb42be842) Importer(2089858483,192608db42251d675da83286b1cce702)
Start importing Assets/Tilemap/Tilesets/Tileset Fase 2/0001.png using Guid(6efeb8edd4fcfde4a88efc1fb42be842) Importer(2089858483,192608db42251d675da83286b1cce702) (ScriptedImporter) -> (artifact id: '0ef277921506da6c8bed00fcd49d429f') in 0.0496752 seconds
Number of updated asset objects reloaded before import = 0Number of asset objects unloaded after import = 3

========================================================================
Received Import Request.
  Time since last request: 0.000034 seconds.
  path: Assets/Tilemap/Tilesets/Tileset Fase 1/08_0.asset
  artifactKey: Guid(198f22e863caa3d478aa7bd0e692498b) Importer(2089858483,192608db42251d675da83286b1cce702)
Start importing Assets/Tilemap/Tilesets/Tileset Fase 1/08_0.asset using Guid(198f22e863caa3d478aa7bd0e692498b) Importer(2089858483,192608db42251d675da83286b1cce702) (ScriptedImporter) -> (artifact id: 'ca557b4383a426ee5d1b35259b5091de') in 0.0380474 seconds
Number of updated asset objects reloaded before import = 0Number of asset objects unloaded after import = 2

========================================================================
Received Import Request.
  Time since last request: 0.000055 seconds.
  path: Assets/UI/Dialogue/DialogueBox.png
  artifactKey: Guid(0c320997d7cf4594c809fd452c66d2c2) Importer(2089858483,192608db42251d675da83286b1cce702)
Start importing Assets/UI/Dialogue/DialogueBox.png using Guid(0c320997d7cf4594c809fd452c66d2c2) Importer(2089858483,192608db42251d675da83286b1cce702) (ScriptedImporter) -> (artifact id: '315327d93213f4b02c6d69aaf92f6add') in 0.0622592 seconds
Number of updated asset objects reloaded before import = 0Number of asset objects unloaded after import = 3

========================================================================
Received Import Request.
  Time since last request: 0.000041 seconds.
  path: Assets/Tilemap/Tilesets/Tileset Fase 1/Terrain-01_14.asset
  artifactKey: Guid(0b50fbb431aacef4cb025b2fbf9625bd) Importer(2089858483,192608db42251d675da83286b1cce702)
Start importing Assets/Tilemap/Tilesets/Tileset Fase 1/Terrain-01_14.asset using Guid(0b50fbb431aacef4cb025b2fbf9625bd) Importer(2089858483,192608db42251d675da83286b1cce702) (ScriptedImporter) -> (artifact id: 'd2ec137f482e3cca988efb0068effa8f') in 0.0322928 seconds
Number of updated asset objects reloaded before import = 0Number of asset objects unloaded after import = 1

========================================================================
Received Import Request.
  Time since last request: 0.000054 seconds.
  path: Assets/TextMesh Pro/Sprites/EmojiOne Attribution.txt
  artifactKey: Guid(381dcb09d5029d14897e55f98031fca5) Importer(2089858483,192608db42251d675da83286b1cce702)
Start importing Assets/TextMesh Pro/Sprites/EmojiOne Attribution.txt using Guid(381dcb09d5029d14897e55f98031fca5) Importer(2089858483,192608db42251d675da83286b1cce702) (ScriptedImporter) -> (artifact id: '3755e834cf3f72fdb0063fcbb41c3f4e') in 0.0360146 seconds
Number of updated asset objects reloaded before import = 0Number of asset objects unloaded after import = 1

========================================================================
Received Import Request.
  Time since last request: 0.000142 seconds.
  path: Assets/Sprites/Habilities/Hability 3 & 4/Signals.png
  artifactKey: Guid(498bf73bea62c604b9ae75a2ef5f6432) Importer(2089858483,192608db42251d675da83286b1cce702)
Start importing Assets/Sprites/Habilities/Hability 3 & 4/Signals.png using Guid(498bf73bea62c604b9ae75a2ef5f6432) Importer(2089858483,192608db42251d675da83286b1cce702) (ScriptedImporter) -> (artifact id: '6e3a3db05f9686f2a5a4a1e6e4ae50ac') in 0.1431234 seconds
Number of updated asset objects reloaded before import = 0Number of asset objects unloaded after import = 22

========================================================================
Received Import Request.
  Time since last request: 0.000069 seconds.
  path: Assets/TextMesh Pro/Fonts/LiberationSans.ttf
  artifactKey: Guid(e3265ab4bf004d28a9537516768c1c75) Importer(2089858483,192608db42251d675da83286b1cce702)
Start importing Assets/TextMesh Pro/Fonts/LiberationSans.ttf using Guid(e3265ab4bf004d28a9537516768c1c75) Importer(2089858483,192608db42251d675da83286b1cce702) (ScriptedImporter) -> (artifact id: 'de19e6cb2615bcefd02d5b604a246c55') in 0.0384862 seconds
Number of updated asset objects reloaded before import = 0Number of asset objects unloaded after import = 3

========================================================================
Received Import Request.
  Time since last request: 0.000028 seconds.
  path: Assets/Scripts/UI Scripts/Habilities/Hability2Use.cs
  artifactKey: Guid(7809c5b11cdba2741a53de9850526b02) Importer(2089858483,192608db42251d675da83286b1cce702)
Start importing Assets/Scripts/UI Scripts/Habilities/Hability2Use.cs using Guid(7809c5b11cdba2741a53de9850526b02) Importer(2089858483,192608db42251d675da83286b1cce702) (ScriptedImporter) -> (artifact id: 'ad030cf8cb3e9fb7e05677d975e1f365') in 0.0399043 seconds
Number of updated asset objects reloaded before import = 0Number of asset objects unloaded after import = 0

========================================================================
Received Prepare
Assembly reference Packages/com.unity.cinemachine/Editor/Samples/ExposeHDRPInternals/HDRP-Editor-ref.asmref has no target assembly definition
Assembly reference Packages/com.unity.cinemachine/Editor/Samples/ExposeHDRPInternals/HDRP-Editor-ref.asmref has no target assembly definition
Begin MonoManager ReloadAssembly
DirectoryNotFoundException: Could not find a part of the path "C:\Users\joser\OneDrive\Área de Trabalho\PROJETO\mermas-digitais-o-jogo-dev  -[2025_08_28]\mermas-digitais-o-jogo-dev\Mermãs Digitais O Jogo\Library\PackageCache\com.unity.visualscripting\Editor\VisualScripting.Core\Dependencies\YamlDotNet\Unity.VisualScripting.YamlDotNet.dll"
  at System.IO.FileStream..ctor (System.String path, System.IO.FileMode mode, System.IO.FileAccess access, System.IO.FileShare share, System.Int32 bufferSize, System.Boolean anonymous, System.IO.FileOptions options) [0x0019e] in <ed969b0e627d471da4848289f9c322df>:0 
  at System.IO.FileStream..ctor (System.String path, System.IO.FileMode mode, System.IO.FileAccess access, System.IO.FileShare share) [0x00000] in <ed969b0e627d471da4848289f9c322df>:0 
  at (wrapper remoting-invoke-with-check) System.IO.FileStream..ctor(string,System.IO.FileMode,System.IO.FileAccess,System.IO.FileShare)
  at Mono.Cecil.ModuleDefinition.GetFileStream (System.String fileName, System.IO.FileMode mode, System.IO.FileAccess access, System.IO.FileShare share) [0x00006] in <a6860a9f6366437387ebdc1f225b7fd4>:0 
  at Mono.Cecil.ModuleDefinition.ReadModule (System.String fileName, Mono.Cecil.ReaderParameters parameters) [0x00008] in <a6860a9f6366437387ebdc1f225b7fd4>:0 
  at Mono.Cecil.AssemblyDefinition.ReadAssembly (System.String fileName, Mono.Cecil.ReaderParameters parameters) [0x00000] in <a6860a9f6366437387ebdc1f225b7fd4>:0 
  at UnityEditor.AssemblyValidation.LoadAssemblyDefinitions (System.String[] assemblyPaths, System.String[] searchPaths) [0x00048] in <20f98a04ac634cc8bf5f95425bb19bb9>:0 
  at UnityEditor.AssemblyValidation.ValidateAssemblies (System.String[] assemblyPaths, System.Boolean enableLogging) [0x00007] in <20f98a04ac634cc8bf5f95425bb19bb9>:0 

- Loaded All Assemblies, in  1.982 seconds
Assembly reference Packages/com.unity.cinemachine/Editor/Samples/ExposeHDRPInternals/HDRP-Editor-ref.asmref has no target assembly definition
'Packages/com.unity.cinemachine/Editor/Obsolete/CinemachineVirtualCameraBaseEditor.cs' contains partial class of Unity.Object, exactly 1 of the partial classes needs to be in a file with the same filename. This is to know the one that can be referenced from ie. GameObjects
'Packages/com.unity.cinemachine/Editor/Editors/CinemachineVirtualCameraBaseEditor.cs' contains partial class of Unity.Object, exactly 1 of the partial classes needs to be in a file with the same filename. This is to know the one that can be referenced from ie. GameObjects
Refreshing native plugins compatible for Editor in 6.07 ms, found 4 plugins.
Native extension for WindowsStandalone target not found
Assembly reference Packages/com.unity.cinemachine/Editor/Samples/ExposeHDRPInternals/HDRP-Editor-ref.asmref has no target assembly definition
[Package Manager] Failed to launch server process. Reason: Unity was launched with the -noUpm command-line argument
[Package Manager] Unable to send message (not connected to server process).
[Package Manager] Cannot connect to Unity Package Manager local server
Mono: successfully reloaded assembly
- Finished resetting the current domain, in  2.301 seconds
Domain Reload Profiling: 4275ms
	BeginReloadAssembly (685ms)
		ExecutionOrderSort (0ms)
		DisableScriptedObjects (45ms)
		BackupInstance (0ms)
		ReleaseScriptingObjects (1ms)
		CreateAndSetChildDomain (276ms)
	RebuildCommonClasses (91ms)
	RebuildNativeTypeToScriptingClass (25ms)
	initialDomainReloadingComplete (71ms)
	LoadAllAssembliesAndSetupDomain (1101ms)
		LoadAssemblies (672ms)
		RebuildTransferFunctionScriptingTraits (0ms)
		AnalyzeDomain (685ms)
			TypeCache.Refresh (16ms)
				TypeCache.ScanAssembly (0ms)
			BuildScriptInfoCaches (632ms)
			ResolveRequiredComponents (27ms)
	FinalizeReload (2302ms)
		ReleaseScriptCaches (0ms)
		RebuildScriptCaches (0ms)
		SetupLoadedEditorAssemblies (1776ms)
			LogAssemblyErrors (0ms)
			InitializePlatformSupportModulesInManaged (5ms)
			SetLoadedEditorAssemblies (14ms)
			BeforeProcessingInitializeOnLoad (241ms)
			ProcessInitializeOnLoadAttributes (1318ms)
			ProcessInitializeOnLoadMethodAttributes (162ms)
			AfterProcessingInitializeOnLoad (34ms)
			EditorAssembliesLoaded (1ms)
		ExecutionOrderSort2 (0ms)
		AwakeInstancesAfterBackupRestoration (35ms)
Refreshing native plugins compatible for Editor in 6.24 ms, found 4 plugins.
Preloading 0 native plugins for Editor in 0.00 ms.
Unloading 19 Unused Serialized files (Serialized files now loaded: 0)
Unloading 7036 unused Assets / (4.8 MB). Loaded Objects now: 7732.
Memory consumption went from 147.0 MB to 142.2 MB.
Total: 25.336900 ms (FindLiveObjects: 2.668800 ms CreateObjectMapping: 1.482600 ms MarkObjects: 13.554500 ms  DeleteObjects: 7.626800 ms)

Prepare: number of updated asset objects reloaded= 0
Editor requested this worker to shutdown with reason: Scaling down because of idle timeout
AssetImportWorkerClient::OnTransportError - code=2 error=End of file
AssetImportWorker is now disconnected from the server
Process exiting
Exiting without the bug reporter. Application will terminate with return code 0